subject,seed,solution_id,coupling,cohesion,imbalance,pymoo_f0_coupling,pymoo_f1_negative_cohesion,pymoo_f2_imbalance,feasible,is_injected_seed,injected_seed_name,injected_seed_category,label_vector,weighted_modularity,cluster_count,max_cluster_ratio,singleton_ratio,cluster_size_cv
daytrader,26,seed26_solution000,0.17435424354243542,2.696164021164021,1.5868137660381847,0.17435424354243542,-2.696164021164021,1.5868137660381847,True,False,,,"[0, 0, 0, 0, 1, 0, 0, 0, 2, 0, 3, 4, 5, 0, 0, 0, 0, 0, 6, 7, 1, 1, 0, 8, 8, 0, 9, 10, 0, 0, 0, 0, 11, 7, 12, 6, 7, 7, 7, 7, 7, 7, 5, 13, 0, 14, 14, 15, 16, 16, 16, 0, 17]",0.10055903718631282,18,0.39622641509433965,0.18867924528301888,1.5868137660381847
daytrader,26,seed26_solution001,0.17435424354243542,2.696164021164021,1.5868137660381847,0.17435424354243542,-2.696164021164021,1.5868137660381847,True,False,,,"[0, 0, 0, 0, 1, 0, 0, 0, 2, 0, 3, 4, 5, 0, 0, 0, 0, 0, 6, 7, 1, 1, 0, 8, 8, 0, 9, 10, 0, 0, 0, 0, 11, 7, 12, 12, 7, 7, 7, 7, 7, 7, 5, 13, 0, 14, 14, 15, 16, 16, 16, 0, 17]",0.10056329230266471,18,0.39622641509433965,0.18867924528301888,1.5868137660381847
daytrader,26,seed26_solution002,0.1752767527675277,3.696164021164021,1.5827703495302412,0.1752767527675277,-3.696164021164021,1.5827703495302412,True,False,,,"[0, 0, 0, 0, 1, 0, 0, 0, 2, 0, 1, 3, 4, 0, 0, 0, 0, 0, 5, 6, 7, 7, 0, 8, 8, 0, 9, 10, 0, 0, 0, 0, 11, 6, 12, 12, 6, 6, 6, 6, 6, 6, 4, 13, 0, 14, 14, 15, 16, 16, 16, 0, 17]",0.09971822619517706,18,0.39622641509433965,0.16981132075471697,1.5827703495302412
daytrader,26,seed26_solution003,0.1831180811808118,1.7371148459383752,1.531908160768637,0.1831180811808118,-1.7371148459383752,1.531908160768637,True,False,,,"[0, 0, 0, 0, 1, 0, 0, 0, 2, 0, 3, 4, 5, 0, 0, 0, 0, 0, 6, 7, 1, 1, 0, 5, 8, 0, 9, 10, 0, 0, 0, 0, 11, 7, 12, 6, 7, 7, 7, 7, 7, 7, 5, 13, 0, 14, 14, 8, 15, 15, 15, 0, 16]",0.09202199724949278,17,0.39622641509433965,0.16981132075471697,1.531908160768637
daytrader,26,seed26_solution004,0.1831180811808118,1.7371148459383752,1.531908160768637,0.1831180811808118,-1.7371148459383752,1.531908160768637,True,False,,,"[0, 0, 0, 0, 1, 0, 0, 0, 2, 0, 3, 4, 5, 0, 0, 0, 0, 0, 6, 7, 1, 1, 0, 8, 6, 0, 5, 9, 0, 0, 0, 0, 10, 7, 11, 6, 7, 7, 7, 7, 7, 7, 8, 12, 0, 13, 13, 14, 15, 15, 15, 0, 16]",0.0919528516087744,17,0.39622641509433965,0.16981132075471697,1.531908160768637
daytrader,26,seed26_solution005,0.18542435424354242,2.8092261904761906,1.450623170492485,0.18542435424354242,-2.8092261904761906,1.450623170492485,True,False,,,"[0, 0, 0, 0, 1, 0, 0, 0, 2, 0, 3, 4, 5, 0, 0, 0, 0, 0, 5, 6, 1, 1, 0, 7, 7, 0, 8, 9, 0, 0, 0, 0, 10, 11, 10, 9, 6, 6, 6, 6, 6, 6, 5, 12, 0, 11, 11, 13, 14, 14, 14, 0, 15]",0.09016229864789424,16,0.39622641509433965,0.1320754716981132,1.450623170492485
daytrader,26,seed26_solution006,0.19095940959409594,3.732142857142857,1.5038812963010701,0.19095940959409594,-3.732142857142857,1.5038812963010701,True,False,,,"[0, 0, 0, 0, 1, 0, 0, 0, 2, 0, 1, 3, 4, 0, 0, 0, 0, 0, 5, 6, 7, 7, 0, 8, 8, 0, 9, 10, 0, 0, 11, 0, 12, 6, 13, 13, 6, 6, 6, 6, 6, 6, 4, 11, 0, 14, 14, 15, 16, 16, 16, 0, 17]",0.09705260855652836,18,0.37735849056603776,0.1509433962264151,1.5038812963010701
daytrader,26,seed26_solution007,0.19234317343173432,2.558333333333333,1.4427486523664834,0.19234317343173432,-2.558333333333333,1.4427486523664834,True,False,,,"[0, 0, 0, 0, 1, 0, 0, 0, 2, 0, 3, 4, 5, 0, 0, 0, 0, 0, 4, 6, 1, 1, 0, 7, 7, 0, 8, 9, 0, 0, 0, 0, 10, 5, 11, 11, 6, 6, 6, 6, 6, 6, 8, 0, 0, 9, 9, 12, 13, 13, 10, 14, 15]",0.08867662477362787,16,0.39622641509433965,0.09433962264150944,1.4427486523664834
daytrader,26,seed26_solution008,0.1937269372693727,3.6579365079365083,1.1781504351508802,0.1937269372693727,-3.6579365079365083,1.1781504351508802,True,False,,,"[0, 0, 0, 0, 1, 0, 0, 0, 2, 0, 3, 4, 4, 0, 0, 0, 0, 0, 5, 6, 6, 6, 0, 7, 7, 0, 8, 0, 1, 0, 1, 0, 5, 6, 8, 1, 6, 9, 9, 6, 9, 4, 3, 0, 0, 10, 10, 3, 11, 11, 11, 0, 6]",0.08712967722389409,12,0.39622641509433965,0.018867924528301886,1.1781504351508802
daytrader,26,seed26_solution009,0.22647601476014761,2.589522417153996,1.1672217228846444,0.22647601476014761,-2.589522417153996,1.1672217228846444,True,False,,,"[0, 0, 0, 0, 1, 0, 0, 2, 2, 0, 3, 3, 3, 0, 0, 0, 0, 0, 4, 4, 4, 4, 0, 5, 5, 0, 6, 0, 1, 0, 1, 0, 7, 6, 6, 1, 4, 7, 7, 4, 7, 3, 4, 0, 0, 8, 9, 10, 10, 4, 11, 0, 4]",0.07622402676978808,12,0.37735849056603776,0.05660377358490566,1.1672217228846444
daytrader,26,seed26_solution010,0.22739852398523985,2.5090909090909093,1.0940142652320166,0.22739852398523985,-2.5090909090909093,1.0940142652320166,True,False,,,"[0, 0, 0, 0, 1, 0, 0, 0, 2, 0, 2, 3, 3, 0, 0, 0, 0, 0, 2, 4, 1, 4, 0, 5, 5, 0, 1, 0, 1, 0, 1, 0, 6, 7, 7, 1, 3, 6, 5, 4, 6, 3, 8, 0, 0, 9, 9, 8, 10, 2, 10, 0, 3]",0.05445591529254783,11,0.39622641509433965,0.0,1.0940142652320166
daytrader,26,seed26_solution011,0.23154981549815498,3.2871428571428574,1.0438925429149473,0.23154981549815498,-3.2871428571428574,1.0438925429149473,True,False,,,"[0, 0, 0, 0, 1, 0, 0, 2, 2, 0, 3, 4, 3, 0, 0, 0, 0, 0, 4, 5, 5, 5, 0, 6, 6, 0, 7, 0, 1, 0, 1, 0, 4, 7, 7, 3, 5, 7, 4, 5, 4, 3, 5, 0, 0, 8, 8, 9, 9, 5, 0, 0, 5]",0.06682298545771445,10,0.39622641509433965,0.0,1.0438925429149473
daytrader,26,seed26_solution012,0.23431734317343172,1.4122448979591835,0.819832489901903,0.23431734317343172,-1.4122448979591835,0.819832489901903,True,False,,,"[0, 0, 0, 0, 1, 0, 0, 2, 0, 0, 3, 3, 3, 0, 0, 0, 0, 0, 3, 2, 4, 5, 0, 2, 2, 0, 6, 0, 2, 0, 1, 0, 3, 1, 6, 2, 1, 6, 6, 3, 3, 6, 6, 0, 0, 2, 0, 3, 6, 2, 5, 3, 6]",0.07235527498263926,7,0.39622641509433965,0.018867924528301886,0.819832489901903
daytrader,26,seed26_solution013,0.24031365313653136,1.5562343358395991,0.8569860339000577,0.24031365313653136,-1.5562343358395991,0.8569860339000577,True,False,,,"[0, 0, 0, 0, 1, 0, 0, 2, 0, 0, 3, 1, 3, 0, 0, 0, 0, 0, 3, 2, 1, 1, 0, 2, 2, 0, 1, 0, 2, 0, 1, 0, 4, 1, 5, 2, 1, 5, 5, 6, 6, 5, 5, 7, 0, 2, 0, 3, 7, 2, 6, 3, 1]",0.0825753198145451,8,0.37735849056603776,0.018867924528301886,0.8569860339000577
daytrader,26,seed26_solution014,0.24861623616236161,4.194871794871795,1.2743882860957194,0.24861623616236161,-4.194871794871795,1.2743882860957194,True,False,,,"[0, 0, 0, 0, 1, 0, 0, 1, 0, 0, 1, 2, 3, 0, 0, 0, 0, 0, 4, 2, 3, 1, 0, 5, 5, 0, 6, 0, 1, 0, 0, 0, 3, 1, 4, 4, 7, 8, 8, 4, 3, 4, 0, 2, 0, 9, 9, 10, 11, 3, 11, 3, 12]",0.06863375022126615,13,0.39622641509433965,0.07547169811320754,1.2743882860957194
daytrader,26,seed26_solution015,0.25415129151291516,4.251012145748988,1.2224900907867975,0.25415129151291516,-4.251012145748988,1.2224900907867975,True,False,,,"[0, 0, 0, 0, 1, 0, 0, 1, 0, 0, 1, 2, 3, 0, 0, 0, 0, 0, 4, 2, 3, 1, 0, 5, 5, 0, 6, 1, 1, 0, 0, 0, 3, 1, 4, 4, 7, 8, 8, 4, 3, 4, 0, 2, 0, 9, 9, 10, 11, 3, 11, 3, 12]",0.0674363604798411,13,0.37735849056603776,0.07547169811320754,1.2224900907867975
daytrader,26,seed26_solution016,0.2624538745387454,1.5250029836496002,0.7825072208802912,0.2624538745387454,-1.5250029836496002,0.7825072208802912,True,False,,,"[0, 0, 0, 0, 1, 0, 0, 2, 0, 0, 3, 3, 3, 0, 0, 0, 0, 0, 3, 2, 4, 5, 0, 2, 2, 0, 6, 0, 2, 2, 1, 0, 3, 1, 6, 2, 1, 6, 6, 3, 3, 6, 6, 0, 0, 2, 0, 3, 6, 2, 5, 3, 6]",0.08580729343963192,7,0.37735849056603776,0.018867924528301886,0.7825072208802912
daytrader,26,seed26_solution017,0.26337638376383765,3.4258373205741623,1.064993644654346,0.26337638376383765,-3.4258373205741623,1.064993644654346,True,False,,,"[0, 0, 0, 0, 1, 0, 0, 2, 3, 0, 4, 5, 5, 0, 0, 0, 0, 0, 5, 4, 6, 6, 0, 7, 7, 0, 8, 0, 1, 6, 1, 0, 5, 8, 5, 4, 0, 8, 8, 8, 5, 5, 6, 0, 0, 9, 9, 10, 10, 6, 0, 3, 8]",0.08656576792935829,11,0.37735849056603776,0.018867924528301886,1.064993644654346
daytrader,26,seed26_solution018,0.2693726937269373,2.1892610313662946,1.0005338553632341,0.2693726937269373,-2.1892610313662946,1.0005338553632341,True,False,,,"[0, 0, 0, 0, 1, 0, 0, 1, 2, 0, 3, 4, 4, 0, 0, 0, 0, 0, 4, 5, 3, 1, 0, 6, 6, 0, 5, 0, 1, 0, 0, 0, 3, 1, 7, 1, 6, 7, 8, 4, 3, 4, 3, 2, 0, 9, 9, 9, 10, 3, 10, 3, 5]",0.05845242694816248,11,0.3584905660377358,0.018867924528301886,1.0005338553632341
daytrader,26,seed26_solution019,0.27490774907749077,4.087337499102206,1.0819072593835057,0.27490774907749077,-4.087337499102206,1.0819072593835057,True,False,,,"[0, 0, 0, 0, 1, 0, 2, 2, 0, 0, 3, 4, 2, 0, 0, 3, 0, 0, 2, 5, 1, 1, 0, 6, 6, 0, 3, 7, 2, 0, 0, 0, 7, 5, 8, 3, 5, 3, 5, 5, 5, 5, 9, 0, 4, 10, 10, 11, 12, 2, 12, 0, 9]",0.09981577473754448,13,0.33962264150943394,0.03773584905660377,1.0819072593835057
daytrader,26,seed26_solution020,0.28551660516605165,2.8127087872185914,0.818093712780332,0.28551660516605165,-2.8127087872185914,0.818093712780332,True,False,,,"[0, 1, 0, 1, 1, 0, 0, 2, 3, 0, 3, 4, 4, 0, 0, 0, 0, 0, 5, 3, 1, 1, 0, 6, 6, 0, 7, 0, 1, 0, 3, 0, 4, 7, 3, 3, 0, 7, 7, 0, 5, 5, 5, 5, 0, 8, 8, 3, 6, 3, 4, 3, 7]",0.0581765890306505,9,0.33962264150943394,0.018867924528301886,0.818093712780332
daytrader,26,seed26_solution021,0.29612546125461253,4.280701754385965,1.1523344516681113,0.29612546125461253,-4.280701754385965,1.1523344516681113,True,False,,,"[0, 0, 0, 0, 1, 0, 0, 1, 0, 0, 1, 2, 3, 0, 0, 0, 0, 0, 4, 2, 3, 1, 0, 5, 5, 0, 6, 1, 1, 6, 0, 0, 3, 1, 4, 4, 7, 8, 8, 4, 3, 4, 0, 2, 0, 9, 9, 10, 11, 3, 11, 3, 12]",0.06971518804210196,13,0.3584905660377358,0.05660377358490566,1.1523344516681113
daytrader,26,seed26_solution022,0.29612546125461253,3.394871794871795,0.9399938646853698,0.29612546125461253,-3.394871794871795,0.9399938646853698,True,False,,,"[0, 1, 0, 2, 2, 0, 0, 3, 4, 0, 2, 5, 5, 0, 0, 0, 0, 0, 6, 7, 8, 8, 0, 3, 7, 0, 9, 2, 1, 1, 2, 0, 5, 8, 10, 3, 7, 11, 7, 12, 7, 11, 4, 0, 0, 3, 12, 12, 7, 2, 5, 0, 3]",0.09967663243283728,13,0.3018867924528302,0.05660377358490566,0.9399938646853698
daytrader,26,seed26_solution023,0.3044280442804428,3.6448366013071896,0.9011285989629851,0.3044280442804428,-3.6448366013071896,0.9011285989629851,True,False,,,"[0, 1, 0, 0, 1, 0, 2, 2, 2, 0, 3, 4, 3, 0, 0, 0, 0, 0, 5, 2, 1, 5, 0, 6, 6, 0, 3, 0, 1, 0, 1, 0, 3, 7, 2, 2, 0, 7, 7, 5, 5, 3, 7, 0, 0, 8, 8, 9, 2, 2, 4, 2, 5]",0.061039644068027456,10,0.33962264150943394,0.018867924528301886,0.9011285989629851
daytrader,26,seed26_solution024,0.3058118081180812,2.838951545530493,0.8402054369136724,0.3058118081180812,-2.838951545530493,0.8402054369136724,True,False,,,"[0, 0, 1, 0, 1, 0, 0, 1, 0, 0, 0, 2, 3, 1, 0, 2, 0, 0, 3, 1, 1, 1, 0, 4, 3, 0, 5, 1, 3, 0, 0, 0, 2, 2, 3, 2, 1, 3, 2, 2, 4, 2, 0, 0, 0, 6, 6, 1, 7, 4, 7, 3, 4]",0.08265159277515284,8,0.3584905660377358,0.018867924528301886,0.8402054369136724
daytrader,26,seed26_solution025,0.3095018450184502,7.035087719298246,1.1862808988391056,0.3095018450184502,-7.035087719298246,1.1862808988391056,True,False,,,"[0, 0, 0, 0, 1, 0, 0, 2, 0, 0, 3, 4, 3, 0, 0, 0, 0, 0, 5, 6, 1, 1, 0, 7, 1, 8, 1, 9, 1, 0, 0, 0, 10, 6, 6, 11, 6, 7, 7, 6, 7, 3, 4, 0, 8, 12, 12, 3, 5, 4, 11, 0, 13]",0.11612138059803118,14,0.3584905660377358,0.07547169811320754,1.1862808988391056
daytrader,26,seed26_solution026,0.32011070110701106,5.467634326457856,0.9807691636503416,0.32011070110701106,-5.467634326457856,0.9807691636503416,True,False,,,"[0, 0, 0, 0, 1, 0, 0, 2, 0, 0, 3, 4, 3, 0, 0, 0, 0, 0, 4, 5, 1, 1, 0, 2, 1, 6, 1, 4, 1, 0, 1, 0, 7, 5, 5, 8, 5, 9, 9, 4, 3, 3, 4, 0, 6, 1, 10, 3, 6, 4, 8, 0, 4]",0.11659869827480573,11,0.33962264150943394,0.03773584905660377,0.9807691636503416
daytrader,26,seed26_solution027,0.32702952029520294,4.5946428571428575,0.8693589459251525,0.32702952029520294,-4.5946428571428575,0.8693589459251525,True,False,,,"[0, 1, 0, 1, 2, 0, 3, 3, 0, 0, 4, 5, 3, 0, 0, 4, 0, 0, 3, 6, 2, 2, 0, 7, 7, 0, 5, 8, 3, 0, 0, 0, 8, 6, 1, 4, 6, 4, 6, 6, 6, 6, 9, 0, 5, 10, 10, 5, 11, 3, 11, 0, 9]",0.09199327521411753,12,0.3018867924528302,0.0,0.8693589459251525
daytrader,26,seed26_solution028,0.3362546125461255,3.8806281771968045,0.8062588912913773,0.3362546125461255,-3.8806281771968045,0.8062588912913773,True,False,,,"[0, 1, 1, 1, 1, 0, 2, 3, 2, 0, 3, 4, 3, 0, 0, 0, 0, 0, 5, 2, 1, 1, 0, 6, 6, 0, 3, 0, 1, 0, 2, 4, 3, 1, 2, 2, 0, 7, 7, 0, 5, 5, 7, 0, 0, 1, 8, 0, 2, 2, 4, 2, 7]",0.06471032018899531,9,0.32075471698113206,0.018867924528301886,0.8062588912913773
daytrader,26,seed26_solution029,0.33948339483394835,5.583877995642702,1.0017784115062855,0.33948339483394835,-5.583877995642702,1.0017784115062855,True,False,,,"[0, 1, 1, 0, 2, 0, 0, 0, 2, 0, 3, 3, 4, 3, 0, 0, 0, 0, 4, 5, 6, 6, 0, 7, 7, 0, 8, 0, 1, 0, 0, 0, 5, 5, 8, 1, 3, 4, 4, 5, 5, 3, 2, 0, 1, 9, 9, 10, 8, 11, 3, 0, 1]",0.06222437483830566,12,0.33962264150943394,0.03773584905660377,1.0017784115062855
daytrader,26,seed26_solution030,0.3464022140221402,5.045535714285714,0.9714691065551697,0.3464022140221402,-5.045535714285714,0.9714691065551697,True,False,,,"[0, 0, 0, 0, 1, 0, 0, 2, 0, 0, 3, 4, 3, 0, 0, 0, 0, 0, 5, 5, 1, 1, 0, 2, 1, 6, 1, 7, 1, 8, 1, 0, 4, 5, 5, 9, 5, 10, 10, 7, 3, 3, 7, 0, 6, 1, 11, 3, 6, 7, 9, 0, 7]",0.1302099644612682,12,0.32075471698113206,0.03773584905660377,0.9714691065551697
daytrader,26,seed26_solution031,0.34686346863468637,8.827264239028944,1.1391289696697042,0.34686346863468637,-8.827264239028944,1.1391289696697042,True,False,,,"[0, 0, 0, 0, 1, 0, 0, 2, 3, 0, 4, 4, 2, 0, 0, 0, 0, 0, 1, 3, 5, 5, 0, 6, 1, 7, 1, 8, 0, 3, 1, 0, 9, 10, 2, 11, 4, 10, 1, 10, 4, 10, 4, 0, 7, 1, 0, 12, 13, 13, 13, 0, 3]",0.12228002324995586,14,0.33962264150943394,0.09433962264150944,1.1391289696697042
daytrader,26,seed26_solution032,0.3477859778597786,8.579679144385027,0.9316246713681894,0.3477859778597786,-8.579679144385027,0.9316246713681894,True,False,,,"[0, 0, 0, 0, 1, 0, 0, 0, 2, 0, 3, 4, 1, 0, 0, 0, 0, 0, 3, 5, 1, 1, 0, 2, 6, 7, 1, 8, 2, 2, 0, 0, 4, 9, 9, 9, 5, 9, 9, 4, 4, 4, 5, 6, 7, 8, 0, 10, 9, 3, 4, 0, 2]",0.11586596723900819,11,0.33962264150943394,0.018867924528301886,0.9316246713681894
daytrader,26,seed26_solution033,0.35009225092250923,12.339795918367347,0.7598879458717837,0.35009225092250923,-12.339795918367347,0.7598879458717837,True,False,,,"[0, 0, 0, 1, 1, 0, 0, 2, 0, 0, 2, 3, 3, 0, 0, 0, 0, 0, 3, 2, 4, 1, 0, 2, 5, 6, 5, 0, 2, 0, 1, 0, 3, 0, 3, 2, 0, 5, 5, 3, 3, 3, 4, 0, 6, 1, 0, 4, 5, 4, 0, 4, 2]",0.08133101741534035,7,0.39622641509433965,0.0,0.7598879458717837
daytrader,26,seed26_solution034,0.36023985239852396,2.761165577342048,0.596954415832316,0.36023985239852396,-2.761165577342048,0.596954415832316,True,False,,,"[0, 1, 0, 0, 1, 0, 0, 2, 0, 0, 3, 1, 2, 0, 2, 3, 0, 0, 3, 1, 3, 1, 0, 2, 2, 0, 2, 0, 2, 2, 3, 0, 3, 1, 2, 2, 1, 4, 4, 2, 5, 4, 1, 3, 0, 2, 0, 3, 1, 2, 5, 0, 1]",0.07775927274955412,6,0.32075471698113206,0.0,0.596954415832316
daytrader,26,seed26_solution035,0.36162361623616235,7.346521064566177,0.6839459985053532,0.36162361623616235,-7.346521064566177,0.6839459985053532,True,False,,,"[0, 0, 0, 0, 1, 0, 0, 2, 0, 0, 3, 4, 1, 0, 0, 0, 0, 0, 1, 2, 1, 2, 0, 2, 1, 5, 1, 4, 2, 2, 3, 0, 4, 1, 4, 0, 1, 6, 6, 4, 3, 3, 0, 0, 5, 1, 0, 3, 5, 3, 4, 3, 2]",0.1216034597500037,7,0.3584905660377358,0.0,0.6839459985053532
daytrader,26,seed26_solution036,0.37177121771217714,12.53764839269041,0.661723694971705,0.37177121771217714,-12.53764839269041,0.661723694971705,True,False,,,"[0, 0, 0, 0, 1, 0, 0, 2, 0, 0, 3, 4, 3, 0, 0, 0, 0, 0, 1, 2, 3, 1, 0, 2, 1, 5, 1, 4, 2, 2, 1, 0, 4, 1, 4, 2, 3, 6, 1, 4, 3, 2, 3, 0, 5, 1, 0, 4, 6, 3, 0, 3, 2]",0.10906075965741219,7,0.33962264150943394,0.0,0.661723694971705
daytrader,26,seed26_solution037,0.3837638376383764,6.567460317460317,0.5861216817739271,0.3837638376383764,-6.567460317460317,0.5861216817739271,True,False,,,"[0, 0, 1, 0, 2, 0, 3, 2, 0, 0, 2, 2, 2, 0, 0, 0, 0, 0, 2, 1, 1, 1, 0, 1, 2, 4, 2, 1, 2, 2, 3, 4, 2, 1, 5, 2, 1, 3, 3, 2, 5, 2, 0, 0, 4, 1, 3, 0, 3, 3, 2, 0, 5]",0.1438560162239077,6,0.3018867924528302,0.0,0.5861216817739271
daytrader,26,seed26_solution038,0.39252767527675275,14.933730158730159,0.6464845924155402,0.39252767527675275,-14.933730158730159,0.6464845924155402,True,False,,,"[0, 0, 1, 0, 1, 0, 0, 2, 0, 0, 3, 3, 1, 0, 0, 0, 0, 0, 1, 1, 1, 2, 0, 4, 1, 5, 1, 3, 2, 4, 4, 0, 3, 1, 3, 2, 1, 6, 6, 3, 4, 4, 0, 0, 5, 1, 4, 4, 1, 4, 3, 4, 3]",0.11527408055445892,7,0.3018867924528302,0.0,0.6464845924155402
daytrader,26,seed26_solution039,0.3980627306273063,1.6813032581453633,0.5118739609905862,0.3980627306273063,-1.6813032581453633,0.5118739609905862,True,False,,,"[0, 1, 1, 0, 2, 0, 3, 3, 0, 0, 4, 3, 3, 0, 0, 0, 0, 0, 0, 1, 1, 0, 0, 3, 4, 0, 0, 1, 3, 3, 0, 4, 3, 3, 2, 2, 1, 0, 3, 4, 3, 3, 0, 0, 3, 1, 1, 2, 1, 3, 4, 1, 4]",0.05054950572568454,5,0.3584905660377358,0.0,0.5118739609905862
daytrader,26,seed26_solution040,0.41190036900369004,15.064694564694564,0.45946398724097803,0.41190036900369004,-15.064694564694564,0.45946398724097803,True,False,,,"[0, 1, 1, 0, 2, 0, 0, 3, 0, 0, 3, 3, 3, 0, 0, 0, 0, 0, 1, 2, 3, 1, 0, 3, 4, 5, 1, 4, 2, 2, 3, 0, 4, 1, 4, 2, 1, 2, 3, 4, 1, 2, 0, 0, 5, 1, 3, 2, 1, 3, 4, 3, 2]",0.12297616028512708,6,0.2830188679245283,0.0,0.45946398724097803
daytrader,26,seed26_solution041,0.4252767527675277,15.215954415954416,0.5163747993737361,0.4252767527675277,-15.215954415954416,0.5163747993737361,True,False,,,"[0, 1, 1, 0, 2, 0, 3, 3, 0, 0, 4, 3, 3, 0, 0, 0, 0, 0, 1, 1, 3, 1, 0, 3, 4, 5, 4, 4, 3, 3, 3, 4, 4, 1, 3, 2, 1, 2, 3, 4, 1, 3, 0, 0, 5, 1, 3, 2, 1, 3, 4, 0, 4]",0.1292805406721043,6,0.2641509433962264,0.0,0.5163747993737361
daytrader,26,seed26_solution042,0.44095940959409596,2.687878787878788,0.3848316614032291,0.44095940959409596,-2.687878787878788,0.3848316614032291,True,False,,,"[0, 1, 1, 0, 1, 0, 2, 0, 0, 0, 2, 3, 2, 1, 0, 0, 0, 0, 2, 1, 4, 1, 0, 1, 2, 0, 2, 1, 4, 3, 4, 1, 4, 4, 2, 4, 1, 2, 4, 2, 4, 2, 0, 0, 4, 1, 1, 3, 1, 2, 2, 1, 4]",0.05499067704007299,5,0.2641509433962264,0.0,0.3848316614032291
daytrader,26,seed26_solution043,0.4483394833948339,2.539194139194139,0.2792197846594102,0.4483394833948339,-2.539194139194139,0.2792197846594102,True,False,,,"[0, 1, 1, 2, 1, 0, 3, 0, 0, 0, 0, 2, 3, 1, 0, 2, 0, 0, 0, 1, 1, 0, 0, 1, 0, 0, 0, 1, 2, 0, 3, 1, 2, 2, 3, 2, 1, 3, 2, 2, 2, 3, 1, 2, 2, 1, 1, 1, 1, 3, 2, 1, 2]",0.023477604471616738,4,0.3018867924528302,0.0,0.2792197846594102
daytrader,26,seed26_solution044,0.46955719557195574,2.6186868686868685,0.20925540578130977,0.46955719557195574,-2.6186868686868685,0.20925540578130977,True,False,,,"[0, 1, 1, 2, 0, 0, 3, 0, 0, 0, 0, 1, 1, 1, 0, 2, 0, 0, 0, 1, 3, 0, 0, 2, 3, 0, 2, 1, 2, 2, 3, 2, 3, 1, 3, 0, 1, 0, 1, 2, 1, 3, 3, 2, 3, 1, 3, 1, 1, 3, 1, 1, 2]",0.041967467933443116,4,0.3018867924528302,0.0,0.20925540578130977
daytrader,26,seed26_solution045,0.4820110701107011,17.78002442002442,0.44888216050454033,0.4820110701107011,-17.78002442002442,0.44888216050454033,True,False,,,"[0, 1, 1, 0, 1, 0, 2, 2, 0, 0, 0, 3, 2, 1, 2, 3, 0, 0, 2, 1, 1, 1, 0, 1, 2, 4, 0, 1, 2, 0, 2, 0, 3, 3, 2, 3, 1, 2, 3, 3, 3, 2, 1, 0, 4, 1, 0, 1, 1, 2, 0, 2, 3]",0.10341698608406749,5,0.2830188679245283,0.0,0.44888216050454033
daytrader,26,seed26_solution046,0.4912361623616236,2.6359203296703297,0.2349037659997874,0.4912361623616236,-2.6359203296703297,0.2349037659997874,True,False,,,"[0, 1, 1, 2, 1, 0, 3, 0, 0, 0, 0, 2, 3, 1, 3, 2, 0, 0, 0, 1, 1, 0, 0, 1, 0, 0, 0, 1, 2, 0, 3, 1, 2, 2, 3, 2, 1, 3, 2, 2, 2, 3, 1, 2, 2, 1, 1, 1, 1, 3, 2, 1, 2]",0.015557981917457591,4,0.3018867924528302,0.0,0.2349037659997874
daytrader,26,seed26_solution047,0.4949261992619926,2.9819924764777705,0.21595326683508675,0.4949261992619926,-2.9819924764777705,0.21595326683508675,True,False,,,"[0, 1, 1, 2, 1, 0, 3, 2, 0, 0, 0, 3, 2, 1, 2, 2, 0, 0, 0, 1, 1, 1, 0, 1, 0, 0, 0, 1, 2, 0, 2, 1, 3, 3, 3, 2, 1, 2, 2, 2, 3, 3, 1, 2, 2, 1, 1, 1, 1, 3, 0, 1, 3]",0.02535634471889003,4,0.32075471698113206,0.0,0.21595326683508675
daytrader,26,seed26_solution048,0.5013837638376384,6.867465867465867,0.43066838530238966,0.5013837638376384,-6.867465867465867,0.43066838530238966,True,False,,,"[0, 1, 1, 2, 2, 0, 3, 3, 0, 0, 4, 2, 4, 0, 0, 0, 0, 3, 2, 1, 3, 1, 0, 2, 3, 5, 4, 3, 3, 4, 3, 3, 3, 1, 3, 4, 4, 5, 3, 3, 4, 3, 4, 0, 5, 1, 4, 4, 1, 4, 0, 0, 2]",0.10385813527185093,6,0.2641509433962264,0.0,0.43066838530238966
daytrader,26,seed26_solution049,0.5018450184501845,3.7072705072705077,0.3706959000828019,0.5018450184501845,-3.7072705072705077,0.3706959000828019,True,False,,,"[0, 1, 2, 3, 2, 0, 4, 4, 0, 0, 0, 3, 4, 0, 4, 3, 1, 0, 2, 2, 2, 0, 0, 4, 4, 0, 0, 2, 3, 3, 4, 1, 3, 3, 3, 3, 2, 4, 4, 3, 3, 4, 0, 0, 3, 2, 0, 3, 4, 3, 3, 2, 1]",0.09199274332457354,5,0.2830188679245283,0.0,0.3706959000828019
daytrader,26,seed26_solution050,0.514760147601476,29.917543859649122,0.8821637530234687,0.514760147601476,-29.917543859649122,0.8821637530234687,True,False,,,"[0, 0, 0, 0, 1, 2, 0, 3, 4, 0, 3, 3, 1, 0, 0, 1, 0, 0, 0, 1, 4, 3, 2, 5, 6, 0, 6, 1, 0, 0, 0, 0, 4, 5, 7, 0, 3, 5, 5, 5, 3, 6, 6, 0, 0, 8, 7, 4, 7, 6, 6, 0, 8]",0.10324241993573074,9,0.37735849056603776,0.0,0.8821637530234687
daytrader,26,seed26_solution051,0.5193726937269373,15.621730121730122,0.4206320152756218,0.5193726937269373,-15.621730121730122,0.4206320152756218,True,False,,,"[0, 1, 1, 2, 3, 0, 0, 4, 0, 0, 3, 3, 4, 0, 1, 3, 2, 0, 1, 1, 4, 1, 0, 4, 4, 5, 3, 2, 4, 3, 4, 2, 4, 1, 3, 3, 1, 3, 4, 2, 1, 4, 0, 0, 5, 1, 0, 3, 1, 3, 0, 0, 2]",0.13033368196919976,6,0.24528301886792453,0.0,0.4206320152756218
daytrader,26,seed26_solution052,0.5216789667896679,15.911111111111111,0.41035024850814233,0.5216789667896679,-15.911111111111111,0.41035024850814233,True,False,,,"[0, 1, 1, 2, 3, 0, 4, 4, 0, 0, 3, 3, 4, 0, 1, 3, 2, 0, 1, 1, 4, 1, 0, 4, 4, 5, 3, 2, 4, 3, 4, 2, 4, 1, 3, 3, 1, 3, 4, 2, 1, 4, 0, 0, 5, 1, 0, 3, 1, 3, 0, 0, 2]",0.14145783264797593,6,0.22641509433962265,0.0,0.41035024850814233
daytrader,26,seed26_solution053,0.522140221402214,33.252694235588976,0.8161331605238553,0.522140221402214,-33.252694235588976,0.8161331605238553,True,False,,,"[0, 0, 0, 0, 1, 2, 0, 3, 3, 0, 3, 3, 1, 0, 0, 1, 0, 0, 4, 1, 5, 3, 2, 4, 6, 0, 4, 1, 0, 0, 0, 0, 5, 4, 4, 0, 5, 4, 4, 4, 3, 6, 6, 0, 0, 0, 7, 5, 7, 6, 6, 0, 1]",0.09590021667052465,8,0.37735849056603776,0.0,0.8161331605238553
daytrader,26,seed26_solution054,0.533210332103321,3.8201887001887003,0.35096368373091086,0.533210332103321,-3.8201887001887003,0.35096368373091086,True,False,,,"[0, 1, 2, 3, 2, 0, 4, 4, 0, 0, 0, 3, 4, 2, 4, 3, 1, 0, 2, 2, 2, 0, 0, 4, 4, 0, 0, 2, 3, 3, 4, 1, 3, 3, 3, 3, 2, 4, 4, 3, 3, 4, 0, 0, 3, 2, 0, 3, 4, 3, 3, 2, 1]",0.08682724482918262,5,0.2830188679245283,0.0,0.35096368373091086
daytrader,26,seed26_solution055,0.5359778597785978,6.59147889147889,0.3778298942358639,0.5359778597785978,-6.59147889147889,0.3778298942358639,True,False,,,"[0, 1, 1, 2, 2, 0, 3, 3, 0, 0, 3, 3, 4, 0, 1, 0, 2, 0, 2, 1, 3, 1, 0, 4, 4, 5, 3, 1, 2, 2, 4, 4, 2, 1, 3, 2, 1, 3, 3, 5, 2, 3, 0, 0, 5, 1, 0, 0, 1, 3, 2, 0, 4]",0.11033623078389464,6,0.24528301886792453,0.0,0.3778298942358639
daytrader,26,seed26_solution056,0.5461254612546126,33.32908496732026,0.7197068348211567,0.5461254612546126,-33.32908496732026,0.7197068348211567,True,False,,,"[0, 0, 0, 0, 1, 2, 0, 3, 3, 0, 3, 3, 4, 0, 0, 1, 0, 0, 5, 1, 4, 3, 2, 5, 6, 0, 6, 1, 0, 0, 1, 0, 4, 5, 5, 0, 4, 5, 5, 5, 6, 6, 6, 5, 0, 0, 7, 3, 7, 6, 6, 0, 1]",0.08916255906101495,8,0.33962264150943394,0.0,0.7197068348211567
daytrader,26,seed26_solution057,0.5581180811808119,30.187962962962963,0.7134969962712844,0.5581180811808119,-30.187962962962963,0.7134969962712844,True,False,,,"[0, 0, 0, 0, 1, 2, 0, 3, 3, 0, 3, 3, 4, 0, 0, 1, 0, 0, 1, 1, 4, 3, 2, 5, 5, 0, 1, 5, 6, 0, 3, 0, 4, 6, 7, 7, 3, 5, 5, 6, 7, 5, 6, 7, 0, 0, 0, 3, 7, 8, 4, 3, 1]",0.09448379481488547,9,0.3018867924528302,0.018867924528301886,0.7134969962712844
daytrader,26,seed26_solution058,0.5608856088560885,2.832026307026307,0.11162414685093615,0.5608856088560885,-2.832026307026307,0.11162414685093615,True,False,,,"[0, 1, 1, 0, 1, 2, 3, 2, 2, 2, 2, 0, 3, 1, 2, 0, 0, 2, 0, 1, 1, 2, 2, 1, 2, 3, 2, 1, 0, 0, 3, 1, 0, 1, 3, 0, 1, 3, 1, 0, 0, 3, 3, 3, 3, 2, 1, 2, 1, 3, 0, 2, 1]",0.10161941218120667,4,0.2830188679245283,0.0,0.11162414685093615
daytrader,26,seed26_solution059,0.5645756457564576,3.021728271728272,0.06257782623312075,0.5645756457564576,-3.021728271728272,0.06257782623312075,True,False,,,"[0, 1, 1, 0, 2, 3, 2, 3, 3, 3, 0, 0, 2, 1, 3, 0, 0, 3, 0, 1, 1, 3, 3, 1, 3, 2, 3, 1, 0, 0, 2, 1, 0, 1, 2, 0, 1, 2, 1, 0, 0, 2, 2, 2, 2, 3, 1, 3, 1, 2, 0, 3, 1]",0.09868763701474646,4,0.2641509433962264,0.0,0.06257782623312075
daytrader,26,seed26_solution060,0.5793357933579336,4.463573232323233,0.17998852856923503,0.5793357933579336,-4.463573232323233,0.17998852856923503,True,False,,,"[0, 1, 2, 1, 1, 0, 3, 0, 0, 0, 2, 1, 3, 1, 0, 2, 2, 1, 2, 1, 3, 2, 0, 3, 3, 3, 2, 2, 2, 2, 3, 1, 2, 1, 3, 2, 1, 3, 1, 2, 1, 3, 1, 3, 2, 1, 0, 2, 1, 3, 0, 0, 1]",0.08761529237755487,4,0.3018867924528302,0.0,0.17998852856923503
daytrader,26,seed26_solution061,0.5797970479704797,29.912332112332113,0.6171859333507972,0.5797970479704797,-29.912332112332113,0.6171859333507972,True,False,,,"[0, 0, 0, 1, 1, 2, 0, 3, 3, 0, 3, 3, 4, 0, 0, 1, 0, 0, 1, 1, 5, 6, 2, 4, 5, 0, 1, 5, 1, 0, 3, 0, 4, 6, 7, 7, 3, 7, 8, 6, 7, 5, 6, 6, 0, 3, 7, 3, 0, 8, 4, 3, 1]",0.08447352721912835,9,0.2641509433962264,0.0,0.6171859333507972
daytrader,26,seed26_solution062,0.580719557195572,33.649394319131154,0.773124575416901,0.580719557195572,-33.649394319131154,0.773124575416901,True,False,,,"[0, 0, 0, 0, 1, 2, 0, 3, 3, 0, 3, 3, 4, 0, 0, 1, 0, 0, 4, 1, 4, 3, 2, 5, 6, 0, 1, 6, 0, 3, 1, 0, 3, 5, 7, 0, 3, 6, 6, 5, 7, 6, 5, 0, 0, 1, 0, 3, 7, 0, 4, 0, 1]",0.06887682374286844,8,0.3584905660377358,0.0,0.773124575416901
daytrader,26,seed26_solution063,0.5890221402214022,36.65599415204679,0.7392278499682918,0.5890221402214022,-36.65599415204679,0.7392278499682918,True,False,,,"[0, 0, 0, 0, 1, 2, 0, 3, 4, 0, 3, 3, 1, 0, 0, 1, 0, 0, 4, 1, 4, 3, 2, 5, 6, 7, 5, 1, 0, 0, 0, 0, 4, 5, 7, 0, 3, 5, 5, 5, 3, 6, 6, 0, 7, 0, 0, 4, 6, 6, 6, 0, 1]",0.1099499725970507,8,0.3584905660377358,0.0,0.7392278499682918
daytrader,26,seed26_solution064,0.5945571955719557,3.136858117372823,0.17189497319140187,0.5945571955719557,-3.136858117372823,0.17189497319140187,True,False,,,"[0, 1, 1, 0, 1, 2, 3, 2, 2, 2, 2, 0, 3, 1, 2, 0, 0, 1, 0, 1, 1, 2, 2, 1, 1, 3, 2, 1, 0, 0, 3, 1, 0, 1, 3, 0, 1, 3, 1, 0, 0, 3, 3, 3, 3, 2, 1, 2, 1, 3, 0, 2, 1]",0.10456352718508728,4,0.32075471698113206,0.0,0.17189497319140187
daytrader,26,seed26_solution065,0.6051660516605166,3.4060939060939064,0.14492727826167184,0.6051660516605166,-3.4060939060939064,0.14492727826167184,True,False,,,"[0, 1, 1, 2, 1, 0, 2, 0, 0, 3, 3, 3, 2, 0, 2, 3, 0, 0, 2, 1, 3, 0, 0, 1, 0, 3, 2, 2, 2, 2, 3, 1, 3, 1, 2, 3, 1, 3, 3, 2, 3, 2, 1, 3, 3, 1, 2, 1, 1, 2, 3, 0, 3]",0.028560660087689413,4,0.3018867924528302,0.0,0.14492727826167184
daytrader,26,seed26_solution066,0.6208487084870848,7.221527777777778,0.3012965928805908,0.6208487084870848,-7.221527777777778,0.3012965928805908,True,False,,,"[0, 1, 1, 0, 0, 2, 3, 3, 1, 2, 4, 5, 5, 2, 0, 1, 2, 0, 0, 6, 6, 6, 2, 7, 6, 5, 3, 3, 6, 6, 7, 0, 1, 7, 0, 1, 1, 7, 1, 6, 6, 4, 7, 0, 5, 4, 7, 3, 0, 4, 4, 2, 1]",0.10467341556487517,8,0.18867924528301888,0.0,0.3012965928805908
daytrader,26,seed26_solution067,0.632380073800738,11.550297619047619,0.3843688450464785,0.632380073800738,-11.550297619047619,0.3843688450464785,True,False,,,"[0, 0, 1, 0, 0, 2, 3, 3, 3, 2, 4, 3, 4, 0, 0, 1, 2, 0, 5, 6, 6, 6, 2, 6, 6, 3, 3, 3, 0, 0, 7, 0, 1, 7, 0, 1, 1, 5, 1, 6, 6, 4, 7, 0, 5, 4, 7, 3, 7, 4, 4, 7, 1]",0.09822914822782919,8,0.22641509433962265,0.0,0.3843688450464785
daytrader,26,seed26_solution068,0.6342250922509225,33.846069902319904,0.6081796777843849,0.6342250922509225,-33.846069902319904,0.6081796777843849,True,False,,,"[0, 0, 1, 0, 1, 2, 3, 3, 3, 0, 3, 3, 4, 0, 0, 1, 0, 0, 5, 1, 6, 3, 2, 6, 5, 4, 4, 3, 0, 0, 1, 0, 1, 4, 4, 1, 1, 5, 1, 6, 6, 6, 6, 5, 4, 0, 0, 3, 7, 6, 6, 0, 1]",0.09919420861644035,8,0.2641509433962264,0.018867924528301886,0.6081796777843849
daytrader,26,seed26_solution069,0.6379151291512916,10.874900793650793,0.3012965928805908,0.6379151291512916,-10.874900793650793,0.3012965928805908,True,False,,,"[0, 1, 1, 0, 0, 2, 3, 3, 1, 2, 4, 5, 4, 2, 0, 1, 2, 0, 0, 6, 6, 6, 2, 7, 6, 5, 3, 3, 6, 6, 7, 0, 1, 7, 0, 3, 1, 7, 1, 6, 6, 4, 7, 0, 5, 4, 7, 3, 0, 4, 4, 7, 1]",0.09877614343486611,8,0.18867924528301888,0.0,0.3012965928805908
daytrader,26,seed26_solution070,0.6379151291512916,9.270734126984127,0.2817581985484543,0.6379151291512916,-9.270734126984127,0.2817581985484543,True,False,,,"[0, 1, 1, 0, 0, 2, 3, 3, 1, 2, 4, 5, 5, 2, 0, 1, 2, 0, 0, 6, 6, 6, 2, 7, 6, 5, 3, 3, 6, 6, 7, 0, 1, 7, 0, 3, 1, 7, 1, 6, 6, 4, 7, 0, 5, 4, 7, 3, 0, 4, 4, 7, 1]",0.09863444806034778,8,0.18867924528301888,0.0,0.2817581985484543
daytrader,26,seed26_solution071,0.6443726937269373,30.608241758241757,0.5336654952351302,0.6443726937269373,-30.608241758241757,0.5336654952351302,True,False,,,"[0, 0, 1, 1, 0, 2, 3, 3, 1, 0, 3, 3, 4, 0, 0, 1, 0, 0, 5, 6, 6, 3, 2, 6, 6, 5, 3, 1, 6, 0, 7, 0, 4, 7, 7, 3, 3, 7, 1, 5, 7, 4, 7, 0, 5, 0, 7, 8, 0, 8, 4, 4, 5]",0.10132027750166811,9,0.24528301886792453,0.0,0.5336654952351302
daytrader,26,seed26_solution072,0.6457564575645757,22.210462454212454,0.5333318500038706,0.6457564575645757,-22.210462454212454,0.5333318500038706,True,False,,,"[0, 1, 2, 0, 0, 3, 0, 4, 2, 3, 0, 2, 4, 5, 0, 1, 3, 0, 0, 1, 0, 0, 3, 4, 1, 6, 2, 4, 7, 7, 1, 0, 1, 5, 2, 0, 2, 7, 1, 5, 4, 4, 5, 0, 6, 4, 2, 5, 1, 2, 2, 2, 4]",0.10554220394602466,8,0.24528301886792453,0.0,0.5333318500038706
daytrader,26,seed26_solution073,0.6503690036900369,9.236904761904762,0.2714621616969464,0.6503690036900369,-9.236904761904762,0.2714621616969464,True,False,,,"[0, 1, 1, 0, 0, 2, 3, 3, 1, 2, 4, 5, 5, 2, 0, 1, 2, 0, 0, 6, 7, 6, 2, 7, 6, 5, 3, 3, 6, 6, 7, 7, 1, 7, 0, 3, 1, 7, 1, 6, 6, 4, 7, 0, 5, 4, 7, 3, 0, 4, 4, 7, 1]",0.09087503063683774,8,0.16981132075471697,0.0,0.2714621616969464
daytrader,26,seed26_solution074,0.6517527675276753,16.722655122655123,0.4460977516051656,0.6517527675276753,-16.722655122655123,0.4460977516051656,True,False,,,"[0, 0, 0, 0, 1, 2, 1, 3, 3, 0, 3, 4, 4, 4, 3, 1, 0, 0, 4, 1, 4, 3, 2, 1, 1, 5, 6, 1, 1, 0, 4, 0, 1, 6, 7, 0, 3, 5, 7, 6, 3, 6, 7, 7, 5, 0, 0, 4, 7, 6, 6, 2, 1]",0.11365160468947874,8,0.22641509433962265,0.0,0.4460977516051656
daytrader,26,seed26_solution075,0.6526752767527675,36.41289682539682,0.5794019823692109,0.6526752767527675,-36.41289682539682,0.5794019823692109,True,False,,,"[0, 1, 1, 0, 1, 2, 0, 3, 3, 0, 3, 3, 4, 0, 0, 1, 0, 0, 5, 1, 6, 3, 2, 5, 6, 7, 6, 1, 0, 0, 4, 0, 4, 5, 4, 1, 1, 5, 5, 0, 6, 6, 6, 5, 7, 0, 0, 3, 7, 6, 5, 0, 1]",0.0740731718318106,8,0.2830188679245283,0.0,0.5794019823692109
daytrader,26,seed26_solution076,0.6577490774907749,37.790688843320424,0.7019273674618217,0.6577490774907749,-37.790688843320424,0.7019273674618217,True,False,,,"[0, 0, 0, 1, 1, 2, 0, 0, 3, 0, 1, 4, 0, 0, 0, 1, 0, 0, 5, 1, 5, 3, 2, 6, 1, 6, 5, 1, 0, 4, 1, 0, 4, 5, 4, 0, 1, 6, 6, 0, 6, 6, 5, 0, 3, 1, 0, 4, 4, 0, 3, 0, 1]",0.04632843030459832,7,0.3584905660377358,0.0,0.7019273674618217
daytrader,26,seed26_solution077,0.6577490774907749,18.014499389499388,0.5225427329858954,0.6577490774907749,-18.014499389499388,0.5225427329858954,True,False,,,"[0, 0, 0, 0, 1, 2, 3, 3, 3, 2, 3, 3, 4, 0, 3, 1, 0, 0, 5, 1, 6, 3, 2, 6, 5, 4, 4, 3, 0, 0, 1, 0, 1, 4, 7, 1, 4, 5, 1, 6, 3, 6, 6, 5, 4, 0, 0, 3, 7, 6, 6, 0, 1]",0.08655587478384011,8,0.24528301886792453,0.0,0.5225427329858954
daytrader,26,seed26_solution078,0.665590405904059,13.05952380952381,0.3369919075375802,0.665590405904059,-13.05952380952381,0.3369919075375802,True,False,,,"[0, 1, 2, 0, 0, 3, 2, 2, 1, 3, 4, 5, 5, 5, 0, 1, 3, 1, 0, 5, 0, 0, 3, 6, 1, 6, 2, 2, 7, 7, 5, 0, 1, 5, 4, 2, 2, 7, 1, 7, 4, 7, 5, 0, 6, 4, 2, 5, 1, 2, 4, 6, 2]",0.09386031389142306,8,0.18867924528301888,0.0,0.3369919075375802
daytrader,26,seed26_solution079,0.665590405904059,12.879166666666666,0.31964291219051727,0.665590405904059,-12.879166666666666,0.31964291219051727,True,False,,,"[0, 1, 2, 0, 0, 3, 2, 2, 1, 3, 4, 5, 6, 6, 0, 1, 3, 1, 0, 6, 0, 0, 3, 7, 1, 7, 2, 2, 5, 5, 6, 0, 1, 6, 4, 2, 2, 5, 1, 5, 4, 5, 6, 0, 7, 4, 2, 6, 1, 2, 4, 7, 0]",0.09347426846039679,8,0.18867924528301888,0.0,0.31964291219051727
daytrader,26,seed26_solution080,0.6757380073800738,18.947802197802197,0.48874844705617426,0.6757380073800738,-18.947802197802197,0.48874844705617426,True,False,,,"[0, 1, 0, 0, 1, 2, 0, 3, 3, 2, 3, 3, 4, 0, 3, 1, 0, 0, 5, 1, 6, 3, 2, 5, 6, 7, 6, 1, 0, 0, 4, 0, 4, 5, 7, 1, 4, 5, 5, 0, 3, 6, 6, 5, 7, 0, 0, 3, 7, 6, 5, 0, 1]",0.06682713419615748,8,0.2641509433962264,0.0,0.48874844705617426
daytrader,26,seed26_solution081,0.6817343173431735,36.266666666666666,0.5593949841650413,0.6817343173431735,-36.266666666666666,0.5593949841650413,True,False,,,"[0, 0, 0, 0, 1, 2, 0, 3, 3, 0, 3, 3, 4, 4, 3, 1, 0, 0, 4, 1, 4, 3, 2, 5, 6, 7, 5, 1, 0, 0, 4, 0, 4, 5, 7, 0, 3, 5, 5, 6, 5, 6, 6, 5, 7, 0, 0, 4, 6, 6, 5, 0, 1]",0.07048706614833682,8,0.2830188679245283,0.0,0.5593949841650413
daytrader,26,seed26_solution082,0.6886531365313653,18.415811965811965,0.4460977516051656,0.6886531365313653,-18.415811965811965,0.4460977516051656,True,False,,,"[0, 1, 0, 0, 1, 2, 0, 3, 3, 2, 3, 3, 4, 4, 3, 1, 0, 0, 4, 1, 4, 3, 2, 5, 5, 6, 7, 1, 7, 0, 4, 0, 4, 5, 6, 0, 3, 5, 5, 0, 3, 7, 5, 6, 6, 0, 0, 3, 6, 7, 5, 0, 1]",0.06891022640623087,8,0.24528301886792453,0.0,0.4460977516051656
daytrader,26,seed26_solution083,0.690959409594096,38.2834879406308,0.622927321479969,0.690959409594096,-38.2834879406308,0.622927321479969,True,False,,,"[0, 0, 0, 1, 1, 2, 0, 1, 3, 0, 3, 3, 0, 0, 3, 1, 0, 3, 4, 1, 4, 5, 2, 6, 1, 6, 4, 1, 0, 3, 1, 0, 3, 4, 3, 0, 1, 6, 6, 0, 3, 6, 4, 0, 6, 1, 0, 3, 3, 0, 4, 6, 1]",0.07010623323484151,7,0.2830188679245283,0.018867924528301886,0.622927321479969
daytrader,26,seed26_solution084,0.690959409594096,34.16781135531135,0.48874844705617426,0.690959409594096,-34.16781135531135,0.48874844705617426,True,False,,,"[0, 0, 0, 0, 1, 2, 0, 3, 3, 0, 3, 3, 4, 4, 3, 1, 0, 0, 4, 1, 4, 3, 2, 5, 6, 7, 1, 1, 6, 0, 4, 0, 4, 5, 7, 0, 3, 5, 5, 6, 3, 6, 6, 7, 7, 0, 0, 4, 7, 6, 5, 0, 1]",0.06447830996990787,8,0.2641509433962264,0.0,0.48874844705617426
daytrader,26,seed26_solution085,0.6969557195571956,11.61904761904762,0.2714621616969464,0.6969557195571956,-11.61904761904762,0.2714621616969464,True,False,,,"[0, 1, 1, 0, 0, 2, 3, 3, 1, 2, 4, 5, 4, 2, 0, 1, 6, 0, 0, 6, 6, 6, 2, 7, 6, 5, 3, 3, 6, 0, 7, 7, 1, 7, 0, 3, 1, 5, 1, 6, 6, 4, 7, 0, 5, 4, 7, 3, 7, 4, 4, 7, 1]",0.07414667896678973,8,0.16981132075471697,0.0,0.2714621616969464
daytrader,26,seed26_solution086,0.6974169741697417,38.863146113146115,0.6622614631994054,0.6974169741697417,-38.863146113146115,0.6622614631994054,True,False,,,"[0, 1, 2, 0, 0, 3, 0, 2, 2, 0, 0, 2, 4, 5, 0, 1, 0, 0, 5, 1, 5, 1, 3, 2, 1, 6, 2, 4, 1, 0, 1, 0, 4, 5, 2, 0, 2, 7, 7, 7, 5, 4, 5, 0, 6, 8, 8, 5, 1, 5, 2, 0, 7]",0.05823062900831964,9,0.2641509433962264,0.0,0.6622614631994054
daytrader,26,seed26_solution087,0.7043357933579336,34.684615384615384,0.5002669276816171,0.7043357933579336,-34.684615384615384,0.5002669276816171,True,False,,,"[0, 1, 0, 0, 1, 2, 0, 3, 3, 0, 3, 3, 4, 4, 3, 1, 0, 0, 5, 1, 6, 3, 2, 5, 6, 7, 6, 1, 0, 0, 4, 0, 4, 5, 7, 1, 4, 5, 5, 0, 3, 6, 6, 7, 7, 0, 0, 3, 6, 6, 5, 0, 1]",0.05041121444424777,8,0.2641509433962264,0.0,0.5002669276816171
daytrader,26,seed26_solution088,0.7135608856088561,34.740476190476194,0.5386453744762338,0.7135608856088561,-34.740476190476194,0.5386453744762338,True,False,,,"[0, 1, 0, 0, 1, 2, 0, 3, 3, 0, 3, 3, 4, 4, 3, 1, 0, 0, 4, 1, 4, 0, 2, 5, 6, 7, 6, 1, 6, 0, 4, 0, 4, 5, 7, 0, 3, 5, 5, 0, 3, 6, 6, 7, 7, 0, 0, 4, 6, 6, 5, 0, 1]",0.041078148615895746,8,0.2830188679245283,0.0,0.5386453744762338
daytrader,26,seed26_solution089,0.7163284132841329,36.2429945054945,0.5225427329858954,0.7163284132841329,-36.2429945054945,0.5225427329858954,True,False,,,"[0, 1, 0, 0, 2, 3, 0, 4, 4, 0, 4, 4, 1, 1, 4, 2, 0, 0, 1, 2, 1, 4, 3, 5, 6, 7, 5, 2, 0, 0, 1, 0, 1, 5, 7, 0, 4, 5, 5, 6, 5, 6, 6, 5, 7, 0, 0, 1, 6, 6, 5, 0, 2]",0.049717843234705406,8,0.2641509433962264,0.0,0.5225427329858954
daytrader,26,seed26_solution090,0.7310885608856088,38.47157287157288,0.47807016827622373,0.7310885608856088,-38.47157287157288,0.47807016827622373,True,False,,,"[0, 0, 0, 1, 1, 2, 3, 3, 3, 0, 3, 4, 4, 4, 3, 1, 0, 3, 5, 1, 4, 3, 2, 5, 1, 6, 1, 1, 1, 3, 4, 0, 1, 6, 3, 0, 5, 5, 6, 0, 3, 4, 4, 0, 6, 0, 0, 3, 3, 6, 6, 0, 1]",0.05142052804291881,7,0.22641509433962265,0.0,0.47807016827622373
daytrader,26,seed26_solution091,0.7329335793357934,4.423214285714286,0.12935197359247252,0.7329335793357934,-4.423214285714286,0.12935197359247252,True,False,,,"[0, 1, 2, 0, 1, 3, 2, 3, 3, 2, 4, 4, 5, 4, 0, 1, 3, 1, 5, 1, 5, 0, 3, 6, 6, 7, 5, 7, 7, 7, 4, 0, 4, 5, 4, 2, 2, 7, 1, 6, 4, 6, 5, 0, 7, 4, 0, 5, 7, 2, 3, 6, 1]",0.06344548685339255,8,0.1509433962264151,0.0,0.12935197359247252
daytrader,26,seed26_solution092,0.7380073800738007,6.104067460317461,0.19878591986514602,0.7380073800738007,-6.104067460317461,0.19878591986514602,True,False,,,"[0, 1, 2, 1, 2, 0, 2, 3, 1, 2, 4, 5, 6, 4, 7, 7, 4, 6, 6, 4, 1, 6, 0, 3, 3, 5, 2, 3, 3, 6, 2, 0, 7, 4, 1, 2, 3, 5, 4, 7, 5, 7, 5, 4, 5, 6, 0, 3, 1, 4, 4, 1, 3]",0.06303497450334289,8,0.16981132075471697,0.0,0.19878591986514602
daytrader,26,seed26_solution093,0.742619926199262,6.4886904761904765,0.19878591986514602,0.742619926199262,-6.4886904761904765,0.19878591986514602,True,False,,,"[0, 1, 2, 3, 0, 0, 3, 4, 1, 5, 6, 6, 4, 7, 1, 5, 6, 3, 2, 7, 6, 3, 0, 5, 1, 7, 5, 3, 7, 1, 3, 0, 4, 1, 1, 2, 1, 4, 2, 4, 5, 6, 2, 2, 7, 3, 5, 2, 2, 6, 6, 5, 3]",0.05351255599733117,8,0.1509433962264151,0.0,0.19878591986514602
daytrader,26,seed26_solution094,0.7495387453874539,17.562301587301587,0.3369919075375802,0.7495387453874539,-17.562301587301587,0.3369919075375802,True,False,,,"[0, 1, 1, 0, 1, 2, 3, 3, 1, 2, 3, 3, 4, 0, 5, 1, 0, 0, 1, 6, 6, 3, 2, 7, 5, 7, 6, 5, 1, 0, 3, 0, 4, 7, 5, 3, 3, 5, 7, 7, 5, 5, 7, 7, 5, 3, 6, 3, 0, 6, 4, 4, 1]",0.01979278008877878,8,0.18867924528301888,0.0,0.3369919075375802
daytrader,26,seed26_solution095,0.7606088560885609,17.34623015873016,0.23791547571544325,0.7606088560885609,-17.34623015873016,0.23791547571544325,True,False,,,"[0, 1, 1, 1, 0, 2, 3, 3, 1, 2, 3, 3, 4, 0, 5, 1, 0, 0, 6, 7, 7, 3, 2, 6, 7, 6, 7, 1, 7, 0, 4, 0, 4, 5, 5, 3, 4, 5, 6, 6, 5, 4, 7, 6, 5, 0, 0, 3, 5, 7, 6, 4, 1]",0.012069637532168689,8,0.16981132075471697,0.0,0.23791547571544325
daytrader,26,seed26_solution096,0.7749077490774908,39.835997335997334,0.5323296596100334,0.7749077490774908,-39.835997335997334,0.5323296596100334,True,False,,,"[0, 0, 0, 1, 1, 2, 3, 3, 3, 0, 3, 4, 0, 4, 3, 1, 3, 3, 5, 1, 5, 3, 2, 5, 1, 6, 1, 1, 0, 3, 5, 4, 1, 5, 3, 0, 1, 6, 6, 0, 3, 4, 4, 0, 6, 1, 0, 3, 3, 0, 4, 0, 1]",0.022929864619218157,7,0.24528301886792453,0.0,0.5323296596100334
daytrader,26,seed26_solution097,0.775830258302583,38.91882561882562,0.5034590212877863,0.775830258302583,-38.91882561882562,0.5034590212877863,True,False,,,"[0, 0, 0, 1, 1, 2, 3, 3, 3, 0, 3, 4, 0, 4, 3, 1, 3, 3, 5, 1, 5, 3, 2, 5, 1, 6, 1, 1, 0, 3, 5, 4, 1, 5, 3, 0, 6, 6, 6, 0, 3, 4, 4, 0, 6, 1, 0, 3, 3, 0, 4, 0, 1]",0.021069740505984393,7,0.24528301886792453,0.0,0.5034590212877863
daytrader,26,seed26_solution098,0.7785977859778598,38.911832611832615,0.46752874314580634,0.7785977859778598,-38.911832611832615,0.46752874314580634,True,False,,,"[0, 0, 0, 1, 1, 2, 3, 3, 4, 0, 3, 5, 0, 5, 3, 1, 3, 3, 4, 1, 4, 3, 2, 4, 1, 6, 1, 1, 0, 3, 4, 5, 1, 4, 3, 0, 6, 6, 6, 0, 3, 5, 5, 0, 6, 1, 0, 3, 3, 0, 5, 0, 1]",0.020312968062798708,7,0.22641509433962265,0.0,0.46752874314580634
daytrader,26,seed26_solution099,0.8224169741697417,1.1721611721611722,0.03268020391639391,0.8224169741697417,-1.1721611721611722,0.03268020391639391,True,False,,,"[0, 0, 1, 2, 0, 0, 3, 1, 0, 3, 3, 2, 3, 1, 3, 2, 2, 0, 1, 0, 3, 0, 2, 3, 0, 1, 3, 2, 2, 2, 1, 1, 3, 1, 3, 2, 2, 3, 0, 2, 1, 3, 1, 2, 3, 1, 0, 2, 1, 0, 0, 0, 1]",-0.09267271091760723,4,0.2641509433962264,0.0,0.03268020391639391
