stage,focal_cluster_id,source_package,external_cluster_id,external_class_count,external_classes,boundary_edge_count,aggregated_boundary_weight
stage1+stage3,C11,P01,C01,8,"[""org.apache.xerces.dom.DOMNormalizer"",""org.apache.xerces.jaxp.validation.DOMResultBuilder"",""org.apache.xerces.parsers.AbstractDOMParser""]",3,16
stage1+stage3,C11,P01,C02,10,"[""org.apache.xerces.impl.dtd.XMLDTDValidator"",""org.apache.xerces.impl.dv.DVFactoryException"",""org.apache.xerces.jaxp.validation.DOMResultAugmentor"",""org.apache.xerces.xpointer.ShortHandPointer""]",4,20
stage1+stage3,C11,P01,C04,19,"[""org.apache.xerces.impl.xs.XMLSchemaLoader""]",3,15
stage1+stage3,C11,P01,C05,25,"[""org.apache.xerces.impl.dv.ValidatedInfo"",""org.apache.xerces.impl.xs.XMLSchemaValidator""]",3,39
stage1+stage3,C11,P01,C12,34,"[""org.apache.xerces.impl.dv.InvalidDatatypeValueException"",""org.apache.xerces.impl.dv.ValidationContext""]",2,7
stage1+stage3,C11,P01,C13,1,"[""org.apache.xerces.impl.dv.ObjectFactory""]",1,4
stage1+stage3,C11,P01,C17,15,"[""org.apache.xerces.jaxp.validation.ValidatorHandlerImpl$XMLSchemaTypeInfoProvider""]",1,2
stage1+stage3,C11,P02,C12,34,"[""org.apache.xerces.impl.dv.xs.Base64BinaryDV"",""org.apache.xerces.impl.dv.xs.Base64BinaryDV$XBase64""]",2,4
stage1+stage3,C11,P03,C01,8,"[""org.apache.xerces.dom.AttrNSImpl"",""org.apache.xerces.dom.ElementNSImpl""]",2,10
stage1+stage3,C11,P03,C04,19,"[""org.apache.xerces.impl.xs.XMLSchemaLoader""]",1,2
stage1+stage3,C11,P03,C05,25,"[""org.apache.xerces.impl.dv.ValidatedInfo"",""org.apache.xerces.impl.xs.XMLSchemaValidator"",""org.apache.xerces.impl.xs.util.ShortListImpl"",""org.apache.xerces.xs.ShortList"",""org.apache.xerces.xs.StringList""]",9,52
stage1+stage3,C11,P03,C08,2,"[""org.apache.xerces.util.XMLChar""]",1,8
stage1+stage3,C11,P03,C12,34,"[""org.apache.xerces.impl.dv.InvalidDatatypeValueException"",""org.apache.xerces.impl.dv.ValidationContext"",""org.apache.xerces.impl.dv.xs.AnyAtomicDV"",""org.apache.xerces.impl.dv.xs.AnySimpleDV"",""org.apache.xerces.impl.dv.xs.AnyURIDV"",""org.apache.xerces.impl.dv.xs.Base64BinaryDV"",""org.apache.xerces.impl.dv.xs.BooleanDV"",""org.apache.xerces.impl.dv.xs.DateDV"",""org.apache.xerces.impl.dv.xs.DateTimeDV"",""org.apache.xerces.impl.dv.xs.DayDV"",""org.apache.xerces.impl.dv.xs.DayTimeDurationDV"",""org.apache.xerces.impl.dv.xs.DecimalDV"",""org.apache.xerces.impl.dv.xs.DoubleDV"",""org.apache.xerces.impl.dv.xs.DurationDV"",""org.apache.xerces.impl.dv.xs.EntityDV"",""org.apache.xerces.impl.dv.xs.FloatDV"",""org.apache.xerces.impl.dv.xs.HexBinaryDV"",""org.apache.xerces.impl.dv.xs.IDDV"",""org.apache.xerces.impl.dv.xs.IDREFDV"",""org.apache.xerces.impl.dv.xs.IntegerDV"",""org.apache.xerces.impl.dv.xs.ListDV"",""org.apache.xerces.impl.dv.xs.MonthDV"",""org.apache.xerces.impl.dv.xs.MonthDayDV"",""org.apache.xerces.impl.dv.xs.PrecisionDecimalDV"",""org.apache.xerces.impl.dv.xs.QNameDV"",""org.apache.xerces.impl.dv.xs.StringDV"",""org.apache.xerces.impl.dv.xs.TimeDV"",""org.apache.xerces.impl.dv.xs.TypeValidator"",""org.apache.xerces.impl.dv.xs.UnionDV"",""org.apache.xerces.impl.dv.xs.XSSimpleTypeDecl$ValidationContextImpl"",""org.apache.xerces.impl.dv.xs.YearDV"",""org.apache.xerces.impl.dv.xs.YearMonthDV"",""org.apache.xerces.impl.dv.xs.YearMonthDurationDV""]",37,171
stage1+stage3,C11,P03,C15,1,"[""org.apache.xerces.impl.xpath.regex.RegularExpression""]",1,4
stage1+stage3,C11,P04,C01,8,"[""org.apache.xerces.dom.ASModelImpl"",""org.apache.xerces.dom.ElementNSImpl"",""org.apache.xerces.parsers.AbstractDOMParser""]",3,11
stage1+stage3,C11,P04,C02,10,"[""org.apache.xerces.impl.XMLErrorReporter"",""org.apache.xerces.parsers.XML11Configuration"",""org.apache.xerces.xni.QName"",""org.apache.xerces.xni.XMLAttributes""]",8,31
stage1+stage3,C11,P04,C03,7,"[""org.apache.xerces.impl.xs.SchemaNamespaceSupport$SchemaRootContext"",""org.apache.xerces.util.NamespaceSupport"",""org.apache.xerces.util.SymbolTable""]",4,21
stage1+stage3,C11,P04,C04,19,"[""org.apache.xerces.impl.xs.XMLSchemaLoader"",""org.apache.xerces.impl.xs.XSLoaderImpl"",""org.apache.xerces.impl.xs.traversers.XSDHandler$XSAnnotationGrammarPool"",""org.apache.xerces.impl.xs.util.XSGrammarPool"",""org.apache.xerces.parsers.DOMASBuilderImpl"",""org.apache.xerces.parsers.XMLGrammarCachingConfiguration"",""org.apache.xerces.util.XMLGrammarPoolImpl"",""org.apache.xerces.util.XMLResourceIdentifierImpl"",""org.apache.xerces.xni.grammars.Grammar"",""org.apache.xerces.xni.grammars.XMLGrammarDescription"",""org.apache.xerces.xni.grammars.XMLSchemaDescription"",""org.apache.xerces.xni.grammars.XSGrammar"",""org.apache.xerces.xs.XSModel""]",30,140
stage1+stage3,C11,P04,C05,25,"[""org.apache.xerces.impl.dv.ValidatedInfo"",""org.apache.xerces.impl.xs.ElementPSVImpl"",""org.apache.xerces.impl.xs.XMLSchemaValidator"",""org.apache.xerces.impl.xs.XMLSchemaValidator$ValueStoreCache"",""org.apache.xerces.impl.xs.identity.IdentityConstraint"",""org.apache.xerces.impl.xs.models.XSCMValidator"",""org.apache.xerces.xs.ShortList"",""org.apache.xerces.xs.StringList"",""org.apache.xerces.xs.XSValue""]",37,185
stage1+stage3,C11,P04,C10,3,"[""org.apache.xerces.impl.xs.models.CMBuilder"",""org.apache.xerces.impl.xs.models.XSDFACM"",""org.apache.xerces.impl.xs.models.XSEmptyCM""]",9,44
stage1+stage3,C11,P04,C12,34,"[""org.apache.xerces.impl.dv.ValidationContext""]",1,1
stage1+stage3,C11,P04,C17,15,"[""org.apache.xerces.parsers.AbstractSAXParser"",""org.apache.xerces.parsers.DOMParser"",""org.apache.xerces.parsers.SAXParser""]",8,20
stage1+stage3,C11,P05,C02,10,"[""org.apache.xerces.xni.QName""]",1,2
stage1+stage3,C11,P05,C05,25,"[""org.apache.xerces.impl.xs.models.XSCMValidator""]",1,1
stage1+stage3,C11,P05,C10,3,"[""org.apache.xerces.impl.xs.models.CMBuilder""]",1,4
stage1+stage3,C11,P06,C02,10,"[""org.apache.xerces.impl.XMLErrorReporter"",""org.apache.xerces.impl.xs.opti.SchemaParsingConfig"",""org.apache.xerces.parsers.XML11Configuration"",""org.apache.xerces.xni.QName"",""org.apache.xerces.xni.parser.XMLComponentManager""]",8,80
stage1+stage3,C11,P06,C03,7,"[""org.apache.xerces.impl.xs.traversers.SchemaContentHandler"",""org.apache.xerces.util.NamespaceSupport"",""org.apache.xerces.util.SymbolTable""]",9,47
stage1+stage3,C11,P06,C04,19,"[""org.apache.xerces.impl.xs.XMLSchemaLoader"",""org.apache.xerces.impl.xs.traversers.XSDHandler$XSAnnotationGrammarPool"",""org.apache.xerces.util.DOMInputSource"",""org.apache.xerces.util.SAXInputSource"",""org.apache.xerces.util.StAXInputSource"",""org.apache.xerces.util.XMLResourceIdentifierImpl"",""org.apache.xerces.xni.grammars.XMLGrammarPool"",""org.apache.xerces.xni.parser.XMLEntityResolver"",""org.apache.xerces.xni.parser.XMLInputSource""]",9,120
stage1+stage3,C11,P06,C05,25,"[""org.apache.xerces.impl.dv.ValidatedInfo"",""org.apache.xerces.impl.validation.ValidationState"",""org.apache.xerces.impl.xs.identity.Field"",""org.apache.xerces.impl.xs.identity.IdentityConstraint"",""org.apache.xerces.impl.xs.identity.KeyRef"",""org.apache.xerces.impl.xs.identity.Selector"",""org.apache.xerces.impl.xs.identity.UniqueOrKey"",""org.apache.xerces.xs.StringList""]",17,119
stage1+stage3,C11,P06,C08,2,"[""org.apache.xerces.impl.XMLEntityManager"",""org.apache.xerces.util.XMLChar""]",5,30
stage1+stage3,C11,P06,C12,34,"[""org.apache.xerces.impl.dv.InvalidDatatypeValueException""]",1,36
stage1+stage3,C11,P06,C14,3,"[""org.apache.xerces.impl.xpath.XPathException"",""org.apache.xerces.impl.xs.identity.Field$XPath"",""org.apache.xerces.impl.xs.identity.Selector$XPath""]",3,8
stage1+stage3,C11,P06,C17,15,"[""org.apache.xerces.impl.xs.opti.DefaultDocument"",""org.apache.xerces.impl.xs.opti.ElementImpl"",""org.apache.xerces.impl.xs.opti.SchemaDOMParser"",""org.apache.xerces.impl.xs.traversers.StAXSchemaParser"",""org.apache.xerces.impl.xs.traversers.XSDHandler$SAX2XNIUtil"",""org.apache.xerces.parsers.SAXParser"",""org.apache.xerces.util.DefaultErrorHandler"",""org.apache.xerces.util.StAXLocationWrapper"",""org.apache.xerces.xni.parser.XMLParseException""]",10,78
stage1+stage3,C11,P07,C01,8,"[""org.apache.xerces.dom.DOMNormalizer""]",1,2
stage1+stage3,C11,P07,C03,7,"[""org.apache.xerces.jaxp.validation.DOMValidatorHelper""]",1,7
stage1+stage3,C11,P07,C04,19,"[""org.apache.xerces.xni.parser.XMLInputSource""]",1,5
stage1+stage3,C11,P07,C05,25,"[""org.apache.xerces.impl.dv.ValidatedInfo"",""org.apache.xerces.impl.xs.XMLSchemaValidator"",""org.apache.xerces.impl.xs.XSImplementationImpl"",""org.apache.xerces.impl.xs.identity.IdentityConstraint"",""org.apache.xerces.xs.StringList""]",6,13
stage1+stage3,C11,P07,C17,15,"[""org.apache.xerces.xni.XMLLocator""]",1,1
stage1+stage3,C11,P08,C01,8,"[""org.apache.xerces.dom.AttrImpl"",""org.apache.xerces.dom.NodeImpl""]",2,8
stage1+stage3,C11,P08,C03,7,"[""org.apache.xerces.util.PrimeNumberSequenceGenerator"",""org.apache.xml.serialize.DOMSerializerImpl""]",2,12
stage1+stage3,C11,P08,C17,15,"[""org.apache.xerces.impl.xs.opti.ElementImpl"",""org.apache.xerces.impl.xs.opti.NodeImpl"",""org.apache.xerces.parsers.AbstractSAXParser"",""org.apache.xerces.parsers.DOMParserImpl""]",4,29
stage1+stage3,C11,P09,C01,8,"[""org.apache.xerces.dom.ElementNSImpl""]",2,4
stage1+stage3,C11,P09,C04,19,"[""org.apache.xerces.xs.XSModel""]",10,13
stage1+stage3,C11,P09,C05,25,"[""org.apache.xerces.dom.PSVIAttrNSImpl"",""org.apache.xerces.dom.PSVIElementNSImpl"",""org.apache.xerces.impl.dv.ValidatedInfo"",""org.apache.xerces.impl.xs.AttributePSVImpl"",""org.apache.xerces.impl.xs.ElementPSVImpl"",""org.apache.xerces.impl.xs.XMLSchemaValidator"",""org.apache.xerces.impl.xs.identity.Field$Matcher"",""org.apache.xerces.impl.xs.identity.IdentityConstraint"",""org.apache.xerces.impl.xs.identity.KeyRef"",""org.apache.xerces.impl.xs.identity.Selector$Matcher"",""org.apache.xerces.impl.xs.identity.XPathMatcher"",""org.apache.xerces.xs.AttributePSVI"",""org.apache.xerces.xs.ElementPSVI"",""org.apache.xerces.xs.ItemPSVI"",""org.apache.xerces.xs.ShortList"",""org.apache.xerces.xs.StringList"",""org.apache.xerces.xs.XSValue""]",47,122
