path,classification,old_selector_dependency,sha256,byte_size,action,replacement_path,replacement_sha256,historical_evidence_retained,reason
results/daytrader/03_stage2_nsga/robustness/seed_00/run_metrics.json,superseded_active_derived,true,df2ed5f59e668fa7136baf0d77dc9a26e85cc8696d9fb8fdf0782bc16c6aedb6,2083,delete_superseded,results/daytrader/03_stage2_nsga/robustness_final_30seeds/raw_runs.csv,,false,"Old selected-solution metrics; retained Pareto front, candidate labels, run metadata, and manifest remain historical evidence; current canonical replacement is the modularity-band profile."
results/daytrader/03_stage2_nsga/robustness/seed_01/run_metrics.json,superseded_active_derived,true,1dee0e43f3f5d133f3c5f470b968c954eaa4bd9562456feacaa575d4da8aa755,2082,delete_superseded,results/daytrader/03_stage2_nsga/robustness_final_30seeds/raw_runs.csv,,false,"Old selected-solution metrics; retained Pareto front, candidate labels, run metadata, and manifest remain historical evidence; current canonical replacement is the modularity-band profile."
results/daytrader/03_stage2_nsga/robustness/seed_02/run_metrics.json,superseded_active_derived,true,5ab3d63e87a8f68edb45cac7798bac5826245c016570358071ac8a82356d2a2e,2081,delete_superseded,results/daytrader/03_stage2_nsga/robustness_final_30seeds/raw_runs.csv,,false,"Old selected-solution metrics; retained Pareto front, candidate labels, run metadata, and manifest remain historical evidence; current canonical replacement is the modularity-band profile."
results/daytrader/03_stage2_nsga/robustness/seed_03/run_metrics.json,superseded_active_derived,true,1614d34f3c04903150bc3d4caf7e27abc5124f9a117571ad9f501ae22c5664a8,2054,delete_superseded,results/daytrader/03_stage2_nsga/robustness_final_30seeds/raw_runs.csv,,false,"Old selected-solution metrics; retained Pareto front, candidate labels, run metadata, and manifest remain historical evidence; current canonical replacement is the modularity-band profile."
results/daytrader/03_stage2_nsga/robustness/seed_04/run_metrics.json,superseded_active_derived,true,ea26739449c89e81f71bfdc8fe324527e32871eac4205dd6afae187520903a5a,2054,delete_superseded,results/daytrader/03_stage2_nsga/robustness_final_30seeds/raw_runs.csv,,false,"Old selected-solution metrics; retained Pareto front, candidate labels, run metadata, and manifest remain historical evidence; current canonical replacement is the modularity-band profile."
results/daytrader/03_stage2_nsga/robustness/seed_05/run_metrics.json,superseded_active_derived,true,ce5e6c044a891aff5b115a3834a1716f4701574e9294b9378c1339dfc316d70f,2084,delete_superseded,results/daytrader/03_stage2_nsga/robustness_final_30seeds/raw_runs.csv,,false,"Old selected-solution metrics; retained Pareto front, candidate labels, run metadata, and manifest remain historical evidence; current canonical replacement is the modularity-band profile."
results/daytrader/03_stage2_nsga/robustness/seed_06/run_metrics.json,superseded_active_derived,true,9adac91daa4f07bfdb0a2b36fed067dfd1ce70bbdd57bf3ab4c16fdeec7c2578,2066,delete_superseded,results/daytrader/03_stage2_nsga/robustness_final_30seeds/raw_runs.csv,,false,"Old selected-solution metrics; retained Pareto front, candidate labels, run metadata, and manifest remain historical evidence; current canonical replacement is the modularity-band profile."
results/daytrader/03_stage2_nsga/robustness/seed_07/run_metrics.json,superseded_active_derived,true,e136b106fc9c38f15b604cbc709b0127b3f674d6a97a9fdf5e036b1ba7406af3,2069,delete_superseded,results/daytrader/03_stage2_nsga/robustness_final_30seeds/raw_runs.csv,,false,"Old selected-solution metrics; retained Pareto front, candidate labels, run metadata, and manifest remain historical evidence; current canonical replacement is the modularity-band profile."
results/daytrader/03_stage2_nsga/robustness/seed_08/run_metrics.json,superseded_active_derived,true,f427e1154944ab5a2f63e2ea084db9b6010f40b0e28bc2b1868abd4040e5909e,2073,delete_superseded,results/daytrader/03_stage2_nsga/robustness_final_30seeds/raw_runs.csv,,false,"Old selected-solution metrics; retained Pareto front, candidate labels, run metadata, and manifest remain historical evidence; current canonical replacement is the modularity-band profile."
results/daytrader/03_stage2_nsga/robustness/seed_09/run_metrics.json,superseded_active_derived,true,4e0df3d865a668f5e933fa82c18abc2861d91db9e0cf061da3dc5c1c333eb369,2083,delete_superseded,results/daytrader/03_stage2_nsga/robustness_final_30seeds/raw_runs.csv,,false,"Old selected-solution metrics; retained Pareto front, candidate labels, run metadata, and manifest remain historical evidence; current canonical replacement is the modularity-band profile."
results/daytrader/03_stage2_nsga/robustness/seed_10/run_metrics.json,superseded_active_derived,true,22bd18b49f7c94447ea12cbe62bf28b7920b8423d20936cc0e7754a4af37c34d,2071,delete_superseded,results/daytrader/03_stage2_nsga/robustness_final_30seeds/raw_runs.csv,,false,"Old selected-solution metrics; retained Pareto front, candidate labels, run metadata, and manifest remain historical evidence; current canonical replacement is the modularity-band profile."
results/daytrader/03_stage2_nsga/robustness/seed_11/run_metrics.json,superseded_active_derived,true,f1fe14623e0a6a815c7f0f700c473c7ed4664b8fbf1bcce62c68d31917f4379e,2109,delete_superseded,results/daytrader/03_stage2_nsga/robustness_final_30seeds/raw_runs.csv,,false,"Old selected-solution metrics; retained Pareto front, candidate labels, run metadata, and manifest remain historical evidence; current canonical replacement is the modularity-band profile."
results/daytrader/03_stage2_nsga/robustness/seed_12/run_metrics.json,superseded_active_derived,true,b1fad15c1b58b5286d2b6b81fd6a259efd2e50426280c79cdb368a46bb9487c7,2066,delete_superseded,results/daytrader/03_stage2_nsga/robustness_final_30seeds/raw_runs.csv,,false,"Old selected-solution metrics; retained Pareto front, candidate labels, run metadata, and manifest remain historical evidence; current canonical replacement is the modularity-band profile."
results/daytrader/03_stage2_nsga/robustness/seed_13/run_metrics.json,superseded_active_derived,true,ed874776758127a53ba86530d0aae98d57edda653ab5666bcb2fd73645e836f2,2068,delete_superseded,results/daytrader/03_stage2_nsga/robustness_final_30seeds/raw_runs.csv,,false,"Old selected-solution metrics; retained Pareto front, candidate labels, run metadata, and manifest remain historical evidence; current canonical replacement is the modularity-band profile."
results/daytrader/03_stage2_nsga/robustness/seed_14/run_metrics.json,superseded_active_derived,true,adf9850b1f2db4f5858b427b91208d5f6fc8feb065cce0da9907b3ae25fae2b5,2054,delete_superseded,results/daytrader/03_stage2_nsga/robustness_final_30seeds/raw_runs.csv,,false,"Old selected-solution metrics; retained Pareto front, candidate labels, run metadata, and manifest remain historical evidence; current canonical replacement is the modularity-band profile."
results/daytrader/03_stage2_nsga/robustness/seed_15/run_metrics.json,superseded_active_derived,true,9a9940b36234a789f2975aa763db928a51fd06853bef6b69a4961a0869a5e8cc,2054,delete_superseded,results/daytrader/03_stage2_nsga/robustness_final_30seeds/raw_runs.csv,,false,"Old selected-solution metrics; retained Pareto front, candidate labels, run metadata, and manifest remain historical evidence; current canonical replacement is the modularity-band profile."
results/daytrader/03_stage2_nsga/robustness/seed_16/run_metrics.json,superseded_active_derived,true,85e89ff0d1afed3e0c39249a9e4c89d7e69a2a9c83ee7706e51ec67e8d0ed0b9,2084,delete_superseded,results/daytrader/03_stage2_nsga/robustness_final_30seeds/raw_runs.csv,,false,"Old selected-solution metrics; retained Pareto front, candidate labels, run metadata, and manifest remain historical evidence; current canonical replacement is the modularity-band profile."
results/daytrader/03_stage2_nsga/robustness/seed_17/run_metrics.json,superseded_active_derived,true,9c6a9f3946f2236a7a73c247b3776435576303238d8d61a48c82eea31a52de99,2092,delete_superseded,results/daytrader/03_stage2_nsga/robustness_final_30seeds/raw_runs.csv,,false,"Old selected-solution metrics; retained Pareto front, candidate labels, run metadata, and manifest remain historical evidence; current canonical replacement is the modularity-band profile."
results/daytrader/03_stage2_nsga/robustness/seed_18/run_metrics.json,superseded_active_derived,true,6278851e022f9fa186731bbba7d6c50c9650c186127c87f5d9c86df7fca8cb95,2057,delete_superseded,results/daytrader/03_stage2_nsga/robustness_final_30seeds/raw_runs.csv,,false,"Old selected-solution metrics; retained Pareto front, candidate labels, run metadata, and manifest remain historical evidence; current canonical replacement is the modularity-band profile."
results/daytrader/03_stage2_nsga/robustness/seed_19/run_metrics.json,superseded_active_derived,true,616e08a7e1047baf91cb049f6fded2805dcdff37f77131aaf2bf7f1394489d7d,2055,delete_superseded,results/daytrader/03_stage2_nsga/robustness_final_30seeds/raw_runs.csv,,false,"Old selected-solution metrics; retained Pareto front, candidate labels, run metadata, and manifest remain historical evidence; current canonical replacement is the modularity-band profile."
results/daytrader/03_stage2_nsga/robustness/seed_20/run_metrics.json,superseded_active_derived,true,8f7748eb6c90db5213ac18c3addb865c3c37d42e53615c9c477298c46825e0a2,2059,delete_superseded,results/daytrader/03_stage2_nsga/robustness_final_30seeds/raw_runs.csv,,false,"Old selected-solution metrics; retained Pareto front, candidate labels, run metadata, and manifest remain historical evidence; current canonical replacement is the modularity-band profile."
results/daytrader/03_stage2_nsga/robustness/seed_21/run_metrics.json,superseded_active_derived,true,cce14b63a60108485cebc6a8dc54d2d461556069f0e385f6ac4d2ff5605f15c5,2056,delete_superseded,results/daytrader/03_stage2_nsga/robustness_final_30seeds/raw_runs.csv,,false,"Old selected-solution metrics; retained Pareto front, candidate labels, run metadata, and manifest remain historical evidence; current canonical replacement is the modularity-band profile."
results/daytrader/03_stage2_nsga/robustness/seed_22/run_metrics.json,superseded_active_derived,true,abd7e68674d821855ba60f3f470cc03c3bcb93266e222481f16c07f3c312e7a1,2056,delete_superseded,results/daytrader/03_stage2_nsga/robustness_final_30seeds/raw_runs.csv,,false,"Old selected-solution metrics; retained Pareto front, candidate labels, run metadata, and manifest remain historical evidence; current canonical replacement is the modularity-band profile."
results/daytrader/03_stage2_nsga/robustness/seed_23/run_metrics.json,superseded_active_derived,true,246874c6e99155906cf4a8057cbadd4e0ef421236b2af18fff518264a5996a3b,2095,delete_superseded,results/daytrader/03_stage2_nsga/robustness_final_30seeds/raw_runs.csv,,false,"Old selected-solution metrics; retained Pareto front, candidate labels, run metadata, and manifest remain historical evidence; current canonical replacement is the modularity-band profile."
results/daytrader/03_stage2_nsga/robustness/seed_24/run_metrics.json,superseded_active_derived,true,be6ba3ebd782fee100cf9a90e175830c7a7af4ba38dcca030b43170b8bbb1e77,2051,delete_superseded,results/daytrader/03_stage2_nsga/robustness_final_30seeds/raw_runs.csv,,false,"Old selected-solution metrics; retained Pareto front, candidate labels, run metadata, and manifest remain historical evidence; current canonical replacement is the modularity-band profile."
results/daytrader/03_stage2_nsga/robustness/seed_25/run_metrics.json,superseded_active_derived,true,fc7bb0825f845b04111ddd7633b8d265ee262c46c9a324157afed553ad9d0097,2085,delete_superseded,results/daytrader/03_stage2_nsga/robustness_final_30seeds/raw_runs.csv,,false,"Old selected-solution metrics; retained Pareto front, candidate labels, run metadata, and manifest remain historical evidence; current canonical replacement is the modularity-band profile."
results/daytrader/03_stage2_nsga/robustness/seed_26/run_metrics.json,superseded_active_derived,true,ed56c970eee30bc0b32c040b586e7aea3e743c3d1ca7915fede37385433be85b,2055,delete_superseded,results/daytrader/03_stage2_nsga/robustness_final_30seeds/raw_runs.csv,,false,"Old selected-solution metrics; retained Pareto front, candidate labels, run metadata, and manifest remain historical evidence; current canonical replacement is the modularity-band profile."
results/daytrader/03_stage2_nsga/robustness/seed_27/run_metrics.json,superseded_active_derived,true,eb36783951d03b26552683ac88fd37c14f86ee4e04792f7ff2105766f4ff1ded,2072,delete_superseded,results/daytrader/03_stage2_nsga/robustness_final_30seeds/raw_runs.csv,,false,"Old selected-solution metrics; retained Pareto front, candidate labels, run metadata, and manifest remain historical evidence; current canonical replacement is the modularity-band profile."
results/daytrader/03_stage2_nsga/robustness/seed_28/run_metrics.json,superseded_active_derived,true,bb6b49ef918a61efdc35be418ba9f171558ddb430f9fc7ae53d168e54aa4e6ed,2050,delete_superseded,results/daytrader/03_stage2_nsga/robustness_final_30seeds/raw_runs.csv,,false,"Old selected-solution metrics; retained Pareto front, candidate labels, run metadata, and manifest remain historical evidence; current canonical replacement is the modularity-band profile."
results/daytrader/03_stage2_nsga/robustness/seed_29/run_metrics.json,superseded_active_derived,true,3d22b5decee35c338e3bb2bb92a84623567642e3dca560e381718afca31af36b,2070,delete_superseded,results/daytrader/03_stage2_nsga/robustness_final_30seeds/raw_runs.csv,,false,"Old selected-solution metrics; retained Pareto front, candidate labels, run metadata, and manifest remain historical evidence; current canonical replacement is the modularity-band profile."
results/daytrader/03_stage2_nsga/robustness/raw_runs.csv,superseded_active_derived,true,f2b92abf9863658acfe590d280c49b8b71b6e50727dae05c25153ac9a3389eab,20211,delete_superseded,results/daytrader/03_stage2_nsga/robustness_final_30seeds/raw_runs.csv,,false,Historical max-modularity selected summary; not a formal current result.
results/jpetstore/03_stage2_nsga/robustness/seed_00/run_metrics.json,superseded_active_derived,true,8e1698c22d6b1014d03748fc0479e9be5cddbd1f8abdd02e66eeb47da5bf36f5,1969,delete_superseded,results/jpetstore/03_stage2_nsga/robustness_final_30seeds/raw_runs.csv,,false,"Old selected-solution metrics; retained Pareto front, candidate labels, run metadata, and manifest remain historical evidence; current canonical replacement is the modularity-band profile."
results/jpetstore/03_stage2_nsga/robustness/seed_01/run_metrics.json,superseded_active_derived,true,c223a5998e8da346f584a388aa52c665245c1753d52d79ea92a22bc6b4ff613d,1971,delete_superseded,results/jpetstore/03_stage2_nsga/robustness_final_30seeds/raw_runs.csv,,false,"Old selected-solution metrics; retained Pareto front, candidate labels, run metadata, and manifest remain historical evidence; current canonical replacement is the modularity-band profile."
results/jpetstore/03_stage2_nsga/robustness/seed_02/run_metrics.json,superseded_active_derived,true,3755419d8c31f62c8f86175187d443ee646a7a35e694f95b51d1aa86cfebd089,1964,delete_superseded,results/jpetstore/03_stage2_nsga/robustness_final_30seeds/raw_runs.csv,,false,"Old selected-solution metrics; retained Pareto front, candidate labels, run metadata, and manifest remain historical evidence; current canonical replacement is the modularity-band profile."
results/jpetstore/03_stage2_nsga/robustness/seed_03/run_metrics.json,superseded_active_derived,true,0e1af0acd6f11eb23d7eeeb94cf1be4994f1fbb818154489904f499591c974df,1969,delete_superseded,results/jpetstore/03_stage2_nsga/robustness_final_30seeds/raw_runs.csv,,false,"Old selected-solution metrics; retained Pareto front, candidate labels, run metadata, and manifest remain historical evidence; current canonical replacement is the modularity-band profile."
results/jpetstore/03_stage2_nsga/robustness/seed_04/run_metrics.json,superseded_active_derived,true,748a6a2a85183836ccc5c8a20f364eac5e7d2ae7a0bf2d4a17d93ef641467da7,1963,delete_superseded,results/jpetstore/03_stage2_nsga/robustness_final_30seeds/raw_runs.csv,,false,"Old selected-solution metrics; retained Pareto front, candidate labels, run metadata, and manifest remain historical evidence; current canonical replacement is the modularity-band profile."
results/jpetstore/03_stage2_nsga/robustness/seed_05/run_metrics.json,superseded_active_derived,true,832bf3506626246e1a68fdeecf593cef2169c6c3651f86e1705acd3ffbe8f348,1970,delete_superseded,results/jpetstore/03_stage2_nsga/robustness_final_30seeds/raw_runs.csv,,false,"Old selected-solution metrics; retained Pareto front, candidate labels, run metadata, and manifest remain historical evidence; current canonical replacement is the modularity-band profile."
results/jpetstore/03_stage2_nsga/robustness/seed_06/run_metrics.json,superseded_active_derived,true,9690becb400bdd8690ba9553063451c77259d13a96d62ade77280884c798a7c7,1969,delete_superseded,results/jpetstore/03_stage2_nsga/robustness_final_30seeds/raw_runs.csv,,false,"Old selected-solution metrics; retained Pareto front, candidate labels, run metadata, and manifest remain historical evidence; current canonical replacement is the modularity-band profile."
results/jpetstore/03_stage2_nsga/robustness/seed_07/run_metrics.json,superseded_active_derived,true,143e27a60788021ab61929750406134b78bf6088e154780caae48b7975e59b46,1963,delete_superseded,results/jpetstore/03_stage2_nsga/robustness_final_30seeds/raw_runs.csv,,false,"Old selected-solution metrics; retained Pareto front, candidate labels, run metadata, and manifest remain historical evidence; current canonical replacement is the modularity-band profile."
results/jpetstore/03_stage2_nsga/robustness/seed_08/run_metrics.json,superseded_active_derived,true,bb9f8ee950c0ac4134aa96146a9a3ec86dd4c85ad7d8499ccaf9a4ab26767e43,1969,delete_superseded,results/jpetstore/03_stage2_nsga/robustness_final_30seeds/raw_runs.csv,,false,"Old selected-solution metrics; retained Pareto front, candidate labels, run metadata, and manifest remain historical evidence; current canonical replacement is the modularity-band profile."
results/jpetstore/03_stage2_nsga/robustness/seed_09/run_metrics.json,superseded_active_derived,true,521ca1e902c350ef211b78d32dc3fe65b3b0ce44f01864adc658919cb5ba2fc0,1971,delete_superseded,results/jpetstore/03_stage2_nsga/robustness_final_30seeds/raw_runs.csv,,false,"Old selected-solution metrics; retained Pareto front, candidate labels, run metadata, and manifest remain historical evidence; current canonical replacement is the modularity-band profile."
results/jpetstore/03_stage2_nsga/robustness/seed_10/run_metrics.json,superseded_active_derived,true,0401d5664c0a81d53751e42ff5392d73447bb7a4a4c997783d166cc65a3509ff,1966,delete_superseded,results/jpetstore/03_stage2_nsga/robustness_final_30seeds/raw_runs.csv,,false,"Old selected-solution metrics; retained Pareto front, candidate labels, run metadata, and manifest remain historical evidence; current canonical replacement is the modularity-band profile."
results/jpetstore/03_stage2_nsga/robustness/seed_11/run_metrics.json,superseded_active_derived,true,4e94933173d712dffbf76e73b0e01e837e22151809f03d423d7655a70c1b8c86,1965,delete_superseded,results/jpetstore/03_stage2_nsga/robustness_final_30seeds/raw_runs.csv,,false,"Old selected-solution metrics; retained Pareto front, candidate labels, run metadata, and manifest remain historical evidence; current canonical replacement is the modularity-band profile."
results/jpetstore/03_stage2_nsga/robustness/seed_12/run_metrics.json,superseded_active_derived,true,66ff88560b4567710db54339582968a7c25faf71b01dbf36dd6fda426d2fa999,1965,delete_superseded,results/jpetstore/03_stage2_nsga/robustness_final_30seeds/raw_runs.csv,,false,"Old selected-solution metrics; retained Pareto front, candidate labels, run metadata, and manifest remain historical evidence; current canonical replacement is the modularity-band profile."
results/jpetstore/03_stage2_nsga/robustness/seed_13/run_metrics.json,superseded_active_derived,true,ed597baeec49aa6f2d911453b4d4f56cf44816ccd2faf1fdfd6850b4bf7ecc9f,1971,delete_superseded,results/jpetstore/03_stage2_nsga/robustness_final_30seeds/raw_runs.csv,,false,"Old selected-solution metrics; retained Pareto front, candidate labels, run metadata, and manifest remain historical evidence; current canonical replacement is the modularity-band profile."
results/jpetstore/03_stage2_nsga/robustness/seed_14/run_metrics.json,superseded_active_derived,true,8fb42bc3c6ad5ae9e7106341d23d4742ca2d595713b1c49db8e0cf9f602154f0,1971,delete_superseded,results/jpetstore/03_stage2_nsga/robustness_final_30seeds/raw_runs.csv,,false,"Old selected-solution metrics; retained Pareto front, candidate labels, run metadata, and manifest remain historical evidence; current canonical replacement is the modularity-band profile."
results/jpetstore/03_stage2_nsga/robustness/seed_15/run_metrics.json,superseded_active_derived,true,0905cb57702c55caf269dbd23b3a4e9cb2c40d045bc7df98c2a1d726ea648c77,1971,delete_superseded,results/jpetstore/03_stage2_nsga/robustness_final_30seeds/raw_runs.csv,,false,"Old selected-solution metrics; retained Pareto front, candidate labels, run metadata, and manifest remain historical evidence; current canonical replacement is the modularity-band profile."
results/jpetstore/03_stage2_nsga/robustness/seed_16/run_metrics.json,superseded_active_derived,true,ee97e4c14a619035e3aa2007934f1aa27458d76813517597d0d02ae01b528d4a,1967,delete_superseded,results/jpetstore/03_stage2_nsga/robustness_final_30seeds/raw_runs.csv,,false,"Old selected-solution metrics; retained Pareto front, candidate labels, run metadata, and manifest remain historical evidence; current canonical replacement is the modularity-band profile."
results/jpetstore/03_stage2_nsga/robustness/seed_17/run_metrics.json,superseded_active_derived,true,4c133aa70d696cc835e0697836040f31521c83ad64f4a55df32e4606b9712da1,1972,delete_superseded,results/jpetstore/03_stage2_nsga/robustness_final_30seeds/raw_runs.csv,,false,"Old selected-solution metrics; retained Pareto front, candidate labels, run metadata, and manifest remain historical evidence; current canonical replacement is the modularity-band profile."
results/jpetstore/03_stage2_nsga/robustness/seed_18/run_metrics.json,superseded_active_derived,true,1b355c6563b64b90b73dcd97d2824dab70e6de62f7391709a3c06eec0aa3704f,1971,delete_superseded,results/jpetstore/03_stage2_nsga/robustness_final_30seeds/raw_runs.csv,,false,"Old selected-solution metrics; retained Pareto front, candidate labels, run metadata, and manifest remain historical evidence; current canonical replacement is the modularity-band profile."
results/jpetstore/03_stage2_nsga/robustness/seed_19/run_metrics.json,superseded_active_derived,true,041ea99275b42920c4e2e123875cbe07eff61aacc47f403e90b5da1644c04ba6,1967,delete_superseded,results/jpetstore/03_stage2_nsga/robustness_final_30seeds/raw_runs.csv,,false,"Old selected-solution metrics; retained Pareto front, candidate labels, run metadata, and manifest remain historical evidence; current canonical replacement is the modularity-band profile."
results/jpetstore/03_stage2_nsga/robustness/seed_20/run_metrics.json,superseded_active_derived,true,ac73ffc819091fc00f2a0c91d1d658602e659ef8899a7cb3f128cc1e949efacc,1966,delete_superseded,results/jpetstore/03_stage2_nsga/robustness_final_30seeds/raw_runs.csv,,false,"Old selected-solution metrics; retained Pareto front, candidate labels, run metadata, and manifest remain historical evidence; current canonical replacement is the modularity-band profile."
results/jpetstore/03_stage2_nsga/robustness/seed_21/run_metrics.json,superseded_active_derived,true,5737fc7623d0bdc5ae58627c930b916ca41c5c3455480c80370f800f12fa8763,1972,delete_superseded,results/jpetstore/03_stage2_nsga/robustness_final_30seeds/raw_runs.csv,,false,"Old selected-solution metrics; retained Pareto front, candidate labels, run metadata, and manifest remain historical evidence; current canonical replacement is the modularity-band profile."
results/jpetstore/03_stage2_nsga/robustness/seed_22/run_metrics.json,superseded_active_derived,true,bee0262b3ea03ef14028933bfcbda79578409104cbc2b110b60ca4689c48f63d,1972,delete_superseded,results/jpetstore/03_stage2_nsga/robustness_final_30seeds/raw_runs.csv,,false,"Old selected-solution metrics; retained Pareto front, candidate labels, run metadata, and manifest remain historical evidence; current canonical replacement is the modularity-band profile."
results/jpetstore/03_stage2_nsga/robustness/seed_23/run_metrics.json,superseded_active_derived,true,092ff02f7b6942636e44ec8c1d25a83ac8c74ff187077b268921d81d22b96c16,1971,delete_superseded,results/jpetstore/03_stage2_nsga/robustness_final_30seeds/raw_runs.csv,,false,"Old selected-solution metrics; retained Pareto front, candidate labels, run metadata, and manifest remain historical evidence; current canonical replacement is the modularity-band profile."
results/jpetstore/03_stage2_nsga/robustness/seed_24/run_metrics.json,superseded_active_derived,true,5d5eca835308180f019bf91141bb5c4fd162b9412a21776551d1035ef0f2db11,1966,delete_superseded,results/jpetstore/03_stage2_nsga/robustness_final_30seeds/raw_runs.csv,,false,"Old selected-solution metrics; retained Pareto front, candidate labels, run metadata, and manifest remain historical evidence; current canonical replacement is the modularity-band profile."
results/jpetstore/03_stage2_nsga/robustness/seed_25/run_metrics.json,superseded_active_derived,true,fd61ccfcf9d7724664e6f3e5338285c79cd35fb4b37669aabd4cf5648a053b2a,1966,delete_superseded,results/jpetstore/03_stage2_nsga/robustness_final_30seeds/raw_runs.csv,,false,"Old selected-solution metrics; retained Pareto front, candidate labels, run metadata, and manifest remain historical evidence; current canonical replacement is the modularity-band profile."
results/jpetstore/03_stage2_nsga/robustness/seed_26/run_metrics.json,superseded_active_derived,true,70e20e5dfa198c699c54a239c8f338c8a56a43cd10c79a2e20167bb92690ec74,1972,delete_superseded,results/jpetstore/03_stage2_nsga/robustness_final_30seeds/raw_runs.csv,,false,"Old selected-solution metrics; retained Pareto front, candidate labels, run metadata, and manifest remain historical evidence; current canonical replacement is the modularity-band profile."
results/jpetstore/03_stage2_nsga/robustness/seed_27/run_metrics.json,superseded_active_derived,true,42e03140a8729e40a8323f027cf38c389dffd1465910bce4be386a05acc873c3,1966,delete_superseded,results/jpetstore/03_stage2_nsga/robustness_final_30seeds/raw_runs.csv,,false,"Old selected-solution metrics; retained Pareto front, candidate labels, run metadata, and manifest remain historical evidence; current canonical replacement is the modularity-band profile."
results/jpetstore/03_stage2_nsga/robustness/seed_28/run_metrics.json,superseded_active_derived,true,03e8c97a0e5d4bb2b4aee710ffb185d1d66b8f50bd14372253e807c945a86721,1972,delete_superseded,results/jpetstore/03_stage2_nsga/robustness_final_30seeds/raw_runs.csv,,false,"Old selected-solution metrics; retained Pareto front, candidate labels, run metadata, and manifest remain historical evidence; current canonical replacement is the modularity-band profile."
results/jpetstore/03_stage2_nsga/robustness/seed_29/run_metrics.json,superseded_active_derived,true,db2a3bed2ddb1bc9bba0a741c35e276ff081a1b1c7856997173c1716e32c65fc,1972,delete_superseded,results/jpetstore/03_stage2_nsga/robustness_final_30seeds/raw_runs.csv,,false,"Old selected-solution metrics; retained Pareto front, candidate labels, run metadata, and manifest remain historical evidence; current canonical replacement is the modularity-band profile."
results/jpetstore/03_stage2_nsga/robustness/raw_runs.csv,superseded_active_derived,true,cda85d756c764c392590197410f2bc700bb65ee78be49efead39e0786a8c8c55,16342,delete_superseded,results/jpetstore/03_stage2_nsga/robustness_final_30seeds/raw_runs.csv,,false,Historical max-modularity selected summary; not a formal current result.
results/xerces-j/03_stage2_nsga/robustness/seed_00/run_metrics.json,superseded_active_derived,true,e597daccff1d3585080178fc5dcbdf768d795f838fc584bf92f681ac2948618e,2019,delete_superseded,results/xerces-j/03_stage2_nsga/robustness_final_30seeds/raw_runs.csv,,false,"Old selected-solution metrics; retained Pareto front, candidate labels, run metadata, and manifest remain historical evidence; current canonical replacement is the modularity-band profile."
results/xerces-j/03_stage2_nsga/robustness/seed_01/run_metrics.json,superseded_active_derived,true,d95a9e913c5d10bec5548a58af7765c20a9091aab18293374f31e227e916bdf7,2022,delete_superseded,results/xerces-j/03_stage2_nsga/robustness_final_30seeds/raw_runs.csv,,false,"Old selected-solution metrics; retained Pareto front, candidate labels, run metadata, and manifest remain historical evidence; current canonical replacement is the modularity-band profile."
results/xerces-j/03_stage2_nsga/robustness/seed_02/run_metrics.json,superseded_active_derived,true,a14b045dae00dc4b694caad95f7cc7498c7a60cd5dc9fe16c15d24493d58c764,1999,delete_superseded,results/xerces-j/03_stage2_nsga/robustness_final_30seeds/raw_runs.csv,,false,"Old selected-solution metrics; retained Pareto front, candidate labels, run metadata, and manifest remain historical evidence; current canonical replacement is the modularity-band profile."
results/xerces-j/03_stage2_nsga/robustness/seed_03/run_metrics.json,superseded_active_derived,true,75b7485a1dd33c63457fb16f7b3fed139739af5e478ab7ec689a18067051ef0e,2003,delete_superseded,results/xerces-j/03_stage2_nsga/robustness_final_30seeds/raw_runs.csv,,false,"Old selected-solution metrics; retained Pareto front, candidate labels, run metadata, and manifest remain historical evidence; current canonical replacement is the modularity-band profile."
results/xerces-j/03_stage2_nsga/robustness/seed_04/run_metrics.json,superseded_active_derived,true,8212e11cfb11dd0b1b6fec1abc12f6de502d847877af61273fc9488b230c8549,2001,delete_superseded,results/xerces-j/03_stage2_nsga/robustness_final_30seeds/raw_runs.csv,,false,"Old selected-solution metrics; retained Pareto front, candidate labels, run metadata, and manifest remain historical evidence; current canonical replacement is the modularity-band profile."
results/xerces-j/03_stage2_nsga/robustness/seed_05/run_metrics.json,superseded_active_derived,true,c0afb656e96a7473e1a6bf9ee9a3840634bd83a941f9b2f68aa1832eb2561ace,2002,delete_superseded,results/xerces-j/03_stage2_nsga/robustness_final_30seeds/raw_runs.csv,,false,"Old selected-solution metrics; retained Pareto front, candidate labels, run metadata, and manifest remain historical evidence; current canonical replacement is the modularity-band profile."
results/xerces-j/03_stage2_nsga/robustness/seed_06/run_metrics.json,superseded_active_derived,true,58e54d4d2dc15d66cca0917df94c6979fa6fa8e2e611de6b4888d739f8d6298f,2023,delete_superseded,results/xerces-j/03_stage2_nsga/robustness_final_30seeds/raw_runs.csv,,false,"Old selected-solution metrics; retained Pareto front, candidate labels, run metadata, and manifest remain historical evidence; current canonical replacement is the modularity-band profile."
results/xerces-j/03_stage2_nsga/robustness/seed_07/run_metrics.json,superseded_active_derived,true,94dc3a3aaf9c2c480eeca3ccfee0a4cd3386d3b01ab7acc4493606a3fea65dfd,1998,delete_superseded,results/xerces-j/03_stage2_nsga/robustness_final_30seeds/raw_runs.csv,,false,"Old selected-solution metrics; retained Pareto front, candidate labels, run metadata, and manifest remain historical evidence; current canonical replacement is the modularity-band profile."
results/xerces-j/03_stage2_nsga/robustness/seed_08/run_metrics.json,superseded_active_derived,true,fb625e8f1f008d0cfd3dd67f8bb79966c1f621e2c563ab86b3a802ce3fa5ac83,2003,delete_superseded,results/xerces-j/03_stage2_nsga/robustness_final_30seeds/raw_runs.csv,,false,"Old selected-solution metrics; retained Pareto front, candidate labels, run metadata, and manifest remain historical evidence; current canonical replacement is the modularity-band profile."
results/xerces-j/03_stage2_nsga/robustness/seed_09/run_metrics.json,superseded_active_derived,true,a006d526abb392f8b4d95238a68b344584f2c55ae60bbae8787a6fdff8d112b1,2003,delete_superseded,results/xerces-j/03_stage2_nsga/robustness_final_30seeds/raw_runs.csv,,false,"Old selected-solution metrics; retained Pareto front, candidate labels, run metadata, and manifest remain historical evidence; current canonical replacement is the modularity-band profile."
results/xerces-j/03_stage2_nsga/robustness/seed_10/run_metrics.json,superseded_active_derived,true,55c9184d8e0411a58c3fadf37e5cd27787983fe442bfa32a30935f67bfee0b67,2022,delete_superseded,results/xerces-j/03_stage2_nsga/robustness_final_30seeds/raw_runs.csv,,false,"Old selected-solution metrics; retained Pareto front, candidate labels, run metadata, and manifest remain historical evidence; current canonical replacement is the modularity-band profile."
results/xerces-j/03_stage2_nsga/robustness/seed_11/run_metrics.json,superseded_active_derived,true,20f1a84eb6b04f46f54fbf2aa14df1f44233d9ea3528ca94cc21c933aaad8f55,2005,delete_superseded,results/xerces-j/03_stage2_nsga/robustness_final_30seeds/raw_runs.csv,,false,"Old selected-solution metrics; retained Pareto front, candidate labels, run metadata, and manifest remain historical evidence; current canonical replacement is the modularity-band profile."
results/xerces-j/03_stage2_nsga/robustness/seed_12/run_metrics.json,superseded_active_derived,true,ae813b03a623da35c33daebbc2cf712ae0b6203642d4153db85a63247b724b63,2024,delete_superseded,results/xerces-j/03_stage2_nsga/robustness_final_30seeds/raw_runs.csv,,false,"Old selected-solution metrics; retained Pareto front, candidate labels, run metadata, and manifest remain historical evidence; current canonical replacement is the modularity-band profile."
results/xerces-j/03_stage2_nsga/robustness/seed_13/run_metrics.json,superseded_active_derived,true,1f4dab436d03d1c439bfee722a121f4813443b51f6a5c20e9f8307cbea313e26,2020,delete_superseded,results/xerces-j/03_stage2_nsga/robustness_final_30seeds/raw_runs.csv,,false,"Old selected-solution metrics; retained Pareto front, candidate labels, run metadata, and manifest remain historical evidence; current canonical replacement is the modularity-band profile."
results/xerces-j/03_stage2_nsga/robustness/seed_14/run_metrics.json,superseded_active_derived,true,7c4d61505beb8cf19504a468ec15b8bef0d35dcd8ff3c054314cffdee07ddcee,2004,delete_superseded,results/xerces-j/03_stage2_nsga/robustness_final_30seeds/raw_runs.csv,,false,"Old selected-solution metrics; retained Pareto front, candidate labels, run metadata, and manifest remain historical evidence; current canonical replacement is the modularity-band profile."
results/xerces-j/03_stage2_nsga/robustness/seed_15/run_metrics.json,superseded_active_derived,true,48dbf9e8032fcd1d0b5bf05439d607318794e4c421779fcccba338ac925d6a54,2004,delete_superseded,results/xerces-j/03_stage2_nsga/robustness_final_30seeds/raw_runs.csv,,false,"Old selected-solution metrics; retained Pareto front, candidate labels, run metadata, and manifest remain historical evidence; current canonical replacement is the modularity-band profile."
results/xerces-j/03_stage2_nsga/robustness/seed_16/run_metrics.json,superseded_active_derived,true,04d2ee9bb3a9888bf605effdb43dd34b454247f51f13d7505b3b0fe1f837ac70,1999,delete_superseded,results/xerces-j/03_stage2_nsga/robustness_final_30seeds/raw_runs.csv,,false,"Old selected-solution metrics; retained Pareto front, candidate labels, run metadata, and manifest remain historical evidence; current canonical replacement is the modularity-band profile."
results/xerces-j/03_stage2_nsga/robustness/seed_17/run_metrics.json,superseded_active_derived,true,0f94e074f55a71a739c7b1da6931fa60d2629be55e47fc02d9d5fe84d8fb3c8c,2005,delete_superseded,results/xerces-j/03_stage2_nsga/robustness_final_30seeds/raw_runs.csv,,false,"Old selected-solution metrics; retained Pareto front, candidate labels, run metadata, and manifest remain historical evidence; current canonical replacement is the modularity-band profile."
results/xerces-j/03_stage2_nsga/robustness/seed_18/run_metrics.json,superseded_active_derived,true,0e699f339ee330fb56a04b375ae76bb97f28c7bfb82b37be91b2f8eea9be33dc,1996,delete_superseded,results/xerces-j/03_stage2_nsga/robustness_final_30seeds/raw_runs.csv,,false,"Old selected-solution metrics; retained Pareto front, candidate labels, run metadata, and manifest remain historical evidence; current canonical replacement is the modularity-band profile."
results/xerces-j/03_stage2_nsga/robustness/seed_19/run_metrics.json,superseded_active_derived,true,675c40757a9fa01cd4cfe73a92c10eab923fa04e5674962fb59bbb814f38a6e7,2005,delete_superseded,results/xerces-j/03_stage2_nsga/robustness_final_30seeds/raw_runs.csv,,false,"Old selected-solution metrics; retained Pareto front, candidate labels, run metadata, and manifest remain historical evidence; current canonical replacement is the modularity-band profile."
results/xerces-j/03_stage2_nsga/robustness/seed_20/run_metrics.json,superseded_active_derived,true,a60b9c749506f2e607574cd3a5a05ef3ee2768fd01d7923ab88fc3bb6f228fd7,1999,delete_superseded,results/xerces-j/03_stage2_nsga/robustness_final_30seeds/raw_runs.csv,,false,"Old selected-solution metrics; retained Pareto front, candidate labels, run metadata, and manifest remain historical evidence; current canonical replacement is the modularity-band profile."
results/xerces-j/03_stage2_nsga/robustness/seed_21/run_metrics.json,superseded_active_derived,true,4444273c9303ff9aa89106172204e29017fdb0a0f168d6a81e2f35e489e8e82c,2002,delete_superseded,results/xerces-j/03_stage2_nsga/robustness_final_30seeds/raw_runs.csv,,false,"Old selected-solution metrics; retained Pareto front, candidate labels, run metadata, and manifest remain historical evidence; current canonical replacement is the modularity-band profile."
results/xerces-j/03_stage2_nsga/robustness/seed_22/run_metrics.json,superseded_active_derived,true,2b6832018ea66fdc38c882d77864e4d5eca9ca151a38fe3bfbafbfa9ffce4349,1999,delete_superseded,results/xerces-j/03_stage2_nsga/robustness_final_30seeds/raw_runs.csv,,false,"Old selected-solution metrics; retained Pareto front, candidate labels, run metadata, and manifest remain historical evidence; current canonical replacement is the modularity-band profile."
results/xerces-j/03_stage2_nsga/robustness/seed_23/run_metrics.json,superseded_active_derived,true,d51602ebef3f88cd5403f4b1cfcd4902267491ecddd21aaf1ad9883a2b53cc6b,2023,delete_superseded,results/xerces-j/03_stage2_nsga/robustness_final_30seeds/raw_runs.csv,,false,"Old selected-solution metrics; retained Pareto front, candidate labels, run metadata, and manifest remain historical evidence; current canonical replacement is the modularity-band profile."
results/xerces-j/03_stage2_nsga/robustness/seed_24/run_metrics.json,superseded_active_derived,true,007e503de49ff2f0d5e38486e0900754c41340685862743a0ef4b2b1f7228a63,2001,delete_superseded,results/xerces-j/03_stage2_nsga/robustness_final_30seeds/raw_runs.csv,,false,"Old selected-solution metrics; retained Pareto front, candidate labels, run metadata, and manifest remain historical evidence; current canonical replacement is the modularity-band profile."
results/xerces-j/03_stage2_nsga/robustness/seed_25/run_metrics.json,superseded_active_derived,true,b3fb91004ab039cb6c8a5c830a09e24402925bfb1ac6f46af66f9f684aaefacd,2004,delete_superseded,results/xerces-j/03_stage2_nsga/robustness_final_30seeds/raw_runs.csv,,false,"Old selected-solution metrics; retained Pareto front, candidate labels, run metadata, and manifest remain historical evidence; current canonical replacement is the modularity-band profile."
results/xerces-j/03_stage2_nsga/robustness/seed_26/run_metrics.json,superseded_active_derived,true,000014a3243d65a30d96c5fe2136ac79afb3bca2cad61a3a811cbc0c9139a681,2004,delete_superseded,results/xerces-j/03_stage2_nsga/robustness_final_30seeds/raw_runs.csv,,false,"Old selected-solution metrics; retained Pareto front, candidate labels, run metadata, and manifest remain historical evidence; current canonical replacement is the modularity-band profile."
results/xerces-j/03_stage2_nsga/robustness/seed_27/run_metrics.json,superseded_active_derived,true,c84be4cda5053c100958b39ee2ff7104b7caa84a0a4669a2e599575d467775a2,2001,delete_superseded,results/xerces-j/03_stage2_nsga/robustness_final_30seeds/raw_runs.csv,,false,"Old selected-solution metrics; retained Pareto front, candidate labels, run metadata, and manifest remain historical evidence; current canonical replacement is the modularity-band profile."
results/xerces-j/03_stage2_nsga/robustness/seed_28/run_metrics.json,superseded_active_derived,true,9f4a5c81c950c85653feefa0f7fba939e513abf0f0de9c5c3e241f40c897643e,2001,delete_superseded,results/xerces-j/03_stage2_nsga/robustness_final_30seeds/raw_runs.csv,,false,"Old selected-solution metrics; retained Pareto front, candidate labels, run metadata, and manifest remain historical evidence; current canonical replacement is the modularity-band profile."
results/xerces-j/03_stage2_nsga/robustness/seed_29/run_metrics.json,superseded_active_derived,true,dfaa83d2cf812981cf4c134482835b1feee7f1ff330729c3ef7f341b2571d0fc,2000,delete_superseded,results/xerces-j/03_stage2_nsga/robustness_final_30seeds/raw_runs.csv,,false,"Old selected-solution metrics; retained Pareto front, candidate labels, run metadata, and manifest remain historical evidence; current canonical replacement is the modularity-band profile."
results/xerces-j/03_stage2_nsga/robustness/raw_runs.csv,superseded_active_derived,true,cad7bf1ab04ac7b5ee3a0952e71609a4a1077a3e2edd3e7c9eb4ac72131f5587,17474,delete_superseded,results/xerces-j/03_stage2_nsga/robustness_final_30seeds/raw_runs.csv,,false,Historical max-modularity selected summary; not a formal current result.
results/jpetstore/03_stage2_nsga/robustness_failed_empirical_bounds/seed_00/run_metrics.json,temporary_failed_derived,true,24c09cf42e88d546e8936d747513ca012358076649d5af5f8c5738c490c715a3,1734,delete_temporary,,,false,Failed empirical-bound attempt; no accepted formal result and no current reader depends on its selected summary.
results/jpetstore/03_stage2_nsga/robustness_failed_empirical_bounds/seed_01/run_metrics.json,temporary_failed_derived,true,481741962374fdf949c1181b4417e2b5be39fb700aa6eca6014761294d44ff39,1734,delete_temporary,,,false,Failed empirical-bound attempt; no accepted formal result and no current reader depends on its selected summary.
results/jpetstore/03_stage2_nsga/robustness_failed_empirical_bounds/seed_02/run_metrics.json,temporary_failed_derived,true,de8f097862581bc21380ed9adabc3ace7a42eab3db2506aabb85ad95d0e89942,1729,delete_temporary,,,false,Failed empirical-bound attempt; no accepted formal result and no current reader depends on its selected summary.
results/jpetstore/03_stage2_nsga/robustness_failed_empirical_bounds/seed_03/run_metrics.json,temporary_failed_derived,true,97f1e27af218c8f31760b1b5f3e7de269474c83a8b1713ba586cbbafa166b26e,1735,delete_temporary,,,false,Failed empirical-bound attempt; no accepted formal result and no current reader depends on its selected summary.
results/jpetstore/03_stage2_nsga/robustness_failed_empirical_bounds/seed_04/run_metrics.json,temporary_failed_derived,true,999038f98da39c74ea2f305962f2f29acdd173aed07149c34e2a6874baf54834,1730,delete_temporary,,,false,Failed empirical-bound attempt; no accepted formal result and no current reader depends on its selected summary.
results/jpetstore/03_stage2_nsga/robustness_failed_empirical_bounds/seed_05/run_metrics.json,temporary_failed_derived,true,0d4b2c0bce2ff1125a0cbd580c9aed95e8aec8be9c5dcc4100247aa896a6c50d,1733,delete_temporary,,,false,Failed empirical-bound attempt; no accepted formal result and no current reader depends on its selected summary.
results/jpetstore/03_stage2_nsga/robustness_failed_empirical_bounds/seed_06/run_metrics.json,temporary_failed_derived,true,b624815c8c3de66bc45f70e0e02be99ab27d19f4d6021665068e8f02b6c6bd02,1734,delete_temporary,,,false,Failed empirical-bound attempt; no accepted formal result and no current reader depends on its selected summary.
results/jpetstore/03_stage2_nsga/robustness_failed_empirical_bounds/seed_07/run_metrics.json,temporary_failed_derived,true,4f19dd68305ad1c1bb8a6109cc00dd7bb7832216b47912ba68eef7b65316d697,1728,delete_temporary,,,false,Failed empirical-bound attempt; no accepted formal result and no current reader depends on its selected summary.
results/jpetstore/03_stage2_nsga/robustness_failed_empirical_bounds/seed_08/run_metrics.json,temporary_failed_derived,true,20eb47f501e8c38e3f30424c98dab2e0162a6ddb961cb4a2aa12ed611f653730,1735,delete_temporary,,,false,Failed empirical-bound attempt; no accepted formal result and no current reader depends on its selected summary.
results/jpetstore/03_stage2_nsga/robustness_failed_empirical_bounds/seed_09/run_metrics.json,temporary_failed_derived,true,de8a200e6572a3bd8af57bbec07233cf8acb86d8df92e1ddd818716cbc4981af,1734,delete_temporary,,,false,Failed empirical-bound attempt; no accepted formal result and no current reader depends on its selected summary.
results/jpetstore/03_stage2_nsga/robustness_failed_empirical_bounds/seed_10/run_metrics.json,temporary_failed_derived,true,b1516f18da97aa05d93b4938eea9eb7d41377fd1b532bc00b873aacad755b76b,1731,delete_temporary,,,false,Failed empirical-bound attempt; no accepted formal result and no current reader depends on its selected summary.
results/jpetstore/03_stage2_nsga/robustness_failed_empirical_bounds/seed_11/run_metrics.json,temporary_failed_derived,true,3472c7499aa604fc710d288c42d1cbd6e242e64b43367430e86d1bc48e3f0fe9,1732,delete_temporary,,,false,Failed empirical-bound attempt; no accepted formal result and no current reader depends on its selected summary.
results/jpetstore/03_stage2_nsga/robustness_failed_empirical_bounds/seed_12/run_metrics.json,temporary_failed_derived,true,99e0a1ae5f9dfd3442096f2929bebc2a5efcce0cf0d93fd68d3e7fb127fb0a87,383,delete_temporary,,,false,Failed empirical-bound attempt; no accepted formal result and no current reader depends on its selected summary.
results/daytrader/03_stage2_nsga/robustness_smoke/archive/robustness_preformal_smoke_20260702T1144Z/seed_00/run_metrics.json,temporary_smoke_derived,true,bf1d35403a2ef260b0709c0fa2359160d442f9845a6057af298a8dcc5fc31c3b,1337,delete_temporary,,,false,Smoke/pre-formal selected summary; complete candidate/front evidence is retained only where protected and the directory remains non-formal.
results/daytrader/03_stage2_nsga/robustness_smoke/archive/robustness_preformal_smoke_20260702T1144Z/seed_01/run_metrics.json,temporary_smoke_derived,true,f9d40919137336b6ab994680d6cf98544ae62f6e081e7421c3afb31eac724153,1340,delete_temporary,,,false,Smoke/pre-formal selected summary; complete candidate/front evidence is retained only where protected and the directory remains non-formal.
results/daytrader/03_stage2_nsga/robustness_smoke/seed_00/run_metrics.json,temporary_smoke_derived,true,d43b74cd0c6bd23f3e02847a5ebf602753359287487743e733fb4260949a8fdb,1845,delete_temporary,,,false,Smoke/pre-formal selected summary; complete candidate/front evidence is retained only where protected and the directory remains non-formal.
results/daytrader/03_stage2_nsga/robustness_smoke/seed_01/run_metrics.json,temporary_smoke_derived,true,4662c56f5c61cc36f9f5c8bf9742d60b6e6f03e090bae1715ddf13a7483e521b,1846,delete_temporary,,,false,Smoke/pre-formal selected summary; complete candidate/front evidence is retained only where protected and the directory remains non-formal.
results/daytrader/03_stage2_nsga/robustness_smoke/archive/robustness_preformal_smoke_20260702T1144Z/raw_runs.csv,temporary_smoke_derived,true,3dec9e8abb7632c7894528dadec67afdc0345fb66d995a9316dd62c6c1595992,1561,delete_temporary,,,false,Smoke/pre-formal aggregate selected summary; not an accepted result.
results/daytrader/03_stage2_nsga/robustness_smoke/raw_runs.csv,temporary_smoke_derived,true,c114c9e8a9f8faa49b38b7df44b23002a3f83b3933044019c23479cfb5ab1df7,2069,delete_temporary,,,false,Smoke/pre-formal aggregate selected summary; not an accepted result.
results/cross_subject/03_stage2_nsga/final_statistics/formal_output_sha256sums.txt,obsolete_verifier_input,true,206699333e7b52b85bac56ca2bf2833c36aba6c3c039fe9f62100605fb051ef5,78208,delete_obsolete,,,false,Checksum lists deleted selected_solution.csv and selected_partition.csv files and is no longer a valid current verifier input; scripts/reproducibility/verify.py is authoritative.
results/*/03_stage2_nsga/robustness/seed_*/pareto_front.csv,immutable_historical_evidence,true,,,retain_historical,,,true,Complete historical Pareto fronts retained byte-identically.
results/*/03_stage2_nsga/robustness/seed_*/pareto_labels.csv.xz,immutable_historical_evidence,true,,,retain_historical,,,true,Complete historical candidate label mappings retained byte-identically.
results/*/03_stage2_nsga/robustness/seed_*/run_metadata.json,immutable_historical_evidence,true,,,retain_historical,,,true,Original historical run metadata retained.
results/*/03_stage2_nsga/robustness/robustness_manifest.json,immutable_historical_evidence,true,,,retain_historical,,,true,Original historical run manifest records the old run and is not rewritten.
results/*/03_stage2_nsga/robustness/STATUS.md,immutable_historical_evidence,true,,,retain_historical,,,true,Explicitly marks the directory historical/superseded.
results/daytrader/03_stage2_nsga/diagnostics/stage2_leiden_tradeoff_audit/audit_manifest.json,immutable_historical_evidence,true,,,retain_historical,,,true,"Unique audit manifest records the prior 2,994-front audit and its old inputs."
results/daytrader/03_stage2_nsga/diagnostics/stage2_leiden_tradeoff_audit/command_log.md,immutable_historical_evidence,true,,,retain_historical,,,true,Unique historical command provenance retained unchanged.
results/cross_subject/03_stage2_nsga/final_statistics/daytrader_tradeoff_final_aligned/audit_manifest.json,immutable_historical_evidence,true,,,retain_historical,,,true,Historical manifest is retained unchanged; current consumers use canonical_profile_refresh_manifest.json.
results/cross_subject/03_stage2_nsga/final_statistics/daytrader_tradeoff_final_aligned/superseded_prior_diagnostic.json,immutable_historical_evidence,true,,,retain_historical,,,true,Explicitly marks prior diagnostic superseded.
results/daytrader/03_stage2_nsga/diagnostics/stage2_leiden_tradeoff_audit/data_audit_inventory.csv,immutable_historical_evidence,true,339ecc26f1f8d27230eb241d812018688f6ad9f380b0530c5092bdd0645cd340,907,retain_historical,,,true,Unique historical inventory records the old robustness/raw_runs.csv input and is not an active verifier input.
results/cross_subject/03_stage2_nsga/final_statistics/max_cluster_posthoc_sensitivity/,obsolete_selector_specific_summary,true,,,retain_historical,,,true,Pre-band sensitivity tables lack a current replacement and are retained as historical evidence requiring any future regeneration.
