subject,seed,solution_id,coupling,cohesion,imbalance,f_semantic,pymoo_f0_coupling,pymoo_f1_negative_cohesion,pymoo_f2_imbalance,pymoo_f3_f_semantic,feasible,is_injected_seed,injected_seed_name,injected_seed_category,label_vector
easymock,6,seed6_solution000,0.12081513828238718555,0.49564821143768506007,1.9243280772136632795,0.33964885146736367716,0.12081513828238718555,-0.49564821143768506007,1.9243280772136632795,0.33964885146736367716,True,False,,,"[0, 1, 0, 0, 0, 2, 3, 4, 5, 0, 6, 0, 7, 0, 0, 0, 7, 7, 7, 7, 7, 7, 8, 8, 9, 10, 11, 11, 12, 7, 0, 11, 11, 11, 0, 11, 11, 0, 4, 0, 0, 0, 0, 11, 0, 0, 0, 13, 8, 8, 8, 8, 0, 14, 0, 14, 11, 0, 0, 0, 0, 11, 11, 7, 7, 7, 0, 0, 0, 0, 0, 0, 15, 16, 0, 0, 17, 0, 0, 10, 18, 7, 7, 0, 0, 7, 7, 7, 7, 7, 0, 7, 7, 0, 0, 7, 0, 0, 7, 7, 7, 7, 7, 7, 7]"
easymock,6,seed6_solution001,0.12590975254730712996,0.49655817866344181821,1.8790164841868217671,0.366175351141827643,0.12590975254730712996,-0.49655817866344181821,1.8790164841868217671,0.366175351141827643,True,False,,,"[0, 1, 0, 0, 0, 2, 3, 4, 5, 0, 6, 0, 7, 0, 0, 0, 7, 7, 7, 7, 7, 7, 8, 8, 9, 10, 11, 11, 12, 6, 0, 11, 11, 11, 0, 11, 11, 0, 4, 0, 0, 0, 0, 11, 0, 0, 0, 13, 8, 8, 8, 8, 0, 14, 0, 14, 11, 0, 0, 0, 0, 11, 11, 7, 7, 7, 0, 0, 0, 0, 0, 0, 15, 16, 0, 0, 17, 0, 0, 10, 18, 7, 7, 0, 0, 7, 7, 7, 7, 7, 0, 7, 7, 0, 0, 7, 0, 0, 7, 7, 7, 7, 7, 7, 10]"
easymock,6,seed6_solution002,0.13464337700145559418,0.97380952380952368053,1.6985254375874148103,0.38639617028238348873,0.13464337700145559418,-0.97380952380952368053,1.6985254375874148103,0.38639617028238348873,True,False,,,"[0, 1, 0, 0, 0, 2, 3, 4, 5, 0, 6, 0, 7, 0, 0, 0, 7, 7, 7, 7, 7, 7, 8, 8, 3, 9, 9, 1, 9, 7, 0, 1, 1, 10, 0, 10, 9, 0, 4, 0, 0, 0, 0, 10, 0, 0, 0, 11, 8, 8, 8, 8, 0, 12, 0, 13, 3, 0, 0, 0, 0, 3, 1, 7, 7, 7, 0, 0, 0, 0, 0, 0, 14, 15, 0, 0, 12, 0, 0, 9, 14, 7, 7, 0, 0, 7, 7, 7, 7, 7, 0, 7, 7, 0, 0, 7, 0, 0, 7, 7, 7, 7, 7, 7, 7]"
easymock,6,seed6_solution003,0.13609898107714701876,0.40048737270959489098,1.8465632722350315831,0.35397035904388784999,0.13609898107714701876,-0.40048737270959489098,1.8465632722350315831,0.35397035904388784999,True,False,,,"[0, 1, 0, 0, 0, 2, 3, 4, 5, 0, 6, 0, 7, 0, 0, 0, 7, 7, 7, 7, 7, 7, 8, 8, 9, 10, 1, 1, 11, 7, 0, 1, 1, 1, 0, 1, 1, 0, 12, 0, 0, 0, 0, 1, 0, 0, 0, 13, 8, 8, 8, 8, 0, 14, 0, 14, 1, 0, 0, 0, 0, 1, 1, 7, 7, 10, 0, 0, 0, 0, 0, 0, 15, 16, 0, 0, 17, 0, 0, 10, 12, 7, 7, 0, 0, 7, 7, 7, 7, 7, 0, 7, 7, 0, 0, 7, 0, 0, 7, 7, 7, 7, 7, 7, 7]"
easymock,6,seed6_solution004,0.14119359534206696316,0.64931520320239832778,1.6543764539085914489,0.40520924927668500182,0.14119359534206696316,-0.64931520320239832778,1.6543764539085914489,0.40520924927668500182,True,False,,,"[0, 1, 0, 0, 0, 2, 3, 4, 5, 0, 6, 0, 7, 0, 0, 0, 7, 7, 7, 7, 7, 7, 8, 8, 9, 10, 11, 11, 12, 7, 0, 11, 10, 10, 0, 11, 11, 0, 4, 0, 0, 0, 0, 11, 0, 0, 0, 13, 8, 8, 8, 8, 0, 12, 0, 13, 11, 0, 0, 0, 0, 11, 10, 7, 7, 7, 0, 0, 0, 0, 0, 0, 14, 15, 0, 0, 13, 0, 13, 13, 1, 7, 7, 0, 0, 7, 7, 7, 7, 7, 0, 7, 7, 0, 0, 7, 0, 0, 1, 7, 7, 7, 7, 7, 7]"
easymock,6,seed6_solution005,0.14483260553129548298,0.3234838883890374106,1.8153540161857226742,0.36895462026865055716,0.14483260553129548298,-0.3234838883890374106,1.8153540161857226742,0.36895462026865055716,True,False,,,"[0, 1, 0, 0, 0, 2, 3, 4, 5, 0, 6, 0, 7, 0, 0, 0, 7, 7, 7, 7, 7, 7, 8, 8, 9, 10, 1, 1, 11, 7, 0, 1, 1, 1, 0, 1, 1, 0, 12, 0, 0, 13, 0, 1, 0, 0, 0, 14, 8, 8, 8, 8, 0, 8, 0, 13, 1, 0, 0, 0, 0, 1, 1, 7, 7, 10, 0, 0, 0, 0, 0, 0, 15, 16, 0, 0, 17, 0, 0, 10, 12, 7, 7, 0, 0, 7, 7, 7, 7, 7, 0, 7, 7, 0, 0, 7, 0, 0, 7, 7, 7, 7, 7, 7, 7]"
easymock,6,seed6_solution006,0.15138282387190685196,0.79481344367015083208,1.6709604554080312866,0.36317360012167221317,0.15138282387190685196,-0.79481344367015083208,1.6709604554080312866,0.36317360012167221317,True,False,,,"[0, 1, 0, 0, 0, 2, 3, 4, 5, 0, 6, 0, 7, 0, 0, 0, 7, 7, 7, 7, 7, 7, 8, 8, 9, 9, 10, 11, 10, 7, 0, 11, 11, 11, 0, 11, 10, 0, 4, 0, 0, 0, 0, 11, 0, 0, 0, 10, 8, 8, 8, 8, 0, 12, 0, 12, 9, 0, 0, 0, 0, 9, 11, 7, 7, 7, 0, 0, 0, 0, 0, 0, 13, 14, 0, 0, 14, 0, 0, 10, 15, 7, 7, 1, 0, 7, 7, 7, 7, 7, 0, 7, 7, 0, 0, 7, 0, 0, 7, 7, 7, 7, 7, 7, 7]"
easymock,6,seed6_solution007,0.1535662299854439472,1.3060757839721253148,1.665741239674103813,0.39045211002848845272,0.1535662299854439472,-1.3060757839721253148,1.665741239674103813,0.39045211002848845272,True,False,,,"[0, 1, 0, 0, 0, 2, 3, 4, 5, 0, 6, 0, 7, 0, 0, 0, 7, 7, 7, 7, 7, 7, 8, 8, 3, 9, 10, 1, 11, 7, 0, 1, 1, 12, 0, 12, 10, 0, 4, 0, 0, 0, 0, 1, 0, 0, 0, 13, 8, 8, 8, 8, 0, 14, 0, 13, 1, 0, 0, 0, 0, 3, 1, 7, 7, 7, 0, 0, 0, 0, 0, 0, 15, 15, 0, 0, 9, 0, 0, 10, 14, 7, 7, 0, 0, 7, 7, 7, 7, 7, 0, 7, 7, 0, 0, 7, 9, 0, 7, 7, 7, 7, 7, 7, 7]"
easymock,6,seed6_solution008,0.1535662299854439472,0.66411149825783977185,1.5959131478593076015,0.37542229214649713853,0.1535662299854439472,-0.66411149825783977185,1.5959131478593076015,0.37542229214649713853,True,False,,,"[0, 1, 0, 0, 0, 2, 3, 4, 5, 0, 6, 0, 7, 0, 0, 0, 7, 7, 7, 7, 7, 7, 8, 8, 6, 9, 9, 10, 11, 7, 0, 9, 9, 3, 0, 10, 10, 0, 4, 0, 0, 0, 0, 9, 0, 0, 0, 11, 8, 8, 8, 8, 0, 12, 0, 12, 10, 0, 0, 0, 0, 10, 10, 7, 7, 7, 0, 0, 0, 0, 0, 0, 11, 13, 0, 0, 14, 0, 12, 12, 1, 7, 7, 0, 0, 7, 7, 7, 7, 7, 0, 7, 7, 0, 0, 7, 0, 0, 7, 7, 7, 7, 7, 7, 7]"
easymock,6,seed6_solution009,0.165938864628820959,0.72931723650416924176,1.5535782703735496746,0.38656389454931150418,0.165938864628820959,-0.72931723650416924176,1.5535782703735496746,0.38656389454931150418,True,False,,,"[0, 1, 0, 0, 0, 2, 3, 4, 5, 0, 6, 0, 7, 7, 0, 0, 7, 7, 7, 7, 7, 7, 8, 8, 1, 9, 9, 10, 11, 7, 0, 10, 10, 10, 0, 9, 11, 0, 4, 5, 0, 0, 0, 10, 0, 0, 0, 11, 8, 8, 8, 8, 0, 12, 0, 13, 11, 0, 0, 0, 0, 11, 10, 7, 7, 7, 0, 0, 0, 0, 0, 0, 12, 14, 0, 0, 13, 0, 13, 13, 1, 7, 7, 0, 0, 7, 7, 7, 7, 7, 0, 7, 7, 0, 0, 7, 0, 0, 7, 7, 7, 7, 7, 7, 7]"
easymock,6,seed6_solution010,0.17467248908296942322,0.74961823361823365364,1.5279705093852500308,0.43705404380144075027,0.17467248908296942322,-0.74961823361823365364,1.5279705093852500308,0.43705404380144075027,True,False,,,"[0, 1, 0, 0, 0, 2, 2, 3, 4, 0, 5, 0, 6, 0, 0, 0, 6, 6, 6, 6, 6, 6, 7, 6, 8, 4, 9, 9, 9, 6, 0, 9, 4, 2, 0, 9, 9, 0, 3, 0, 0, 0, 0, 8, 0, 0, 0, 9, 7, 7, 7, 7, 0, 10, 0, 11, 9, 0, 0, 0, 0, 12, 9, 6, 6, 6, 0, 0, 0, 0, 0, 0, 10, 13, 0, 0, 11, 0, 11, 11, 1, 6, 6, 0, 0, 6, 6, 6, 6, 6, 0, 6, 6, 0, 0, 5, 0, 14, 5, 6, 6, 6, 5, 6, 6]"
easymock,6,seed6_solution011,0.18122270742358079221,0.57259578085976936546,1.4408991901553960258,0.47465317241995153008,0.18122270742358079221,-0.57259578085976936546,1.4408991901553960258,0.47465317241995153008,True,False,,,"[0, 1, 0, 0, 0, 2, 3, 4, 4, 0, 5, 0, 6, 0, 0, 0, 6, 6, 6, 6, 7, 7, 8, 8, 5, 9, 9, 9, 10, 7, 0, 9, 9, 3, 0, 11, 9, 0, 4, 0, 0, 0, 0, 9, 0, 0, 0, 10, 8, 8, 8, 8, 0, 12, 0, 13, 10, 0, 0, 0, 0, 9, 9, 7, 6, 7, 0, 0, 0, 0, 0, 0, 10, 13, 0, 0, 14, 0, 14, 14, 1, 7, 7, 0, 0, 7, 7, 7, 7, 7, 0, 5, 7, 0, 0, 6, 0, 0, 7, 7, 7, 6, 7, 7, 6]"
easymock,6,seed6_solution012,0.19796215429403202224,0.73874074074074080887,1.5136566528063866155,0.45013165763375884154,0.19796215429403202224,-0.73874074074074080887,1.5136566528063866155,0.45013165763375884154,True,False,,,"[0, 1, 0, 0, 0, 2, 2, 3, 4, 0, 5, 0, 6, 0, 0, 0, 7, 6, 6, 6, 6, 6, 8, 6, 9, 4, 7, 7, 7, 6, 0, 7, 4, 2, 0, 7, 7, 0, 3, 0, 0, 0, 0, 9, 0, 0, 0, 7, 8, 8, 8, 8, 0, 10, 0, 11, 7, 0, 0, 0, 0, 12, 7, 6, 6, 6, 0, 0, 0, 0, 0, 0, 10, 13, 0, 0, 11, 0, 11, 11, 1, 6, 6, 0, 0, 6, 6, 6, 6, 6, 0, 6, 6, 0, 0, 5, 0, 14, 5, 6, 6, 6, 5, 6, 6]"
easymock,6,seed6_solution013,0.20378457059679766505,0.92578849721706857334,1.2835961388299075292,0.56211231597719013564,0.20378457059679766505,-0.92578849721706857334,1.2835961388299075292,0.56211231597719013564,True,False,,,"[0, 1, 0, 0, 0, 2, 3, 3, 4, 0, 5, 0, 5, 0, 0, 0, 6, 5, 4, 5, 7, 7, 8, 7, 9, 4, 1, 1, 6, 5, 0, 10, 6, 2, 0, 1, 6, 0, 3, 0, 0, 2, 0, 9, 0, 0, 0, 7, 8, 8, 8, 8, 0, 9, 0, 11, 11, 0, 0, 0, 0, 11, 6, 7, 1, 7, 0, 0, 2, 0, 0, 0, 10, 12, 0, 0, 13, 0, 11, 1, 1, 7, 7, 0, 0, 7, 1, 0, 2, 5, 0, 7, 5, 0, 0, 5, 0, 0, 5, 4, 7, 7, 5, 5, 7]"
easymock,6,seed6_solution014,0.20742358078602621263,0.81708529565672416428,1.3444772395317994285,0.54645156615194423466,0.20742358078602621263,-0.81708529565672416428,1.3444772395317994285,0.54645156615194423466,True,False,,,"[0, 1, 0, 0, 0, 2, 2, 3, 4, 0, 5, 0, 5, 0, 0, 0, 5, 6, 6, 6, 5, 6, 7, 7, 8, 3, 9, 9, 9, 6, 0, 9, 3, 10, 0, 9, 9, 0, 3, 0, 0, 0, 0, 7, 0, 0, 0, 9, 7, 7, 6, 7, 0, 10, 0, 11, 8, 0, 0, 0, 0, 8, 9, 5, 6, 5, 0, 0, 0, 0, 0, 0, 12, 13, 0, 0, 11, 0, 11, 11, 1, 5, 6, 0, 0, 6, 5, 5, 5, 6, 0, 5, 6, 0, 0, 6, 0, 12, 6, 5, 6, 5, 6, 5, 6]"
easymock,6,seed6_solution015,0.21033478893740903404,0.75510036522182266694,1.2870892119258019459,0.51196281152594946828,0.21033478893740903404,-0.75510036522182266694,1.2870892119258019459,0.51196281152594946828,True,False,,,"[0, 1, 0, 0, 0, 2, 3, 3, 4, 0, 4, 0, 5, 0, 0, 0, 6, 6, 6, 5, 6, 5, 7, 5, 1, 8, 6, 8, 9, 5, 0, 10, 10, 10, 0, 8, 6, 0, 3, 4, 0, 0, 0, 8, 0, 0, 0, 9, 7, 7, 7, 7, 0, 10, 0, 11, 9, 0, 0, 0, 0, 8, 10, 5, 5, 6, 0, 0, 0, 0, 0, 0, 12, 12, 0, 0, 11, 0, 11, 9, 1, 6, 6, 0, 0, 6, 6, 6, 6, 6, 0, 5, 6, 0, 0, 5, 0, 0, 6, 6, 5, 6, 6, 6, 5]"
easymock,6,seed6_solution016,0.22707423580786026407,0.58746798620482831854,1.4973900195835081472,0.46195552033989384366,0.22707423580786026407,-0.58746798620482831854,1.4973900195835081472,0.46195552033989384366,True,False,,,"[0, 1, 0, 0, 0, 2, 2, 3, 4, 0, 5, 0, 6, 0, 0, 0, 6, 6, 6, 6, 6, 6, 7, 6, 8, 4, 9, 9, 9, 6, 0, 9, 4, 2, 0, 9, 9, 0, 3, 0, 7, 0, 0, 8, 0, 0, 0, 9, 7, 7, 7, 7, 0, 10, 0, 11, 9, 0, 0, 0, 0, 12, 9, 6, 6, 6, 0, 0, 0, 0, 0, 0, 10, 13, 0, 0, 11, 0, 11, 11, 1, 6, 6, 0, 0, 6, 6, 6, 6, 6, 0, 6, 6, 0, 0, 5, 0, 14, 5, 6, 6, 6, 5, 6, 6]"
easymock,6,seed6_solution017,0.25181950509461425991,1.6801309801309802783,0.89604826562583439475,0.46108145709706815918,0.25181950509461425991,-1.6801309801309802783,0.89604826562583439475,0.46108145709706815918,True,False,,,"[0, 0, 0, 1, 0, 2, 1, 2, 2, 2, 2, 3, 0, 4, 2, 2, 5, 5, 6, 6, 5, 5, 6, 2, 7, 8, 1, 1, 4, 9, 10, 1, 1, 1, 1, 1, 1, 10, 2, 10, 10, 10, 10, 1, 3, 4, 4, 11, 6, 6, 6, 6, 10, 4, 0, 12, 4, 2, 4, 10, 4, 4, 1, 9, 9, 9, 10, 3, 2, 3, 3, 10, 3, 3, 10, 4, 9, 10, 1, 1, 1, 0, 0, 0, 0, 5, 0, 0, 0, 0, 0, 0, 0, 0, 0, 0, 0, 0, 0, 0, 0, 0, 0, 7, 0]"
easymock,6,seed6_solution018,0.26419213973799127171,2.4290858713935636892,0.88412555925906100018,0.41122110613121665157,0.26419213973799127171,-2.4290858713935636892,0.88412555925906100018,0.41122110613121665157,True,False,,,"[0, 0, 0, 1, 0, 2, 2, 2, 2, 2, 2, 3, 0, 4, 2, 2, 5, 5, 5, 5, 5, 5, 6, 2, 7, 8, 1, 1, 4, 9, 9, 1, 1, 1, 1, 1, 1, 10, 2, 9, 9, 9, 9, 1, 3, 4, 4, 10, 6, 6, 6, 6, 9, 4, 0, 11, 4, 2, 4, 9, 4, 4, 1, 12, 12, 12, 10, 3, 2, 3, 3, 9, 3, 3, 10, 4, 3, 9, 1, 1, 1, 0, 0, 0, 0, 5, 0, 0, 0, 0, 0, 0, 0, 0, 0, 0, 0, 0, 0, 0, 0, 0, 0, 9, 0]"
easymock,6,seed6_solution019,0.27074235807860264069,2.0303100953963020281,0.82824295623797683508,0.43058163102723689963,0.27074235807860264069,-2.0303100953963020281,0.82824295623797683508,0.43058163102723689963,True,False,,,"[0, 0, 0, 1, 0, 2, 2, 2, 2, 2, 2, 3, 0, 4, 5, 2, 6, 6, 6, 6, 6, 6, 7, 2, 5, 8, 1, 1, 4, 9, 10, 1, 1, 1, 1, 1, 1, 0, 2, 10, 10, 10, 10, 1, 3, 4, 4, 3, 7, 7, 7, 7, 10, 4, 0, 11, 4, 2, 4, 10, 4, 4, 1, 9, 9, 9, 10, 3, 2, 3, 3, 0, 3, 3, 10, 4, 3, 10, 1, 1, 1, 0, 0, 0, 0, 6, 0, 5, 0, 0, 0, 0, 0, 0, 0, 0, 0, 0, 0, 0, 0, 0, 0, 9, 0]"
easymock,6,seed6_solution020,0.28165938864628820015,2.0529816752387288759,0.77160491811539411167,0.47640839875606177944,0.28165938864628820015,-2.0529816752387288759,0.77160491811539411167,0.47640839875606177944,True,False,,,"[0, 0, 0, 1, 0, 2, 1, 2, 2, 2, 2, 3, 0, 4, 2, 2, 5, 5, 6, 6, 5, 5, 7, 2, 7, 8, 1, 1, 4, 9, 10, 1, 1, 1, 1, 1, 1, 0, 2, 10, 10, 10, 10, 1, 3, 4, 4, 1, 6, 6, 6, 6, 10, 4, 0, 1, 4, 2, 4, 10, 4, 4, 8, 9, 9, 9, 10, 3, 0, 3, 3, 10, 3, 3, 10, 4, 9, 10, 8, 1, 1, 0, 0, 0, 0, 5, 0, 0, 0, 0, 0, 0, 0, 0, 0, 0, 0, 0, 0, 0, 0, 0, 0, 7, 0]"
easymock,6,seed6_solution021,0.2991266375545851286,1.888849534304079647,0.7249364660565739138,0.51134433022396685864,0.2991266375545851286,-1.888849534304079647,0.7249364660565739138,0.51134433022396685864,True,False,,,"[0, 0, 0, 1, 0, 2, 1, 2, 2, 2, 2, 3, 0, 4, 2, 2, 5, 5, 6, 6, 5, 5, 6, 2, 7, 8, 1, 1, 4, 9, 10, 1, 1, 1, 1, 1, 1, 10, 2, 10, 10, 10, 10, 1, 3, 4, 6, 1, 6, 6, 6, 6, 10, 4, 0, 1, 4, 2, 4, 10, 4, 4, 8, 9, 9, 9, 10, 3, 0, 3, 3, 10, 3, 3, 10, 3, 9, 10, 8, 1, 1, 0, 0, 0, 0, 5, 0, 0, 0, 0, 0, 0, 0, 0, 0, 0, 0, 0, 0, 2, 0, 0, 0, 7, 0]"
easymock,6,seed6_solution022,0.29985443959243085477,1.8064962206028034597,0.75328456888705486172,0.49848232517654889051,0.29985443959243085477,-1.8064962206028034597,0.75328456888705486172,0.49848232517654889051,True,False,,,"[0, 0, 0, 1, 0, 2, 1, 2, 2, 2, 2, 3, 0, 4, 5, 2, 5, 6, 6, 6, 5, 5, 7, 2, 7, 8, 1, 1, 4, 9, 10, 1, 1, 1, 1, 1, 1, 0, 2, 10, 10, 10, 10, 1, 3, 4, 4, 1, 6, 6, 6, 6, 10, 4, 0, 4, 10, 2, 4, 10, 4, 4, 1, 9, 9, 9, 10, 3, 2, 3, 3, 10, 3, 3, 10, 4, 9, 10, 8, 1, 1, 0, 0, 0, 0, 5, 0, 0, 0, 0, 0, 0, 0, 0, 0, 0, 0, 0, 0, 0, 0, 0, 0, 7, 0]"
easymock,6,seed6_solution023,0.3114992721979621404,1.88284257829712387,0.70822828352678879327,0.53329736885581402461,0.3114992721979621404,-1.88284257829712387,0.70822828352678879327,0.53329736885581402461,True,False,,,"[0, 0, 0, 1, 0, 2, 1, 2, 2, 2, 2, 3, 0, 4, 2, 2, 5, 5, 6, 6, 5, 5, 6, 2, 7, 8, 1, 1, 4, 9, 10, 1, 1, 1, 1, 1, 1, 10, 2, 10, 10, 10, 10, 1, 3, 4, 6, 1, 6, 6, 6, 6, 10, 4, 0, 1, 4, 2, 4, 10, 4, 4, 8, 9, 9, 9, 10, 3, 0, 3, 3, 10, 3, 3, 10, 3, 9, 10, 8, 1, 1, 0, 0, 0, 0, 5, 0, 0, 0, 0, 0, 0, 0, 0, 0, 0, 1, 0, 0, 2, 0, 0, 0, 7, 0]"
easymock,6,seed6_solution024,0.31950509461426490621,1.8347554802100256577,0.69829724875517551475,0.52637039540277974492,0.31950509461426490621,-1.8347554802100256577,0.69829724875517551475,0.52637039540277974492,True,False,,,"[0, 0, 0, 1, 0, 2, 1, 2, 2, 2, 2, 3, 0, 4, 2, 2, 5, 5, 6, 6, 5, 5, 6, 2, 7, 8, 1, 1, 4, 9, 10, 1, 1, 1, 1, 1, 1, 10, 2, 10, 10, 10, 10, 1, 3, 4, 6, 1, 6, 6, 6, 6, 10, 4, 0, 1, 4, 2, 4, 10, 4, 4, 8, 9, 9, 9, 10, 3, 0, 3, 3, 10, 3, 3, 10, 3, 9, 10, 8, 1, 1, 0, 0, 0, 0, 5, 0, 0, 0, 0, 6, 0, 0, 0, 0, 0, 0, 0, 0, 2, 0, 0, 0, 7, 0]"
easymock,6,seed6_solution025,0.3216885007278020292,2.3728396603396606501,0.78783264219556403685,0.42094733222146818452,0.3216885007278020292,-2.3728396603396606501,0.78783264219556403685,0.42094733222146818452,True,False,,,"[0, 0, 0, 1, 0, 2, 2, 2, 2, 2, 2, 3, 0, 4, 2, 2, 5, 5, 5, 5, 5, 5, 6, 2, 7, 8, 1, 1, 4, 9, 9, 1, 1, 1, 1, 1, 1, 10, 2, 10, 10, 10, 10, 1, 3, 4, 4, 10, 6, 6, 6, 6, 10, 4, 0, 11, 4, 2, 4, 9, 4, 4, 1, 7, 9, 7, 10, 3, 11, 3, 3, 10, 3, 3, 10, 4, 3, 9, 1, 1, 1, 0, 0, 0, 0, 5, 0, 0, 0, 0, 0, 0, 0, 0, 0, 0, 0, 0, 0, 0, 0, 0, 0, 9, 0]"
easymock,6,seed6_solution026,0.32387190684133915219,1.2918624478969307212,1.6552534384734656214,0.40893236379823205695,0.32387190684133915219,-1.2918624478969307212,1.6552534384734656214,0.40893236379823205695,True,False,,,"[0, 1, 0, 0, 2, 3, 4, 5, 6, 0, 7, 0, 2, 0, 0, 0, 2, 2, 2, 2, 2, 2, 8, 8, 4, 9, 10, 1, 11, 2, 0, 1, 1, 12, 0, 12, 10, 0, 5, 0, 0, 0, 0, 1, 0, 0, 0, 13, 8, 8, 8, 8, 0, 14, 0, 13, 1, 0, 0, 0, 0, 4, 1, 2, 2, 2, 0, 0, 0, 0, 0, 0, 15, 15, 0, 0, 9, 0, 0, 10, 14, 2, 2, 0, 0, 2, 2, 2, 2, 2, 0, 2, 2, 0, 0, 2, 9, 0, 2, 2, 2, 2, 2, 2, 2]"
easymock,6,seed6_solution027,0.34570596797671032663,1.0808608058608060176,1.6331875542330058781,0.40893236379823205695,0.34570596797671032663,-1.0808608058608060176,1.6331875542330058781,0.40893236379823205695,True,False,,,"[0, 1, 0, 0, 2, 3, 2, 4, 5, 0, 6, 0, 7, 0, 0, 0, 7, 7, 7, 7, 7, 7, 8, 8, 2, 9, 4, 1, 10, 7, 0, 1, 1, 11, 0, 11, 12, 0, 4, 0, 0, 0, 0, 1, 0, 0, 0, 13, 8, 8, 8, 8, 0, 14, 0, 13, 1, 0, 0, 0, 0, 2, 1, 7, 7, 7, 0, 0, 0, 0, 0, 0, 15, 15, 0, 0, 9, 0, 0, 12, 14, 7, 7, 0, 0, 7, 7, 7, 7, 7, 0, 7, 7, 0, 0, 7, 9, 0, 7, 7, 7, 7, 7, 7, 7]"
easymock,6,seed6_solution028,0.34861717612809317579,1.6557785648694740566,0.69111628786768519728,0.57525909600096802876,0.34861717612809317579,-1.6557785648694740566,0.69111628786768519728,0.57525909600096802876,True,False,,,"[0, 0, 0, 1, 0, 2, 1, 2, 2, 3, 2, 4, 0, 5, 2, 2, 3, 3, 6, 6, 3, 3, 6, 2, 7, 8, 1, 1, 5, 9, 10, 1, 1, 1, 1, 1, 1, 10, 2, 10, 10, 10, 10, 1, 4, 5, 6, 1, 6, 6, 6, 6, 10, 5, 0, 1, 5, 2, 5, 10, 5, 5, 8, 9, 9, 9, 10, 4, 0, 4, 4, 10, 4, 4, 10, 4, 9, 10, 8, 1, 1, 0, 0, 0, 0, 3, 0, 0, 0, 0, 0, 0, 0, 0, 0, 0, 0, 0, 5, 2, 0, 0, 0, 7, 0]"
easymock,6,seed6_solution029,0.3566229985443959416,3.6425363525363527728,1.4170967734442565522,0.66057046986211676032,0.3566229985443959416,-3.6425363525363527728,1.4170967734442565522,0.66057046986211676032,True,False,,,"[0, 1, 0, 1, 0, 2, 3, 4, 2, 0, 2, 3, 5, 0, 0, 0, 5, 5, 4, 5, 6, 0, 1, 2, 0, 0, 1, 1, 6, 5, 0, 1, 7, 3, 0, 1, 1, 0, 4, 0, 0, 2, 0, 7, 5, 0, 0, 6, 8, 8, 8, 8, 0, 9, 0, 10, 11, 2, 0, 0, 0, 11, 1, 1, 1, 1, 12, 5, 2, 0, 0, 0, 13, 13, 12, 0, 14, 0, 0, 1, 1, 0, 5, 0, 0, 5, 1, 0, 2, 5, 0, 2, 5, 2, 0, 0, 0, 0, 0, 4, 2, 5, 5, 5, 0]"
easymock,6,seed6_solution030,0.36390101892285298124,1.5876470331015786197,0.71523746116261288641,0.49950034625881611916,0.36390101892285298124,-1.5876470331015786197,0.71523746116261288641,0.49950034625881611916,True,False,,,"[0, 0, 0, 1, 0, 2, 1, 2, 2, 2, 2, 3, 0, 4, 5, 2, 5, 6, 6, 6, 6, 6, 7, 2, 7, 8, 1, 1, 4, 9, 10, 1, 1, 1, 1, 1, 1, 10, 2, 10, 10, 10, 10, 1, 3, 4, 4, 1, 6, 7, 7, 6, 10, 4, 0, 1, 4, 2, 4, 10, 4, 4, 8, 9, 9, 9, 10, 3, 2, 3, 3, 0, 3, 3, 10, 3, 3, 10, 8, 1, 1, 0, 0, 0, 0, 6, 0, 5, 0, 0, 0, 0, 0, 0, 0, 0, 0, 0, 0, 0, 0, 0, 0, 7, 0]"
easymock,6,seed6_solution031,0.39228529839883552466,1.5286398786398789351,0.6939975886566354113,0.55961864367712654822,0.39228529839883552466,-1.5286398786398789351,0.6939975886566354113,0.55961864367712654822,True,False,,,"[0, 0, 0, 1, 0, 2, 3, 2, 2, 2, 2, 4, 0, 5, 3, 2, 3, 6, 6, 6, 3, 3, 7, 2, 3, 8, 1, 2, 5, 9, 10, 1, 1, 1, 1, 1, 1, 0, 2, 10, 10, 10, 10, 1, 4, 5, 5, 1, 7, 7, 7, 9, 9, 5, 0, 1, 10, 2, 5, 10, 5, 5, 1, 9, 9, 9, 10, 4, 0, 4, 4, 10, 4, 4, 10, 5, 4, 10, 8, 1, 1, 0, 0, 0, 0, 6, 0, 0, 0, 0, 0, 2, 1, 0, 0, 0, 0, 0, 0, 0, 0, 0, 10, 9, 0]"
easymock,6,seed6_solution032,0.39301310043668119532,1.6531290258562985063,0.68967112343739711555,0.60071450579745744314,0.39301310043668119532,-1.6531290258562985063,0.68967112343739711555,0.60071450579745744314,True,False,,,"[0, 1, 0, 1, 0, 2, 1, 2, 2, 2, 2, 3, 0, 4, 1, 2, 5, 5, 6, 6, 5, 5, 7, 2, 5, 8, 1, 8, 4, 9, 10, 1, 8, 1, 1, 1, 1, 10, 2, 10, 10, 10, 10, 1, 3, 4, 4, 1, 7, 6, 6, 10, 9, 4, 0, 1, 4, 2, 4, 10, 4, 4, 8, 9, 0, 9, 10, 3, 0, 3, 3, 10, 3, 3, 10, 4, 9, 10, 8, 1, 1, 0, 0, 0, 0, 5, 0, 0, 0, 0, 0, 2, 0, 0, 0, 0, 0, 0, 0, 2, 0, 0, 0, 7, 0]"
easymock,6,seed6_solution033,0.40902474526928672693,2.7691268575479104364,1.458729295127298542,0.6481176188784432135,0.40902474526928672693,-2.7691268575479104364,1.458729295127298542,0.6481176188784432135,True,False,,,"[0, 1, 0, 0, 0, 2, 3, 2, 4, 2, 2, 3, 0, 3, 2, 0, 5, 6, 5, 0, 6, 0, 7, 2, 0, 8, 1, 1, 9, 4, 0, 1, 1, 1, 1, 1, 1, 1, 10, 0, 0, 0, 0, 1, 0, 1, 0, 0, 0, 7, 0, 7, 1, 2, 0, 11, 3, 2, 0, 0, 0, 3, 1, 1, 6, 1, 12, 0, 2, 0, 0, 0, 0, 13, 12, 0, 14, 0, 1, 1, 1, 6, 6, 0, 0, 0, 6, 0, 6, 6, 0, 6, 3, 0, 3, 6, 2, 3, 0, 0, 6, 2, 0, 4, 0]"
easymock,6,seed6_solution034,0.41120815138282384993,3.4793992252548404664,0.94165387385205889803,0.57253409133544619358,0.41120815138282384993,-3.4793992252548404664,0.94165387385205889803,0.57253409133544619358,True,False,,,"[0, 0, 0, 1, 0, 2, 2, 2, 2, 2, 2, 3, 0, 4, 2, 2, 5, 0, 6, 4, 5, 0, 1, 2, 0, 7, 1, 1, 4, 4, 0, 1, 1, 1, 1, 1, 1, 0, 2, 0, 8, 6, 8, 1, 3, 4, 4, 0, 6, 9, 6, 6, 1, 2, 0, 7, 4, 2, 4, 8, 4, 5, 1, 10, 1, 10, 8, 3, 0, 3, 3, 0, 3, 3, 8, 4, 6, 8, 7, 1, 1, 0, 0, 0, 0, 5, 0, 0, 0, 0, 0, 2, 0, 2, 0, 0, 2, 0, 0, 0, 0, 0, 0, 9, 0]"
easymock,6,seed6_solution035,0.42503639010189225855,1.9213455301229596106,0.7304209329072003376,0.53607486026433903703,0.42503639010189225855,-1.9213455301229596106,0.7304209329072003376,0.53607486026433903703,True,False,,,"[0, 0, 0, 1, 0, 2, 3, 2, 2, 2, 2, 4, 0, 4, 3, 2, 5, 5, 5, 5, 3, 3, 6, 2, 3, 7, 1, 1, 4, 8, 9, 1, 1, 1, 1, 1, 1, 0, 2, 9, 9, 9, 9, 1, 4, 10, 10, 3, 6, 6, 6, 8, 8, 10, 0, 1, 9, 2, 10, 9, 10, 4, 1, 8, 8, 8, 9, 3, 0, 3, 3, 9, 3, 4, 9, 10, 4, 9, 7, 1, 1, 0, 0, 0, 0, 5, 0, 0, 0, 0, 0, 2, 0, 0, 0, 0, 0, 0, 0, 0, 0, 0, 0, 8, 0]"
easymock,6,seed6_solution036,0.42867540029112083388,4.4193142068142066137,1.2566016150903274173,0.68168301741598291699,0.42867540029112083388,-4.4193142068142066137,1.2566016150903274173,0.68168301741598291699,True,False,,,"[0, 0, 0, 1, 0, 2, 1, 3, 2, 2, 2, 2, 4, 0, 0, 2, 4, 4, 3, 4, 5, 0, 1, 2, 0, 0, 1, 1, 5, 4, 6, 1, 1, 3, 0, 1, 1, 0, 7, 0, 0, 2, 6, 6, 3, 0, 0, 1, 8, 5, 8, 8, 0, 9, 0, 1, 10, 2, 7, 0, 0, 10, 1, 9, 1, 9, 11, 4, 2, 3, 0, 6, 12, 3, 11, 0, 13, 0, 0, 1, 1, 0, 4, 0, 0, 4, 1, 0, 2, 4, 0, 0, 4, 0, 0, 0, 0, 0, 0, 0, 2, 4, 4, 4, 0]"
easymock,6,seed6_solution037,0.44323144104803491317,1.4512294103203193796,0.68385992651490445926,0.57215804885383358958,0.44323144104803491317,-1.4512294103203193796,0.68385992651490445926,0.57215804885383358958,True,False,,,"[0, 0, 0, 1, 0, 2, 3, 2, 2, 2, 2, 4, 0, 5, 3, 2, 3, 6, 6, 6, 3, 3, 7, 2, 3, 8, 1, 2, 5, 9, 10, 1, 1, 1, 1, 1, 1, 0, 2, 10, 10, 10, 10, 1, 4, 5, 5, 1, 7, 7, 7, 9, 9, 5, 0, 1, 10, 2, 5, 10, 5, 5, 1, 9, 9, 9, 10, 4, 0, 4, 4, 10, 4, 4, 10, 5, 4, 6, 8, 1, 1, 0, 0, 0, 0, 6, 0, 0, 0, 0, 0, 2, 1, 0, 0, 0, 0, 0, 0, 0, 0, 0, 10, 9, 0]"
easymock,6,seed6_solution038,0.4468704512372634885,3.7296965452847805622,1.1975030711618974699,0.6720691604169488631,0.4468704512372634885,-3.7296965452847805622,1.1975030711618974699,0.6720691604169488631,True,False,,,"[0, 1, 0, 2, 0, 3, 2, 4, 5, 3, 6, 3, 0, 0, 3, 3, 7, 7, 4, 7, 7, 0, 2, 5, 0, 0, 2, 2, 8, 7, 9, 2, 2, 2, 0, 2, 2, 9, 4, 9, 9, 5, 9, 10, 4, 0, 0, 2, 11, 8, 11, 11, 9, 12, 0, 2, 1, 5, 5, 9, 0, 1, 2, 6, 2, 6, 13, 4, 0, 4, 0, 9, 12, 4, 13, 0, 14, 0, 0, 8, 2, 0, 7, 0, 0, 7, 2, 0, 0, 0, 0, 0, 1, 0, 0, 0, 0, 0, 0, 0, 5, 7, 0, 7, 0]"
easymock,6,seed6_solution039,0.44759825327510915915,3.921121852004205266,1.0743768958264665603,0.67409966361452178241,0.44759825327510915915,-3.921121852004205266,1.0743768958264665603,0.67409966361452178241,True,False,,,"[0, 0, 0, 1, 0, 2, 1, 3, 2, 2, 2, 3, 4, 5, 2, 0, 4, 4, 3, 6, 5, 0, 6, 2, 0, 0, 1, 1, 5, 7, 6, 1, 1, 1, 1, 1, 1, 0, 8, 0, 0, 2, 9, 6, 3, 0, 0, 1, 7, 5, 7, 7, 0, 9, 0, 9, 10, 2, 0, 9, 0, 10, 1, 9, 1, 1, 11, 4, 2, 3, 3, 6, 12, 5, 11, 0, 7, 9, 0, 1, 1, 0, 4, 0, 0, 4, 1, 0, 2, 0, 0, 2, 4, 0, 0, 0, 0, 0, 0, 0, 2, 4, 0, 4, 0]"
easymock,6,seed6_solution040,0.44832605531295488532,2.4639670514670513057,0.79880863671798019165,0.48784337969162649973,0.44832605531295488532,-2.4639670514670513057,0.79880863671798019165,0.48784337969162649973,True,False,,,"[0, 0, 0, 1, 0, 2, 2, 2, 2, 2, 2, 3, 0, 4, 2, 2, 3, 5, 5, 5, 5, 5, 6, 2, 4, 3, 1, 4, 5, 7, 8, 1, 1, 1, 1, 1, 1, 9, 2, 9, 9, 9, 9, 1, 3, 4, 1, 1, 6, 5, 6, 6, 8, 4, 0, 1, 5, 2, 4, 8, 4, 4, 1, 7, 10, 7, 4, 3, 11, 3, 3, 9, 3, 3, 10, 10, 1, 8, 10, 1, 1, 0, 0, 0, 0, 5, 0, 0, 0, 0, 0, 0, 0, 0, 0, 0, 0, 0, 0, 0, 0, 0, 0, 7, 0]"
easymock,6,seed6_solution041,0.45633187772925765113,1.4285255148891513599,0.66761836831702414674,0.57401931916752446661,0.45633187772925765113,-1.4285255148891513599,0.66761836831702414674,0.57401931916752446661,True,False,,,"[0, 1, 0, 1, 0, 2, 1, 2, 2, 2, 2, 3, 0, 4, 2, 2, 5, 5, 5, 4, 5, 5, 6, 2, 5, 7, 1, 7, 4, 8, 9, 1, 7, 1, 1, 1, 1, 9, 2, 9, 7, 9, 7, 1, 3, 4, 4, 1, 6, 10, 10, 9, 7, 4, 0, 1, 4, 2, 4, 9, 4, 0, 7, 8, 10, 6, 4, 3, 0, 3, 3, 3, 3, 3, 8, 8, 8, 7, 8, 1, 1, 1, 0, 0, 0, 5, 0, 0, 0, 0, 0, 2, 0, 0, 0, 0, 0, 0, 0, 0, 0, 0, 0, 6, 0]"
easymock,6,seed6_solution042,0.46142649199417756778,3.6874867724867725904,1.2300102316924146351,0.66416895751572901929,0.46142649199417756778,-3.6874867724867725904,1.2300102316924146351,0.66416895751572901929,True,False,,,"[0, 0, 0, 1, 0, 2, 1, 3, 4, 2, 5, 2, 0, 0, 2, 2, 6, 7, 3, 7, 7, 0, 1, 4, 0, 0, 1, 1, 6, 7, 8, 1, 1, 1, 0, 1, 1, 8, 3, 8, 8, 4, 8, 9, 3, 0, 0, 1, 10, 6, 10, 10, 8, 11, 0, 1, 5, 4, 4, 8, 0, 5, 1, 11, 1, 11, 12, 3, 0, 3, 0, 8, 13, 3, 12, 0, 14, 0, 0, 6, 1, 0, 7, 0, 0, 7, 1, 0, 0, 0, 0, 0, 5, 0, 0, 0, 0, 0, 0, 0, 4, 7, 0, 7, 0]"
easymock,6,seed6_solution043,0.46797671033478893676,8.1720044347753333369,0.85825324902139599192,0.65151767436177610016,0.46797671033478893676,-8.1720044347753333369,0.85825324902139599192,0.65151767436177610016,True,False,,,"[0, 0, 0, 1, 0, 0, 2, 0, 1, 1, 0, 1, 0, 1, 1, 1, 1, 0, 1, 0, 1, 1, 1, 1, 0, 1, 1, 0, 0, 0, 1, 2, 1, 1, 1, 0, 0, 0, 1, 1, 0, 1, 0, 0, 1, 3, 0, 2, 1, 0, 0, 0, 0, 1, 0, 0, 1, 1, 1, 1, 3, 1, 4, 1, 4, 1, 1, 1, 1, 1, 1, 0, 2, 0, 0, 1, 2, 0, 0, 2, 4, 0, 2, 4, 0, 2, 2, 2, 4, 5, 2, 0, 2, 4, 2, 2, 0, 4, 4, 2, 4, 5, 2, 0, 2]"
easymock,6,seed6_solution044,0.47816593886462882557,1.7675024050024048528,0.64206300154983519946,0.59287964411608595761,0.47816593886462882557,-1.7675024050024048528,0.64206300154983519946,0.59287964411608595761,True,False,,,"[0, 1, 2, 1, 0, 2, 2, 2, 2, 3, 2, 3, 0, 4, 2, 2, 3, 5, 5, 4, 3, 5, 6, 2, 4, 3, 1, 4, 5, 7, 8, 1, 1, 1, 1, 1, 1, 8, 2, 8, 8, 0, 8, 1, 3, 5, 1, 1, 6, 5, 6, 6, 8, 9, 0, 1, 5, 2, 9, 8, 5, 0, 4, 7, 6, 7, 4, 3, 0, 3, 3, 3, 3, 3, 9, 9, 1, 8, 9, 1, 1, 0, 0, 0, 0, 4, 0, 0, 7, 0, 0, 0, 0, 0, 0, 0, 0, 0, 0, 0, 0, 0, 0, 7, 0]"
easymock,6,seed6_solution045,0.48398835516739446838,2.3687316460342775493,0.63310056589029539698,0.67823625591000891166,0.48398835516739446838,-2.3687316460342775493,0.63310056589029539698,0.67823625591000891166,True,False,,,"[0, 1, 1, 2, 1, 3, 3, 3, 3, 3, 3, 4, 1, 5, 3, 3, 6, 3, 6, 6, 3, 6, 7, 3, 8, 8, 2, 2, 5, 9, 10, 1, 2, 2, 2, 2, 1, 10, 3, 10, 0, 10, 0, 2, 4, 5, 6, 0, 6, 6, 6, 7, 10, 5, 1, 1, 5, 3, 5, 10, 5, 5, 2, 9, 11, 9, 10, 4, 0, 4, 3, 0, 4, 4, 10, 5, 4, 0, 8, 2, 2, 0, 1, 1, 1, 3, 6, 0, 5, 0, 1, 1, 1, 1, 0, 1, 1, 0, 1, 1, 0, 0, 0, 0, 8]"
easymock,6,seed6_solution046,0.49417758369723435719,8.1656011257404443882,0.84289749701620930722,0.6565274536952694362,0.49417758369723435719,-8.1656011257404443882,0.84289749701620930722,0.6565274536952694362,True,False,,,"[0, 0, 0, 1, 0, 0, 2, 0, 1, 1, 0, 1, 0, 1, 1, 1, 1, 0, 1, 0, 1, 1, 1, 1, 0, 1, 1, 0, 0, 0, 1, 2, 1, 1, 1, 0, 0, 0, 1, 1, 0, 1, 0, 0, 1, 3, 0, 2, 1, 0, 0, 0, 1, 1, 0, 0, 1, 1, 1, 1, 3, 1, 4, 1, 4, 1, 1, 1, 1, 1, 1, 0, 2, 0, 0, 1, 2, 0, 0, 2, 4, 0, 2, 4, 0, 2, 2, 2, 4, 5, 2, 0, 2, 4, 2, 2, 0, 4, 4, 2, 4, 5, 2, 4, 2]"
easymock,6,seed6_solution047,0.49563318777292575401,8.1690029259688703434,0.8292279828967710209,0.66075080205281588874,0.49563318777292575401,-8.1690029259688703434,0.8292279828967710209,0.66075080205281588874,True,False,,,"[0, 0, 0, 1, 0, 0, 2, 0, 1, 1, 0, 1, 0, 2, 1, 1, 1, 0, 1, 0, 1, 1, 1, 1, 0, 1, 1, 0, 0, 0, 1, 2, 1, 1, 1, 0, 0, 0, 1, 1, 0, 1, 0, 0, 1, 3, 0, 2, 1, 0, 0, 0, 1, 1, 0, 0, 1, 1, 1, 1, 3, 1, 4, 1, 4, 1, 1, 1, 1, 1, 1, 0, 2, 0, 0, 1, 2, 0, 0, 2, 4, 0, 2, 4, 0, 2, 2, 2, 4, 5, 2, 0, 2, 4, 2, 2, 0, 4, 4, 2, 4, 5, 2, 4, 2]"
easymock,6,seed6_solution048,0.52692867540029109108,4.0672727990581449831,0.97896238280067515714,0.60944902416596558048,0.52692867540029109108,-4.0672727990581449831,0.97896238280067515714,0.60944902416596558048,True,False,,,"[0, 1, 0, 1, 0, 2, 2, 2, 2, 2, 2, 3, 0, 3, 2, 2, 4, 0, 4, 0, 4, 0, 1, 2, 0, 0, 1, 1, 0, 5, 0, 1, 1, 1, 1, 1, 1, 1, 2, 0, 1, 1, 6, 1, 7, 1, 3, 0, 0, 8, 0, 8, 1, 2, 0, 5, 3, 2, 0, 1, 1, 3, 1, 1, 1, 1, 6, 7, 2, 0, 7, 0, 0, 7, 6, 2, 7, 0, 1, 1, 1, 0, 0, 0, 0, 0, 0, 0, 0, 0, 3, 2, 3, 2, 3, 0, 2, 3, 0, 0, 2, 2, 0, 5, 0]"
easymock,6,seed6_solution049,0.52692867540029109108,3.4814978768420066224,0.92582009977255153022,0.62815806909301630245,0.52692867540029109108,-3.4814978768420066224,0.92582009977255153022,0.62815806909301630245,True,False,,,"[0, 0, 0, 1, 0, 2, 3, 2, 2, 2, 2, 3, 4, 5, 2, 0, 4, 4, 6, 6, 6, 4, 6, 2, 7, 0, 1, 1, 6, 8, 0, 1, 1, 1, 1, 1, 1, 9, 10, 9, 0, 2, 9, 1, 3, 10, 1, 6, 11, 6, 11, 11, 9, 10, 0, 9, 10, 2, 0, 9, 0, 10, 1, 1, 1, 1, 12, 4, 2, 0, 3, 0, 5, 5, 12, 10, 8, 9, 1, 1, 1, 0, 4, 0, 0, 4, 1, 0, 0, 0, 0, 2, 4, 2, 0, 0, 0, 0, 0, 0, 2, 4, 0, 7, 0]"
easymock,6,seed6_solution050,0.5305676855895196109,4.3782785268853379179,0.99139151845128425933,0.61976124724613079753,0.5305676855895196109,-4.3782785268853379179,0.99139151845128425933,0.61976124724613079753,True,False,,,"[0, 1, 0, 1, 0, 2, 2, 2, 2, 2, 2, 3, 0, 3, 2, 2, 4, 0, 4, 0, 4, 0, 1, 2, 0, 0, 1, 1, 0, 5, 0, 1, 1, 1, 1, 1, 1, 1, 2, 0, 1, 1, 6, 1, 7, 1, 3, 0, 0, 8, 0, 8, 1, 2, 0, 5, 3, 2, 0, 1, 1, 3, 1, 1, 1, 1, 6, 7, 2, 0, 7, 0, 0, 0, 6, 2, 7, 0, 1, 1, 1, 0, 0, 0, 0, 0, 0, 0, 2, 0, 3, 2, 3, 2, 3, 0, 2, 3, 0, 0, 2, 2, 0, 5, 0]"
easymock,6,seed6_solution051,0.53639010189228530923,4.1774910064899746232,0.97226854440991739015,0.61279631648110854947,0.53639010189228530923,-4.1774910064899746232,0.97226854440991739015,0.61279631648110854947,True,False,,,"[0, 1, 0, 1, 0, 2, 2, 2, 2, 2, 2, 3, 0, 3, 2, 2, 4, 0, 4, 0, 4, 0, 1, 2, 0, 0, 1, 1, 0, 5, 0, 1, 1, 1, 1, 1, 1, 1, 2, 0, 1, 1, 6, 1, 7, 1, 3, 0, 0, 8, 0, 8, 1, 3, 0, 7, 3, 2, 0, 1, 1, 3, 1, 1, 1, 1, 6, 7, 2, 0, 7, 0, 0, 0, 6, 2, 7, 0, 1, 1, 1, 0, 0, 0, 0, 0, 0, 0, 2, 0, 3, 2, 3, 2, 3, 0, 2, 3, 0, 2, 2, 2, 0, 5, 0]"
easymock,6,seed6_solution052,0.53857350800582237671,3.936851465527935634,1.0423677912545543656,0.60664873805116070749,0.53857350800582237671,-3.936851465527935634,1.0423677912545543656,0.60664873805116070749,True,False,,,"[0, 1, 0, 1, 0, 2, 2, 2, 2, 2, 2, 3, 0, 4, 2, 2, 5, 5, 4, 5, 4, 0, 5, 2, 6, 0, 1, 1, 0, 5, 7, 0, 1, 1, 1, 1, 6, 1, 2, 0, 7, 7, 8, 1, 3, 3, 3, 0, 0, 5, 5, 8, 1, 4, 0, 9, 3, 2, 3, 3, 3, 3, 4, 10, 0, 10, 11, 4, 2, 3, 6, 0, 7, 5, 11, 2, 3, 0, 1, 1, 1, 0, 0, 0, 0, 4, 0, 0, 0, 0, 0, 2, 3, 0, 0, 0, 0, 0, 0, 0, 0, 0, 0, 8, 0]"
easymock,6,seed6_solution053,0.5429403202328966227,5.0311220955024715806,1.102707449335888823,0.63768030421356858284,0.5429403202328966227,-5.0311220955024715806,1.102707449335888823,0.63768030421356858284,True,False,,,"[0, 1, 0, 1, 0, 2, 2, 2, 2, 2, 2, 3, 0, 3, 2, 2, 4, 0, 4, 4, 5, 0, 1, 2, 0, 0, 1, 1, 0, 4, 0, 1, 1, 1, 1, 1, 1, 1, 2, 0, 1, 6, 7, 1, 3, 1, 5, 0, 0, 7, 0, 7, 1, 2, 0, 8, 3, 2, 0, 1, 5, 5, 1, 9, 1, 9, 10, 3, 2, 3, 6, 0, 0, 3, 10, 2, 6, 0, 1, 1, 1, 0, 0, 0, 0, 4, 0, 0, 2, 0, 0, 2, 3, 2, 0, 0, 2, 0, 0, 0, 1, 0, 0, 4, 0]"
easymock,6,seed6_solution054,0.54366812227074234887,3.2822734314433916758,0.82170112800468542158,0.64964565637820625987,0.54366812227074234887,-3.2822734314433916758,0.82170112800468542158,0.64964565637820625987,True,False,,,"[0, 1, 0, 1, 0, 2, 2, 2, 2, 2, 2, 3, 0, 4, 2, 2, 4, 0, 4, 4, 5, 5, 1, 2, 4, 3, 1, 1, 5, 4, 6, 1, 1, 1, 1, 1, 1, 1, 2, 0, 1, 7, 6, 1, 3, 1, 1, 1, 0, 5, 7, 8, 1, 9, 0, 6, 5, 2, 9, 1, 5, 0, 4, 8, 7, 8, 10, 3, 0, 3, 3, 3, 3, 3, 10, 9, 1, 6, 9, 1, 1, 0, 0, 0, 0, 4, 0, 0, 8, 0, 0, 2, 3, 2, 0, 0, 2, 0, 0, 0, 1, 0, 0, 4, 0]"
easymock,6,seed6_solution055,0.55021834061135366234,3.0290249911766937707,0.57269700489039654379,0.72118332519614991583,0.55021834061135366234,-3.0290249911766937707,0.57269700489039654379,0.72118332519614991583,True,False,,,"[0, 1, 0, 1, 0, 2, 1, 2, 2, 2, 2, 2, 0, 3, 2, 2, 4, 4, 5, 3, 5, 4, 4, 2, 6, 5, 1, 1, 5, 6, 7, 1, 1, 1, 1, 1, 1, 1, 2, 5, 7, 7, 0, 1, 8, 8, 8, 6, 4, 3, 4, 4, 9, 2, 0, 1, 3, 2, 8, 7, 8, 8, 9, 6, 6, 4, 10, 3, 2, 9, 8, 7, 9, 9, 10, 8, 1, 5, 1, 0, 2, 1, 0, 0, 7, 4, 0, 0, 0, 3, 2, 5, 0, 6, 0, 0, 0, 0, 0, 2, 0, 0, 8, 4, 8]"
easymock,6,seed6_solution056,0.55094614264919938851,4.308082798514222489,0.95836217052146899231,0.62539753745270032503,0.55094614264919938851,-4.308082798514222489,0.95836217052146899231,0.62539753745270032503,True,False,,,"[0, 0, 0, 1, 0, 2, 2, 2, 2, 2, 2, 3, 0, 4, 2, 2, 4, 5, 6, 6, 6, 0, 6, 2, 7, 0, 1, 1, 6, 5, 0, 1, 1, 1, 1, 1, 1, 8, 9, 0, 10, 2, 8, 1, 3, 9, 1, 6, 11, 6, 11, 6, 1, 9, 0, 7, 9, 2, 5, 8, 0, 4, 1, 9, 1, 1, 12, 3, 2, 0, 3, 0, 4, 4, 12, 9, 6, 10, 7, 1, 1, 0, 5, 0, 0, 4, 0, 0, 0, 0, 0, 2, 5, 2, 0, 0, 0, 0, 0, 0, 0, 5, 0, 8, 0]"
easymock,6,seed6_solution057,0.55895196506550215432,1.6302543416179779978,0.57095218237416622831,0.78487849572734591508,0.55895196506550215432,-1.6302543416179779978,0.57095218237416622831,0.78487849572734591508,True,False,,,"[0, 1, 1, 1, 0, 2, 3, 2, 2, 2, 3, 3, 0, 4, 3, 2, 5, 2, 5, 4, 5, 0, 1, 2, 5, 6, 1, 1, 7, 6, 8, 1, 1, 3, 1, 1, 1, 6, 4, 4, 8, 7, 9, 0, 3, 4, 0, 7, 4, 9, 9, 9, 5, 7, 0, 6, 7, 5, 4, 6, 4, 5, 1, 10, 6, 6, 8, 3, 2, 3, 3, 0, 3, 3, 8, 4, 7, 8, 6, 1, 1, 0, 5, 7, 0, 5, 0, 1, 0, 0, 0, 0, 0, 2, 0, 0, 3, 0, 1, 0, 3, 2, 0, 10, 0]"
easymock,6,seed6_solution058,0.57714701601164486444,2.4385942760942760366,0.61566843271977089724,0.70946210321000613419,0.57714701601164486444,-2.4385942760942760366,0.61566843271977089724,0.70946210321000613419,True,False,,,"[0, 1, 0, 1, 0, 2, 2, 3, 3, 3, 1, 4, 0, 4, 3, 4, 5, 5, 6, 6, 5, 5, 5, 3, 7, 4, 1, 8, 4, 9, 9, 1, 1, 1, 1, 1, 8, 10, 3, 10, 10, 0, 4, 1, 2, 4, 4, 10, 6, 3, 6, 6, 10, 3, 0, 9, 6, 3, 4, 9, 4, 5, 8, 11, 7, 11, 9, 2, 3, 2, 10, 10, 2, 2, 10, 2, 1, 5, 1, 1, 2, 1, 0, 0, 10, 6, 0, 1, 0, 0, 7, 0, 0, 0, 0, 0, 0, 3, 0, 3, 0, 0, 0, 7, 0]"
easymock,6,seed6_solution059,0.59388646288209612223,0.23412720612720611113,0.56824510057814470176,0.65981058295776706668,0.59388646288209612223,-0.23412720612720611113,0.56824510057814470176,0.65981058295776706668,True,False,,,"[0, 0, 1, 0, 2, 1, 1, 2, 2, 2, 1, 2, 0, 2, 1, 2, 3, 3, 2, 0, 2, 2, 3, 2, 0, 2, 2, 0, 0, 1, 2, 2, 2, 2, 2, 0, 3, 2, 2, 2, 0, 2, 0, 2, 2, 3, 0, 2, 3, 0, 0, 0, 0, 1, 0, 0, 2, 2, 0, 2, 2, 2, 4, 2, 2, 2, 2, 2, 2, 1, 2, 0, 1, 0, 3, 1, 2, 0, 3, 0, 1, 2, 4, 4, 2, 1, 1, 1, 4, 1, 1, 0, 0, 4, 1, 3, 3, 1, 1, 1, 4, 3, 1, 0, 1]"
easymock,6,seed6_solution060,0.60262008733624450318,1.0449079370765270713,0.59155048202931570511,0.7005691265728208883,0.60262008733624450318,-1.0449079370765270713,0.59155048202931570511,0.7005691265728208883,True,False,,,"[0, 1, 0, 1, 0, 2, 1, 2, 2, 2, 2, 3, 0, 4, 2, 2, 5, 5, 6, 6, 6, 5, 6, 2, 7, 2, 1, 1, 6, 2, 7, 1, 1, 1, 1, 1, 1, 1, 2, 8, 8, 8, 9, 1, 3, 7, 6, 7, 6, 4, 6, 6, 2, 2, 0, 1, 4, 2, 3, 8, 2, 4, 9, 10, 7, 5, 10, 4, 8, 3, 3, 8, 5, 3, 10, 3, 10, 1, 1, 0, 2, 1, 0, 0, 4, 5, 6, 0, 0, 4, 0, 6, 0, 7, 0, 0, 0, 0, 0, 2, 0, 0, 3, 5, 0]"
easymock,6,seed6_solution061,0.60771470160116447534,9.7711836228287829442,0.71396818339014522792,0.69796905513472262683,0.60771470160116447534,-9.7711836228287829442,0.71396818339014522792,0.69796905513472262683,True,False,,,"[0, 1, 1, 1, 0, 0, 2, 0, 1, 2, 0, 2, 0, 1, 1, 1, 1, 0, 1, 1, 1, 1, 1, 1, 0, 2, 1, 0, 0, 2, 1, 2, 0, 1, 1, 2, 2, 2, 1, 0, 0, 1, 0, 0, 1, 3, 0, 2, 1, 0, 0, 2, 0, 2, 0, 0, 1, 1, 0, 2, 3, 1, 2, 1, 4, 1, 1, 1, 1, 1, 0, 2, 1, 1, 0, 1, 0, 0, 0, 2, 4, 0, 0, 1, 0, 2, 2, 1, 4, 1, 2, 2, 2, 4, 2, 1, 0, 4, 2, 2, 2, 1, 0, 1, 2]"
easymock,6,seed6_solution062,0.61135371179039299516,2.1700003080385856791,0.51780103691688328382,0.76214570883947940771,0.61135371179039299516,-2.1700003080385856791,0.51780103691688328382,0.76214570883947940771,True,False,,,"[0, 1, 1, 1, 0, 2, 3, 2, 2, 2, 2, 3, 0, 4, 3, 2, 1, 2, 5, 4, 6, 6, 5, 6, 5, 7, 1, 1, 4, 8, 9, 1, 1, 1, 1, 1, 1, 0, 2, 4, 7, 9, 8, 0, 3, 4, 4, 5, 4, 4, 10, 10, 9, 5, 0, 8, 6, 2, 4, 8, 4, 1, 1, 8, 8, 8, 7, 3, 2, 3, 3, 6, 6, 3, 9, 5, 8, 7, 7, 1, 1, 1, 5, 6, 0, 2, 3, 1, 0, 0, 0, 0, 0, 8, 0, 0, 3, 0, 1, 2, 3, 2, 3, 9, 1]"
easymock,6,seed6_solution063,0.62081513828238721331,3.9700519847578674693,0.7964205637009345029,0.66656693869372696248,0.62081513828238721331,-3.9700519847578674693,0.7964205637009345029,0.66656693869372696248,True,False,,,"[0, 1, 1, 1, 1, 0, 2, 0, 1, 1, 1, 0, 0, 1, 1, 1, 1, 3, 0, 4, 4, 0, 1, 2, 0, 0, 0, 0, 0, 0, 0, 2, 3, 3, 1, 0, 0, 1, 1, 1, 1, 1, 4, 2, 0, 0, 4, 0, 0, 4, 1, 0, 1, 1, 0, 0, 1, 1, 0, 4, 1, 1, 4, 1, 4, 1, 1, 5, 1, 0, 5, 0, 0, 0, 0, 1, 4, 0, 3, 1, 4, 0, 0, 4, 0, 0, 4, 0, 4, 0, 1, 4, 2, 4, 2, 2, 4, 1, 0, 1, 2, 4, 2, 1, 2]"
easymock,6,seed6_solution064,0.64483260553129551074,2.2300148158436927659,0.52734735999646209503,0.82732582914377184036,0.64483260553129551074,-2.2300148158436927659,0.52734735999646209503,0.82732582914377184036,True,False,,,"[0, 1, 1, 1, 0, 2, 3, 2, 2, 2, 3, 3, 0, 4, 3, 2, 1, 2, 5, 4, 5, 6, 5, 6, 5, 3, 1, 1, 6, 7, 8, 1, 7, 3, 1, 1, 1, 7, 4, 4, 8, 0, 7, 0, 3, 4, 0, 6, 4, 4, 9, 9, 5, 6, 0, 7, 6, 5, 5, 7, 6, 1, 6, 7, 7, 7, 8, 3, 2, 3, 3, 8, 6, 3, 8, 6, 7, 8, 4, 1, 1, 1, 5, 6, 0, 2, 3, 1, 0, 0, 0, 0, 0, 7, 0, 0, 3, 0, 1, 2, 3, 2, 3, 10, 1]"
easymock,6,seed6_solution065,0.66739446870451235583,0.27186442589668396996,0.10168645954315534696,0.74487627012173707186,0.66739446870451235583,-0.27186442589668396996,0.10168645954315534696,0.74487627012173707186,True,False,,,"[0, 1, 1, 2, 0, 1, 0, 0, 1, 2, 0, 2, 0, 1, 1, 1, 2, 0, 2, 1, 2, 1, 1, 2, 1, 2, 0, 0, 1, 2, 2, 1, 0, 2, 1, 2, 2, 2, 2, 0, 0, 1, 1, 1, 2, 0, 0, 2, 2, 1, 0, 2, 0, 2, 2, 2, 2, 1, 0, 2, 0, 0, 2, 1, 2, 2, 1, 1, 2, 1, 0, 2, 1, 1, 0, 0, 0, 0, 0, 2, 2, 0, 0, 1, 0, 2, 0, 1, 2, 1, 2, 2, 0, 1, 2, 0, 2, 0, 2, 2, 2, 1, 0, 1, 1]"
easymock,6,seed6_solution066,0.67030567685589514948,0.85070838252656422185,0.46501164250414106505,0.78316547405504455259,0.67030567685589514948,-0.85070838252656422185,0.46501164250414106505,0.78316547405504455259,True,False,,,"[0, 0, 1, 2, 0, 3, 3, 1, 4, 1, 1, 5, 0, 5, 3, 1, 3, 6, 6, 6, 5, 3, 7, 1, 3, 8, 2, 6, 5, 9, 10, 2, 2, 2, 2, 2, 2, 0, 1, 10, 10, 10, 8, 0, 4, 8, 5, 8, 7, 7, 7, 9, 1, 5, 0, 5, 10, 6, 5, 0, 6, 7, 6, 9, 9, 1, 10, 4, 0, 4, 4, 6, 4, 4, 10, 6, 3, 6, 8, 2, 3, 1, 0, 5, 6, 0, 6, 1, 0, 0, 0, 1, 2, 0, 8, 0, 0, 0, 2, 0, 2, 0, 10, 7, 0]"
easymock,6,seed6_solution067,0.67685589519650657397,3.1350244178307420384,0.63388804923023756022,0.70485459546950224308,0.67685589519650657397,-3.1350244178307420384,0.63388804923023756022,0.70485459546950224308,True,False,,,"[0, 1, 2, 1, 0, 2, 2, 2, 2, 3, 3, 4, 0, 5, 2, 2, 3, 4, 4, 5, 3, 4, 5, 2, 6, 3, 1, 5, 4, 7, 8, 7, 2, 1, 1, 1, 1, 8, 2, 6, 9, 0, 8, 1, 3, 5, 10, 2, 5, 4, 2, 5, 9, 7, 0, 8, 4, 2, 7, 6, 4, 0, 5, 7, 6, 8, 5, 8, 2, 3, 3, 3, 10, 4, 8, 7, 1, 6, 1, 1, 1, 0, 0, 1, 0, 4, 0, 0, 0, 2, 0, 0, 0, 0, 0, 0, 0, 4, 0, 0, 0, 0, 0, 8, 5]"
easymock,6,seed6_solution068,0.68922852983988358577,0.2497861787335471373,0.23541346846301475226,0.71485225983666711436,0.68922852983988358577,-0.2497861787335471373,0.23541346846301475226,0.71485225983666711436,True,False,,,"[0, 1, 2, 3, 1, 2, 1, 1, 1, 1, 3, 3, 0, 1, 0, 3, 0, 0, 2, 3, 1, 0, 3, 2, 0, 3, 0, 0, 0, 3, 1, 2, 1, 1, 3, 0, 3, 0, 1, 1, 1, 2, 0, 1, 3, 0, 2, 0, 3, 3, 0, 1, 1, 2, 1, 2, 1, 2, 2, 1, 0, 1, 3, 1, 1, 1, 0, 3, 0, 2, 1, 3, 1, 0, 3, 1, 1, 0, 2, 0, 1, 0, 0, 0, 1, 1, 2, 1, 1, 1, 2, 0, 2, 1, 2, 3, 3, 2, 2, 2, 2, 3, 2, 0, 1]"
easymock,6,seed6_solution069,0.69068413391557492709,0.33207914725708465031,0.20045300171284941015,0.72674005952408116116,0.69068413391557492709,-0.33207914725708465031,0.20045300171284941015,0.72674005952408116116,True,False,,,"[0, 1, 2, 3, 2, 2, 1, 0, 1, 2, 3, 3, 2, 0, 0, 3, 0, 1, 0, 3, 1, 0, 3, 2, 0, 3, 3, 0, 1, 3, 1, 2, 1, 3, 3, 0, 0, 0, 1, 1, 0, 2, 0, 3, 3, 1, 3, 0, 3, 3, 0, 0, 1, 0, 1, 2, 1, 2, 2, 1, 0, 1, 3, 2, 0, 1, 0, 3, 1, 0, 1, 3, 1, 0, 0, 1, 1, 0, 2, 2, 1, 0, 1, 0, 2, 0, 2, 2, 0, 1, 2, 0, 2, 0, 2, 1, 2, 2, 1, 1, 2, 2, 0, 0, 1]"
easymock,6,seed6_solution070,0.71033478893740897853,5.5069198173687343711,0.53748384988657005312,0.81836031381363727455,0.71033478893740897853,-5.5069198173687343711,0.53748384988657005312,0.81836031381363727455,True,False,,,"[0, 1, 0, 1, 0, 0, 2, 2, 3, 3, 4, 3, 5, 5, 5, 4, 3, 3, 6, 2, 7, 0, 3, 7, 0, 7, 1, 7, 7, 7, 3, 1, 1, 1, 1, 1, 1, 1, 7, 5, 1, 0, 7, 7, 2, 7, 5, 7, 0, 7, 5, 3, 1, 5, 0, 8, 6, 3, 6, 1, 9, 6, 1, 6, 7, 1, 8, 6, 0, 5, 5, 8, 0, 0, 8, 9, 2, 1, 4, 6, 6, 5, 0, 3, 0, 6, 2, 0, 1, 0, 4, 5, 1, 2, 7, 0, 7, 3, 0, 7, 2, 5, 4, 5, 0]"
easymock,6,seed6_solution071,0.72197962154294037518,7.1762696284500799848,0.58227795686220096272,0.7744900114681277925,0.72197962154294037518,-7.1762696284500799848,0.58227795686220096272,0.7744900114681277925,True,False,,,"[0, 1, 2, 0, 2, 0, 2, 3, 3, 2, 2, 4, 0, 1, 2, 1, 5, 0, 5, 5, 5, 5, 2, 2, 2, 3, 1, 1, 0, 3, 3, 1, 2, 3, 1, 1, 3, 0, 1, 0, 2, 2, 0, 3, 0, 1, 0, 1, 0, 4, 0, 1, 3, 3, 2, 0, 4, 2, 0, 3, 6, 0, 3, 2, 1, 2, 1, 0, 0, 2, 3, 0, 2, 1, 2, 6, 1, 2, 3, 1, 0, 0, 0, 0, 3, 5, 0, 4, 4, 0, 3, 3, 1, 0, 1, 5, 3, 2, 3, 5, 3, 2, 4, 3, 3]"
easymock,6,seed6_solution072,0.72270742358078599032,8.6301412743336509692,0.61522630093368435578,0.75542645106511474573,0.72270742358078599032,-8.6301412743336509692,0.61522630093368435578,0.75542645106511474573,True,False,,,"[0, 1, 2, 0, 3, 0, 2, 0, 3, 2, 2, 0, 0, 1, 2, 1, 4, 0, 3, 4, 0, 4, 3, 3, 0, 3, 1, 1, 0, 3, 3, 1, 2, 3, 1, 1, 2, 0, 1, 0, 2, 2, 0, 3, 0, 1, 0, 1, 0, 0, 0, 0, 3, 3, 2, 0, 1, 2, 0, 3, 5, 1, 3, 2, 1, 2, 1, 0, 0, 2, 3, 0, 2, 1, 2, 5, 1, 2, 3, 3, 3, 0, 0, 1, 3, 4, 0, 1, 1, 0, 2, 3, 1, 0, 1, 3, 3, 2, 3, 0, 3, 2, 3, 3, 3]"
easymock,6,seed6_solution073,0.72707423580786023631,5.4897918421447835513,0.47284539380214890558,0.81997242720150242956,0.72707423580786023631,-5.4897918421447835513,0.47284539380214890558,0.81997242720150242956,True,False,,,"[0, 1, 2, 1, 2, 0, 2, 3, 3, 2, 4, 3, 4, 4, 5, 2, 3, 3, 6, 2, 7, 5, 3, 2, 6, 7, 1, 7, 7, 6, 3, 1, 1, 1, 1, 1, 1, 1, 7, 4, 1, 0, 7, 6, 2, 7, 4, 2, 0, 7, 4, 3, 1, 6, 0, 8, 7, 2, 5, 1, 9, 6, 1, 6, 6, 1, 8, 3, 0, 4, 4, 8, 0, 0, 8, 9, 2, 1, 5, 6, 6, 6, 0, 3, 0, 2, 2, 0, 1, 0, 5, 4, 1, 2, 0, 0, 7, 0, 0, 7, 3, 4, 5, 4, 0]"
easymock,6,seed6_solution074,0.72925764192139741482,9.7851359646600819531,0.54875658251001646626,0.68226247738314627078,0.72925764192139741482,-9.7851359646600819531,0.54875658251001646626,0.68226247738314627078,True,False,,,"[0, 0, 1, 0, 2, 0, 3, 0, 2, 1, 1, 1, 0, 1, 3, 1, 2, 0, 3, 0, 0, 0, 2, 3, 0, 0, 1, 1, 1, 0, 2, 1, 1, 2, 1, 2, 2, 0, 1, 1, 1, 1, 0, 0, 0, 4, 0, 0, 2, 0, 0, 0, 2, 1, 0, 0, 1, 1, 0, 1, 4, 1, 2, 1, 1, 1, 1, 0, 1, 0, 3, 0, 1, 0, 2, 3, 3, 3, 0, 2, 3, 0, 0, 1, 1, 1, 3, 1, 2, 0, 3, 2, 3, 2, 1, 3, 2, 2, 3, 0, 3, 2, 3, 3, 3]"
easymock,6,seed6_solution075,0.73508005822416300212,0.14719191770275361075,0.30639443699324592219,0.71176186875188485192,0.73508005822416300212,-0.14719191770275361075,0.30639443699324592219,0.71176186875188485192,True,False,,,"[0, 1, 2, 0, 1, 2, 2, 1, 1, 1, 2, 0, 0, 1, 2, 1, 3, 0, 2, 0, 1, 0, 3, 3, 0, 3, 0, 1, 0, 2, 3, 1, 1, 1, 1, 0, 3, 1, 1, 0, 1, 0, 0, 1, 3, 0, 2, 1, 3, 1, 0, 1, 3, 2, 0, 0, 1, 1, 0, 1, 1, 1, 3, 1, 1, 1, 1, 0, 0, 2, 1, 0, 1, 0, 3, 2, 1, 2, 3, 0, 2, 1, 0, 3, 1, 1, 0, 1, 1, 2, 2, 1, 0, 1, 2, 3, 3, 2, 2, 2, 3, 3, 2, 3, 2]"
easymock,6,seed6_solution076,0.74017467248908297428,1.273594361464544189,0.48748510065027533811,0.70640758288603067161,0.74017467248908297428,-1.273594361464544189,0.48748510065027533811,0.70640758288603067161,True,False,,,"[0, 0, 1, 0, 2, 0, 3, 0, 2, 1, 1, 1, 0, 1, 3, 1, 2, 0, 3, 0, 0, 0, 2, 3, 0, 0, 1, 1, 1, 0, 2, 1, 1, 2, 1, 2, 2, 0, 1, 1, 1, 1, 0, 0, 0, 4, 0, 0, 2, 0, 0, 0, 2, 1, 0, 0, 1, 1, 0, 1, 4, 4, 4, 1, 4, 1, 1, 0, 1, 0, 3, 0, 1, 0, 2, 3, 3, 3, 0, 2, 3, 0, 0, 1, 1, 1, 3, 1, 2, 0, 3, 2, 3, 2, 1, 3, 2, 2, 3, 0, 3, 2, 3, 3, 3]"
easymock,6,seed6_solution077,0.75764192139737995824,0.15065191945996900258,0.34113323216328222953,0.6834013669307719141,0.75764192139737995824,-0.15065191945996900258,0.34113323216328222953,0.6834013669307719141,True,False,,,"[0, 1, 1, 0, 1, 1, 2, 0, 1, 1, 1, 0, 0, 1, 1, 0, 3, 0, 2, 0, 0, 0, 3, 0, 0, 3, 0, 1, 0, 2, 3, 1, 1, 3, 1, 0, 0, 1, 1, 0, 1, 1, 0, 1, 3, 0, 1, 1, 0, 1, 0, 1, 3, 2, 0, 0, 1, 1, 0, 1, 1, 1, 1, 2, 1, 1, 1, 0, 0, 0, 1, 0, 0, 1, 3, 3, 3, 2, 3, 3, 0, 2, 0, 3, 2, 1, 0, 1, 3, 0, 2, 3, 2, 3, 1, 3, 3, 2, 2, 0, 2, 3, 2, 3, 2]"
easymock,6,seed6_solution078,0.77001455604075685901,2.1805414030414032034,0.41785544701867249895,0.86880000651154731806,0.77001455604075685901,-2.1805414030414032034,0.41785544701867249895,0.86880000651154731806,True,False,,,"[0, 1, 2, 1, 0, 3, 2, 4, 4, 2, 1, 2, 5, 5, 3, 2, 1, 2, 0, 5, 2, 6, 6, 6, 5, 4, 1, 5, 4, 7, 6, 5, 1, 4, 1, 1, 7, 8, 1, 7, 1, 0, 7, 0, 5, 3, 5, 8, 2, 3, 9, 9, 8, 2, 0, 0, 5, 5, 3, 7, 3, 6, 5, 3, 7, 0, 8, 3, 2, 5, 3, 4, 4, 3, 8, 2, 1, 6, 4, 4, 1, 1, 0, 6, 5, 7, 3, 3, 3, 7, 7, 0, 0, 7, 7, 0, 4, 2, 1, 3, 3, 3, 1, 5, 1]"
easymock,6,seed6_solution079,0.78020378457059680333,5.8208797368781883819,0.52726135373967275566,0.79270416793628051266,0.78020378457059680333,-5.8208797368781883819,0.52726135373967275566,0.79270416793628051266,True,False,,,"[0, 1, 2, 1, 2, 0, 2, 2, 3, 3, 4, 3, 5, 6, 2, 4, 3, 3, 6, 3, 7, 0, 6, 7, 3, 4, 1, 3, 4, 7, 4, 1, 1, 1, 1, 1, 1, 1, 3, 5, 1, 0, 7, 7, 2, 1, 1, 7, 3, 7, 5, 5, 1, 6, 0, 8, 5, 3, 3, 2, 9, 6, 1, 4, 7, 1, 8, 5, 2, 4, 5, 5, 0, 4, 8, 9, 2, 1, 0, 4, 5, 5, 0, 0, 0, 2, 2, 0, 1, 0, 0, 0, 1, 2, 7, 0, 4, 2, 0, 7, 1, 5, 5, 5, 0]"
easymock,6,seed6_solution080,0.7809315866084425295,9.7334064164498936833,0.54544080241052772529,0.7323657902790156049,0.7809315866084425295,-9.7334064164498936833,0.54544080241052772529,0.7323657902790156049,True,False,,,"[0, 1, 1, 0, 2, 0, 3, 0, 2, 1, 3, 0, 0, 1, 2, 1, 3, 0, 2, 0, 0, 0, 2, 2, 0, 0, 1, 1, 0, 0, 2, 1, 1, 2, 1, 3, 3, 0, 1, 0, 1, 1, 0, 1, 0, 4, 0, 0, 3, 0, 0, 0, 3, 1, 0, 0, 1, 3, 0, 1, 4, 1, 2, 1, 1, 0, 1, 0, 3, 0, 2, 0, 1, 0, 3, 2, 2, 2, 0, 2, 2, 0, 0, 1, 1, 1, 2, 1, 3, 0, 2, 3, 2, 3, 1, 2, 3, 3, 2, 0, 2, 3, 2, 2, 2]"
easymock,6,seed6_solution081,0.7809315866084425295,3.1913386227557354324,0.48599431703516471348,0.80743133686527168713,0.7809315866084425295,-3.1913386227557354324,0.48599431703516471348,0.80743133686527168713,True,False,,,"[0, 1, 2, 1, 2, 0, 3, 3, 4, 2, 5, 3, 5, 4, 4, 2, 5, 2, 6, 2, 6, 4, 2, 2, 6, 7, 1, 6, 8, 6, 3, 1, 1, 1, 1, 1, 1, 1, 7, 5, 9, 0, 7, 6, 2, 7, 4, 2, 10, 6, 5, 10, 1, 6, 0, 9, 7, 2, 4, 6, 8, 4, 6, 5, 6, 5, 9, 3, 0, 5, 5, 9, 3, 0, 9, 8, 7, 1, 1, 4, 1, 6, 0, 3, 0, 2, 0, 5, 1, 0, 7, 0, 1, 7, 0, 0, 6, 0, 0, 7, 3, 4, 0, 3, 0]"
easymock,6,seed6_solution082,0.78165938864628825566,6.0359142491495427763,0.50413258163299223824,0.80306420772876996317,0.78165938864628825566,-6.0359142491495427763,0.50413258163299223824,0.80306420772876996317,True,False,,,"[0, 1, 2, 1, 2, 0, 3, 3, 4, 2, 5, 3, 5, 4, 4, 2, 5, 2, 6, 2, 6, 4, 2, 2, 6, 7, 1, 6, 7, 6, 3, 1, 1, 1, 1, 1, 1, 1, 7, 5, 8, 0, 7, 6, 2, 7, 4, 2, 9, 6, 5, 9, 1, 6, 0, 8, 7, 2, 4, 6, 10, 4, 6, 5, 6, 5, 8, 3, 0, 5, 5, 8, 3, 0, 8, 10, 7, 1, 1, 4, 1, 6, 0, 3, 0, 2, 0, 5, 1, 0, 7, 0, 1, 7, 0, 0, 6, 0, 0, 7, 3, 4, 0, 5, 0]"
easymock,6,seed6_solution083,0.78893740902474529531,0.74132391325373780955,0.3875617133214439014,0.85999608033329533185,0.78893740902474529531,-0.74132391325373780955,0.3875617133214439014,0.85999608033329533185,True,False,,,"[0, 1, 0, 1, 0, 0, 2, 2, 0, 3, 4, 5, 5, 5, 5, 3, 1, 0, 5, 2, 3, 5, 6, 2, 0, 7, 1, 7, 7, 6, 3, 1, 1, 6, 1, 1, 1, 4, 7, 7, 8, 0, 7, 1, 5, 7, 5, 6, 0, 6, 5, 3, 5, 5, 0, 3, 6, 2, 6, 1, 6, 0, 6, 6, 7, 7, 8, 6, 0, 5, 4, 8, 2, 0, 8, 3, 1, 1, 4, 6, 6, 7, 3, 3, 4, 6, 0, 3, 7, 0, 4, 5, 0, 0, 7, 0, 7, 3, 1, 7, 2, 5, 4, 6, 0]"
easymock,6,seed6_solution084,0.8013100436681223071,5.2462802230449288032,0.47092325009813779113,0.80469417953075117467,0.8013100436681223071,-5.2462802230449288032,0.47092325009813779113,0.80469417953075117467,True,False,,,"[0, 0, 0, 1, 2, 0, 2, 3, 4, 5, 4, 3, 6, 7, 5, 4, 3, 5, 5, 5, 6, 0, 5, 7, 0, 7, 1, 7, 2, 7, 3, 1, 1, 1, 1, 1, 1, 1, 7, 6, 1, 0, 7, 7, 2, 2, 4, 7, 0, 8, 6, 3, 1, 6, 0, 8, 5, 5, 5, 1, 9, 4, 1, 6, 6, 1, 8, 4, 0, 6, 6, 8, 0, 0, 8, 9, 2, 1, 4, 4, 5, 6, 0, 3, 0, 5, 5, 4, 1, 0, 4, 6, 1, 2, 7, 0, 7, 5, 0, 7, 2, 5, 4, 6, 0]"
easymock,6,seed6_solution085,0.8013100436681223071,0.20314814814814816102,0.03158690276528951929,0.77555896606862584353,0.8013100436681223071,-0.20314814814814816102,0.03158690276528951929,0.77555896606862584353,True,False,,,"[0, 1, 2, 0, 3, 2, 2, 0, 3, 2, 2, 0, 0, 1, 2, 1, 3, 2, 3, 3, 0, 0, 3, 3, 0, 3, 2, 1, 0, 2, 3, 1, 1, 3, 1, 3, 3, 3, 1, 0, 1, 2, 0, 1, 3, 0, 2, 1, 3, 1, 0, 1, 3, 2, 0, 0, 1, 2, 0, 0, 1, 1, 3, 2, 1, 0, 3, 0, 3, 2, 2, 0, 1, 1, 3, 2, 1, 2, 3, 3, 2, 2, 0, 1, 1, 1, 0, 1, 1, 2, 2, 3, 0, 3, 1, 3, 2, 3, 2, 0, 2, 3, 2, 2, 0]"
easymock,6,seed6_solution086,0.80858806404657934674,0.67117419617419615818,0.25555062599997602213,0.88307193141026574246,0.80858806404657934674,-0.67117419617419615818,0.25555062599997602213,0.88307193141026574246,True,False,,,"[0, 1, 0, 1, 0, 0, 2, 0, 3, 2, 1, 2, 4, 4, 0, 2, 1, 3, 0, 0, 5, 5, 3, 6, 7, 2, 1, 5, 4, 5, 7, 4, 1, 2, 1, 8, 4, 6, 0, 1, 8, 5, 7, 8, 4, 7, 8, 7, 1, 5, 8, 3, 2, 5, 0, 8, 4, 2, 2, 0, 5, 3, 5, 2, 7, 8, 6, 6, 0, 4, 6, 5, 3, 7, 6, 2, 3, 1, 3, 1, 4, 8, 4, 2, 2, 0, 4, 8, 8, 7, 1, 8, 1, 7, 7, 8, 2, 5, 1, 7, 1, 8, 1, 5, 2]"
easymock,6,seed6_solution087,0.8114992721979621404,1.2266257344688717978,0.36365491603879585014,0.83371926640104232487,0.8114992721979621404,-1.2266257344688717978,0.36365491603879585014,0.83371926640104232487,True,False,,,"[0, 1, 2, 1, 2, 0, 2, 2, 0, 3, 4, 5, 5, 6, 2, 3, 1, 0, 5, 3, 3, 5, 6, 2, 3, 4, 1, 3, 4, 6, 4, 1, 1, 6, 1, 1, 1, 0, 3, 7, 8, 0, 7, 1, 5, 1, 1, 6, 3, 6, 5, 5, 5, 6, 0, 3, 5, 2, 3, 2, 6, 0, 6, 4, 7, 7, 8, 5, 2, 4, 4, 5, 2, 4, 8, 3, 1, 1, 0, 4, 5, 7, 5, 0, 4, 2, 0, 3, 7, 0, 0, 0, 0, 0, 7, 0, 4, 2, 1, 7, 1, 5, 5, 6, 0]"
easymock,6,seed6_solution088,0.81513828238719066022,2.7133583083583081574,0.33060104681351965006,0.91533092571738228216,0.81513828238719066022,-2.7133583083583081574,0.33060104681351965006,0.91533092571738228216,True,False,,,"[0, 1, 2, 1, 0, 3, 3, 0, 4, 4, 1, 5, 6, 6, 0, 5, 1, 3, 6, 6, 5, 7, 7, 7, 8, 4, 1, 6, 4, 3, 8, 4, 8, 5, 1, 0, 0, 2, 0, 1, 0, 6, 8, 0, 4, 8, 2, 8, 5, 5, 2, 3, 2, 5, 0, 2, 4, 6, 5, 0, 6, 7, 6, 3, 8, 2, 9, 7, 7, 4, 7, 6, 3, 8, 9, 6, 3, 7, 3, 1, 3, 2, 0, 5, 6, 0, 6, 2, 2, 8, 8, 0, 0, 8, 8, 2, 5, 6, 1, 3, 1, 0, 4, 7, 4]"
easymock,6,seed6_solution089,0.81586608442503638638,2.697045177045176878,0.32784599005825726392,0.92024065205961813607,0.81586608442503638638,-2.697045177045176878,0.32784599005825726392,0.92024065205961813607,True,False,,,"[0, 1, 2, 1, 0, 3, 3, 0, 4, 4, 1, 5, 6, 6, 0, 5, 1, 3, 6, 6, 5, 7, 7, 7, 8, 4, 1, 6, 4, 3, 8, 4, 8, 5, 1, 0, 0, 2, 0, 1, 0, 6, 8, 0, 4, 8, 2, 8, 5, 5, 2, 3, 2, 5, 0, 2, 4, 6, 5, 0, 6, 7, 6, 3, 8, 2, 9, 7, 7, 4, 7, 6, 3, 8, 9, 6, 3, 7, 7, 1, 3, 2, 0, 5, 6, 0, 6, 2, 2, 8, 8, 0, 0, 8, 8, 2, 5, 6, 1, 3, 1, 0, 4, 7, 4]"
easymock,6,seed6_solution090,0.81804949053857345387,0.19911873780211788998,0.15793451382644763115,0.73780400501109166811,0.81804949053857345387,-0.19911873780211788998,0.15793451382644763115,0.73780400501109166811,True,False,,,"[0, 1, 2, 0, 3, 2, 2, 1, 1, 2, 2, 0, 0, 1, 2, 1, 3, 0, 2, 3, 0, 0, 3, 3, 0, 3, 0, 1, 0, 2, 3, 1, 1, 1, 1, 0, 3, 1, 1, 0, 1, 0, 0, 1, 3, 0, 2, 1, 3, 1, 0, 1, 3, 2, 0, 0, 1, 2, 0, 0, 1, 1, 3, 2, 1, 0, 3, 0, 0, 2, 1, 0, 1, 1, 3, 2, 1, 2, 3, 3, 2, 2, 0, 1, 1, 1, 0, 1, 1, 2, 2, 3, 0, 1, 1, 3, 3, 2, 2, 2, 3, 3, 2, 2, 0]"
easymock,6,seed6_solution091,0.82678311499272194585,1.5922981920040744086,0.39783997284200806055,0.84776159735890699309,0.82678311499272194585,-1.5922981920040744086,0.39783997284200806055,0.84776159735890699309,True,False,,,"[0, 1, 2, 1, 2, 3, 3, 4, 4, 2, 2, 2, 5, 5, 4, 2, 1, 2, 0, 5, 6, 4, 2, 7, 5, 4, 1, 5, 6, 7, 6, 1, 1, 4, 1, 1, 7, 8, 1, 5, 1, 0, 7, 0, 3, 7, 4, 8, 9, 6, 9, 9, 8, 2, 0, 8, 7, 5, 3, 6, 3, 4, 1, 3, 7, 0, 5, 3, 0, 5, 5, 4, 4, 0, 8, 2, 1, 6, 1, 4, 1, 6, 0, 6, 0, 6, 0, 3, 3, 0, 7, 0, 0, 7, 0, 0, 4, 2, 0, 3, 3, 4, 1, 5, 0]"
easymock,6,seed6_solution092,0.831877729257641918,2.6217798867798869367,0.43278353400006719376,0.89108111105844600708,0.831877729257641918,-2.6217798867798869367,0.43278353400006719376,0.89108111105844600708,True,False,,,"[0, 1, 2, 1, 0, 3, 3, 4, 4, 4, 1, 4, 5, 5, 3, 4, 1, 6, 5, 5, 2, 6, 6, 4, 7, 4, 1, 1, 5, 3, 7, 5, 7, 4, 1, 0, 0, 8, 4, 8, 0, 0, 7, 0, 5, 7, 5, 7, 2, 2, 0, 5, 8, 2, 0, 0, 5, 5, 4, 3, 3, 6, 1, 3, 7, 8, 9, 2, 6, 5, 3, 2, 4, 7, 9, 5, 1, 6, 1, 4, 3, 1, 0, 3, 5, 2, 5, 1, 3, 7, 7, 0, 0, 7, 7, 0, 4, 2, 1, 3, 1, 0, 4, 6, 4]"
easymock,6,seed6_solution093,0.84061135371179040998,1.652651237651237448,0.35698409169507261396,0.84238526535569258069,0.84061135371179040998,-1.652651237651237448,0.35698409169507261396,0.84238526535569258069,True,False,,,"[0, 1, 2, 1, 2, 0, 3, 4, 4, 2, 4, 3, 4, 5, 4, 2, 1, 2, 2, 2, 6, 6, 5, 7, 5, 3, 5, 5, 3, 7, 3, 1, 1, 3, 1, 1, 7, 8, 4, 4, 1, 0, 7, 6, 3, 7, 4, 6, 9, 6, 8, 9, 8, 2, 0, 8, 1, 5, 3, 2, 6, 1, 6, 3, 7, 0, 8, 3, 2, 5, 8, 4, 4, 0, 8, 4, 1, 1, 1, 3, 4, 0, 5, 3, 0, 2, 3, 5, 1, 7, 7, 6, 0, 7, 0, 0, 3, 2, 0, 7, 1, 5, 1, 6, 0]"
easymock,6,seed6_solution094,0.85152838427947596944,1.6832869907869909554,0.38154715474305012091,0.84960933288095830118,0.85152838427947596944,-1.6832869907869909554,0.38154715474305012091,0.84960933288095830118,True,False,,,"[0, 1, 2, 1, 2, 0, 3, 4, 4, 2, 4, 3, 4, 5, 4, 2, 1, 2, 2, 2, 6, 6, 5, 7, 5, 3, 1, 5, 3, 7, 3, 1, 1, 3, 1, 1, 7, 8, 4, 4, 1, 0, 7, 6, 3, 7, 4, 6, 9, 6, 4, 9, 8, 2, 0, 8, 4, 5, 3, 2, 6, 1, 6, 3, 7, 0, 8, 3, 2, 5, 8, 4, 4, 0, 8, 4, 1, 1, 1, 3, 4, 0, 5, 3, 0, 2, 3, 5, 1, 7, 7, 6, 0, 7, 0, 0, 3, 2, 0, 7, 1, 5, 1, 6, 0]"
easymock,6,seed6_solution095,0.87117903930131002088,0.69053354053354043529,0.29416086117105716413,0.86671218799296789737,0.87117903930131002088,-0.69053354053354043529,0.29416086117105716413,0.86671218799296789737,True,False,,,"[0, 1, 2, 1, 2, 0, 3, 4, 5, 5, 4, 3, 4, 6, 2, 4, 1, 2, 2, 2, 4, 6, 5, 6, 5, 3, 1, 6, 3, 6, 3, 1, 1, 3, 1, 0, 2, 1, 4, 4, 1, 0, 7, 6, 4, 7, 0, 6, 4, 6, 4, 5, 5, 6, 0, 8, 4, 2, 5, 2, 6, 1, 6, 3, 7, 0, 8, 5, 2, 4, 8, 4, 5, 7, 8, 4, 1, 1, 4, 3, 4, 0, 5, 3, 3, 2, 3, 5, 1, 7, 7, 6, 0, 7, 7, 0, 3, 2, 1, 7, 1, 5, 1, 6, 0]"
easymock,6,seed6_solution096,0.87263464337700147322,0.89448853615520285132,0.28139593719417443918,0.9625201635470571615,0.87263464337700147322,-0.89448853615520285132,0.28139593719417443918,0.9625201635470571615,True,False,,,"[0, 1, 2, 3, 4, 5, 6, 2, 7, 8, 2, 6, 7, 9, 4, 10, 11, 8, 9, 1, 12, 1, 8, 11, 13, 2, 13, 3, 7, 3, 2, 1, 0, 5, 14, 13, 3, 6, 11, 8, 1, 0, 4, 13, 10, 6, 7, 15, 9, 12, 11, 12, 10, 11, 4, 3, 12, 15, 10, 1, 16, 0, 16, 13, 14, 8, 16, 2, 17, 13, 4, 12, 14, 7, 14, 16, 3, 14, 9, 6, 3, 15, 9, 17, 15, 9, 8, 0, 17, 14, 13, 1, 12, 3, 9, 9, 6, 15, 1, 16, 17, 2, 1, 7, 7]"
easymock,6,seed6_solution097,0.90975254730713250861,1.166402116402116329,0.30904725218262762976,0.96624256006024444865,0.90975254730713250861,-1.166402116402116329,0.30904725218262762976,0.96624256006024444865,True,False,,,"[0, 1, 2, 3, 4, 5, 6, 2, 7, 8, 2, 6, 7, 9, 4, 10, 11, 8, 9, 1, 12, 1, 8, 11, 13, 2, 13, 3, 7, 3, 2, 1, 0, 5, 14, 13, 3, 6, 11, 8, 15, 0, 4, 13, 10, 6, 7, 16, 9, 12, 11, 12, 10, 11, 4, 3, 12, 16, 10, 1, 17, 0, 15, 13, 14, 8, 17, 2, 16, 13, 4, 12, 14, 7, 16, 15, 3, 14, 9, 6, 3, 14, 9, 15, 14, 9, 8, 0, 16, 14, 13, 1, 12, 3, 4, 9, 6, 14, 1, 15, 13, 2, 1, 7, 7]"
easymock,6,seed6_solution098,0.92066957787481806808,1.1965608465608466027,0.32450904833144422756,0.9561271780931503983,0.92066957787481806808,-1.1965608465608466027,0.32450904833144422756,0.9561271780931503983,True,False,,,"[0, 1, 2, 3, 4, 5, 6, 2, 7, 8, 2, 6, 7, 9, 4, 10, 11, 8, 9, 1, 12, 9, 3, 11, 13, 2, 13, 3, 7, 14, 2, 1, 0, 5, 12, 13, 3, 6, 11, 8, 15, 0, 4, 13, 10, 6, 7, 14, 9, 12, 11, 12, 10, 11, 4, 3, 12, 14, 10, 13, 16, 0, 15, 13, 17, 8, 16, 2, 14, 13, 4, 12, 17, 7, 14, 6, 3, 17, 9, 6, 3, 17, 9, 15, 17, 9, 8, 0, 14, 17, 13, 1, 12, 3, 9, 9, 6, 17, 1, 15, 14, 2, 1, 7, 8]"
easymock,6,seed6_solution099,0.92066957787481806808,0.70978835978835974618,0.3037184517924185756,0.9561271780931503983,0.92066957787481806808,-0.70978835978835974618,0.3037184517924185756,0.9561271780931503983,True,False,,,"[0, 1, 2, 3, 4, 5, 6, 2, 7, 8, 2, 6, 7, 9, 4, 10, 11, 8, 9, 1, 12, 9, 3, 11, 13, 2, 13, 3, 7, 14, 2, 1, 15, 5, 12, 13, 3, 6, 11, 8, 16, 0, 4, 13, 10, 6, 7, 14, 9, 12, 11, 12, 10, 11, 4, 3, 12, 14, 10, 13, 15, 0, 16, 13, 17, 8, 15, 2, 14, 13, 4, 12, 17, 7, 14, 16, 3, 17, 9, 6, 3, 17, 9, 16, 17, 9, 8, 0, 14, 17, 13, 1, 12, 3, 9, 9, 6, 17, 1, 16, 14, 2, 1, 7, 8]"
