subject,seed,solution_id,coupling,cohesion,imbalance,pymoo_f0_coupling,pymoo_f1_negative_cohesion,pymoo_f2_imbalance,feasible,is_injected_seed,injected_seed_name,injected_seed_category,label_vector
daytrader,12,seed12_solution000,0.17435424354243542,3.4664965986394556,1.3364298918463986,0.17435424354243542,-3.4664965986394556,1.3364298918463986,True,False,,,"[0, 0, 0, 0, 1, 0, 0, 0, 2, 0, 2, 3, 3, 0, 0, 0, 0, 0, 4, 5, 1, 1, 0, 6, 6, 0, 4, 7, 0, 0, 0, 0, 7, 5, 8, 8, 5, 5, 5, 5, 5, 5, 9, 8, 0, 10, 10, 11, 12, 12, 12, 0, 13]"
daytrader,12,seed12_solution001,0.17619926199261993,3.6799319727891158,1.302433573994137,0.17619926199261993,-3.6799319727891158,1.302433573994137,True,False,,,"[0, 0, 0, 0, 1, 0, 0, 0, 2, 0, 2, 3, 3, 0, 0, 0, 0, 0, 4, 5, 1, 1, 0, 6, 6, 0, 7, 8, 0, 0, 0, 0, 8, 5, 9, 4, 5, 10, 10, 5, 5, 5, 10, 11, 0, 12, 12, 4, 13, 13, 13, 0, 12]"
daytrader,12,seed12_solution002,0.17942804428044282,4.513265306122449,1.2986012684958312,0.17942804428044282,-4.513265306122449,1.2986012684958312,True,False,,,"[0, 0, 0, 0, 1, 0, 0, 0, 2, 0, 2, 3, 3, 0, 0, 0, 0, 0, 4, 5, 1, 1, 0, 6, 6, 0, 7, 8, 0, 0, 0, 0, 8, 5, 9, 4, 5, 10, 10, 5, 5, 5, 11, 11, 0, 12, 12, 4, 8, 13, 13, 0, 12]"
daytrader,12,seed12_solution003,0.18911439114391143,2.6087450769781597,1.2753656314053727,0.18911439114391143,-2.6087450769781597,1.2753656314053727,True,False,,,"[0, 0, 0, 0, 1, 0, 0, 0, 2, 0, 2, 3, 3, 0, 0, 0, 0, 0, 4, 5, 1, 1, 0, 6, 6, 0, 4, 7, 8, 0, 0, 0, 6, 5, 8, 8, 5, 5, 5, 5, 5, 5, 9, 8, 0, 10, 10, 11, 12, 12, 12, 0, 13]"
daytrader,12,seed12_solution004,0.19095940959409594,3.4460317460317462,1.2348043978834846,0.19095940959409594,-3.4460317460317462,1.2348043978834846,True,False,,,"[0, 0, 0, 0, 1, 0, 0, 0, 2, 0, 2, 3, 3, 0, 0, 0, 0, 0, 1, 1, 4, 4, 0, 5, 5, 0, 1, 5, 0, 0, 0, 0, 5, 1, 6, 1, 1, 7, 8, 1, 1, 9, 8, 6, 0, 10, 10, 3, 11, 10, 10, 0, 10]"
daytrader,12,seed12_solution005,0.19649446494464945,4.185380116959064,1.2902129054550004,0.19649446494464945,-4.185380116959064,1.2902129054550004,True,False,,,"[0, 0, 1, 0, 2, 0, 0, 0, 3, 0, 3, 4, 4, 0, 0, 0, 0, 0, 5, 6, 2, 2, 0, 7, 7, 0, 8, 9, 0, 0, 0, 0, 9, 6, 10, 5, 6, 11, 11, 6, 6, 6, 12, 1, 0, 13, 13, 5, 14, 14, 14, 0, 13]"
daytrader,12,seed12_solution006,0.20202952029520296,3.2871602082128395,1.2034127335171303,0.20202952029520296,-3.2871602082128395,1.2034127335171303,True,False,,,"[0, 0, 1, 0, 1, 0, 0, 0, 2, 0, 2, 3, 3, 0, 0, 0, 0, 0, 3, 4, 1, 1, 0, 5, 5, 0, 4, 6, 0, 0, 0, 0, 6, 4, 7, 7, 4, 8, 8, 4, 4, 4, 8, 9, 0, 8, 10, 3, 11, 12, 12, 0, 3]"
daytrader,12,seed12_solution007,0.2061808118081181,1.5488095238095239,1.1781504351508802,0.2061808118081181,-1.5488095238095239,1.1781504351508802,True,False,,,"[0, 0, 0, 0, 1, 0, 0, 0, 2, 0, 2, 3, 3, 0, 0, 0, 0, 0, 4, 1, 1, 4, 0, 5, 5, 0, 1, 5, 0, 0, 0, 0, 5, 5, 6, 4, 3, 7, 7, 5, 1, 6, 8, 9, 0, 10, 10, 4, 11, 11, 7, 0, 10]"
daytrader,12,seed12_solution008,0.2140221402214022,3.095681511470985,1.187930282165826,0.2140221402214022,-3.095681511470985,1.187930282165826,True,False,,,"[0, 0, 0, 1, 2, 0, 0, 0, 1, 0, 1, 3, 3, 0, 0, 0, 0, 0, 2, 4, 5, 5, 0, 4, 4, 0, 6, 4, 0, 0, 0, 0, 4, 4, 7, 5, 2, 8, 8, 2, 2, 7, 9, 10, 0, 11, 11, 5, 12, 1, 12, 0, 11]"
daytrader,12,seed12_solution009,0.21494464944649447,2.229284750337382,1.1643206506069066,0.21494464944649447,-2.229284750337382,1.1643206506069066,True,False,,,"[0, 0, 1, 0, 1, 0, 0, 0, 2, 0, 2, 3, 3, 0, 0, 0, 0, 0, 3, 4, 1, 1, 0, 5, 5, 0, 4, 5, 0, 0, 0, 0, 5, 4, 6, 6, 4, 7, 7, 7, 7, 7, 8, 8, 0, 9, 9, 10, 11, 11, 11, 0, 12]"
daytrader,12,seed12_solution010,0.22370848708487084,2.7262183235867448,1.0517069818393796,0.22370848708487084,-2.7262183235867448,1.0517069818393796,True,False,,,"[0, 0, 1, 0, 2, 0, 3, 0, 1, 0, 1, 4, 5, 0, 0, 0, 0, 0, 6, 5, 2, 2, 0, 6, 6, 0, 6, 7, 0, 0, 0, 0, 2, 5, 8, 8, 7, 5, 7, 5, 7, 7, 9, 5, 0, 10, 10, 3, 11, 9, 11, 0, 2]"
daytrader,12,seed12_solution011,0.23154981549815498,2.425855190561073,0.9231796092622693,0.23154981549815498,-2.425855190561073,0.9231796092622693,True,False,,,"[0, 0, 1, 0, 2, 0, 3, 4, 1, 0, 1, 5, 6, 0, 0, 0, 0, 0, 7, 8, 2, 2, 0, 7, 7, 0, 7, 4, 0, 0, 0, 0, 2, 8, 6, 4, 8, 1, 8, 8, 8, 8, 9, 6, 0, 10, 10, 3, 9, 9, 9, 0, 2]"
daytrader,12,seed12_solution012,0.23662361623616235,2.5762183235867444,1.039449699685986,0.23662361623616235,-2.5762183235867444,1.039449699685986,True,False,,,"[0, 0, 1, 0, 2, 0, 3, 0, 1, 0, 1, 4, 5, 0, 0, 0, 0, 0, 6, 5, 2, 2, 0, 6, 6, 0, 6, 7, 0, 0, 0, 0, 2, 5, 8, 8, 7, 5, 7, 3, 7, 7, 9, 5, 0, 10, 10, 3, 11, 9, 11, 0, 2]"
daytrader,12,seed12_solution013,0.24215867158671586,2.9870439988861044,1.0954776126033798,0.24215867158671586,-2.9870439988861044,1.0954776126033798,True,False,,,"[0, 0, 0, 0, 1, 0, 2, 2, 2, 0, 1, 3, 3, 0, 0, 2, 0, 0, 1, 4, 5, 5, 0, 4, 4, 0, 6, 1, 0, 0, 0, 0, 0, 7, 8, 5, 4, 9, 9, 2, 4, 4, 1, 8, 0, 1, 1, 5, 8, 10, 8, 0, 11]"
daytrader,12,seed12_solution014,0.2444649446494465,2.967202729044834,1.0758026634074287,0.2444649446494465,-2.967202729044834,1.0758026634074287,True,False,,,"[0, 0, 0, 0, 1, 0, 2, 2, 2, 0, 1, 3, 3, 0, 0, 2, 0, 0, 1, 4, 5, 5, 0, 4, 4, 0, 6, 1, 0, 0, 0, 0, 0, 7, 8, 5, 4, 9, 9, 2, 4, 4, 1, 8, 0, 10, 1, 5, 8, 11, 8, 0, 10]"
daytrader,12,seed12_solution015,0.2518450184501845,2.37921568627451,0.8312600291287052,0.2518450184501845,-2.37921568627451,0.8312600291287052,True,False,,,"[0, 0, 1, 0, 2, 0, 3, 1, 4, 0, 2, 5, 5, 0, 0, 0, 0, 0, 5, 2, 2, 2, 0, 6, 6, 0, 6, 4, 0, 0, 0, 0, 5, 4, 6, 7, 7, 1, 2, 6, 7, 7, 1, 0, 0, 8, 8, 3, 9, 9, 9, 5, 9]"
daytrader,12,seed12_solution016,0.25461254612546125,3.0604237867395763,1.0649936446543458,0.25461254612546125,-3.0604237867395763,1.0649936446543458,True,False,,,"[0, 0, 0, 0, 1, 0, 1, 0, 2, 0, 2, 3, 1, 0, 0, 0, 0, 0, 3, 1, 1, 4, 0, 5, 5, 0, 3, 6, 0, 0, 0, 4, 6, 4, 7, 4, 2, 4, 8, 4, 9, 4, 6, 8, 0, 0, 9, 4, 3, 10, 10, 0, 9]"
daytrader,12,seed12_solution017,0.2642988929889299,2.484610814022579,0.9103651382501751,0.2642988929889299,-2.484610814022579,0.9103651382501751,True,False,,,"[0, 0, 1, 0, 1, 0, 2, 1, 2, 0, 1, 3, 4, 0, 0, 0, 0, 0, 5, 6, 4, 1, 0, 2, 2, 0, 7, 5, 0, 0, 0, 7, 4, 6, 3, 6, 5, 5, 0, 6, 6, 6, 8, 8, 0, 9, 5, 3, 10, 9, 10, 0, 3]"
daytrader,12,seed12_solution018,0.2702952029520295,3.2261725202901674,1.1030879986598845,0.2702952029520295,-3.2261725202901674,1.1030879986598845,True,False,,,"[0, 0, 0, 0, 1, 0, 2, 1, 3, 0, 2, 4, 5, 0, 0, 0, 0, 0, 2, 1, 1, 1, 0, 6, 6, 0, 5, 7, 2, 0, 0, 4, 7, 5, 8, 8, 5, 4, 5, 2, 5, 5, 1, 8, 0, 9, 0, 10, 11, 12, 11, 0, 2]"
daytrader,12,seed12_solution019,0.27075645756457567,5.460084033613445,1.0044401248457482,0.27075645756457567,-5.460084033613445,1.0044401248457482,True,False,,,"[0, 0, 0, 1, 1, 0, 0, 0, 2, 0, 2, 3, 3, 0, 0, 2, 0, 0, 1, 1, 4, 4, 0, 5, 5, 0, 1, 2, 1, 0, 0, 0, 0, 2, 6, 2, 2, 6, 7, 2, 1, 8, 7, 6, 0, 9, 1, 3, 10, 9, 9, 1, 8]"
daytrader,12,seed12_solution020,0.2896678966789668,2.873190943043884,0.9758566446026979,0.2896678966789668,-2.873190943043884,0.9758566446026979,True,False,,,"[0, 0, 1, 0, 1, 0, 1, 2, 1, 0, 1, 2, 3, 0, 0, 0, 0, 0, 4, 5, 5, 1, 0, 5, 3, 0, 6, 1, 0, 0, 2, 0, 2, 7, 5, 8, 2, 9, 8, 7, 3, 5, 3, 10, 0, 4, 10, 5, 8, 11, 8, 0, 2]"
daytrader,12,seed12_solution021,0.29704797047970477,1.7672198879551821,0.8183112619698657,0.29704797047970477,-1.7672198879551821,0.8183112619698657,True,False,,,"[0, 0, 0, 0, 1, 0, 2, 1, 2, 0, 1, 3, 3, 0, 0, 2, 0, 0, 1, 3, 3, 2, 0, 3, 3, 0, 4, 5, 0, 0, 0, 0, 6, 5, 7, 7, 8, 8, 8, 7, 7, 3, 1, 6, 0, 5, 4, 9, 6, 6, 6, 3, 6]"
daytrader,12,seed12_solution022,0.29935424354243545,3.1664767980557453,0.9887224533263322,0.29935424354243545,-3.1664767980557453,0.9887224533263322,True,False,,,"[0, 1, 0, 2, 3, 0, 3, 0, 2, 0, 2, 4, 2, 0, 0, 0, 0, 0, 0, 3, 3, 5, 0, 6, 6, 0, 3, 7, 0, 0, 0, 5, 6, 2, 1, 5, 2, 8, 8, 2, 3, 1, 7, 9, 0, 0, 10, 5, 4, 9, 4, 0, 10]"
daytrader,12,seed12_solution023,0.3058118081180812,2.987619047619048,0.7735849056603773,0.3058118081180812,-2.987619047619048,0.7735849056603773,True,False,,,"[0, 0, 1, 0, 1, 0, 2, 1, 3, 0, 2, 4, 5, 0, 0, 0, 0, 0, 2, 2, 4, 4, 0, 3, 3, 0, 6, 4, 2, 0, 2, 4, 5, 4, 6, 4, 7, 1, 0, 2, 7, 1, 1, 0, 0, 8, 8, 9, 7, 9, 9, 5, 2]"
daytrader,12,seed12_solution024,0.3154981549815498,3.7185897435897437,0.9690842293129253,0.3154981549815498,-3.7185897435897437,0.9690842293129253,True,False,,,"[0, 0, 1, 0, 1, 0, 2, 1, 2, 0, 2, 3, 3, 0, 0, 3, 0, 0, 2, 4, 5, 5, 0, 3, 3, 0, 4, 6, 2, 2, 0, 0, 7, 1, 8, 8, 6, 4, 0, 4, 4, 1, 1, 6, 0, 4, 9, 10, 11, 11, 11, 0, 12]"
daytrader,12,seed12_solution025,0.32795202952029523,1.9941358024691358,0.671867691123202,0.32795202952029523,-1.9941358024691358,0.671867691123202,True,False,,,"[0, 0, 1, 0, 2, 0, 3, 1, 3, 0, 2, 4, 3, 0, 0, 0, 0, 0, 5, 5, 6, 6, 0, 7, 8, 0, 6, 2, 5, 0, 0, 0, 4, 5, 8, 5, 1, 8, 2, 7, 7, 6, 1, 0, 5, 4, 7, 1, 5, 5, 5, 4, 2]"
daytrader,12,seed12_solution026,0.33210332103321033,3.8778030303030304,0.8482176148297745,0.33210332103321033,-3.8778030303030304,0.8482176148297745,True,False,,,"[0, 0, 1, 0, 2, 0, 3, 3, 1, 0, 1, 4, 5, 0, 0, 0, 0, 1, 2, 1, 6, 4, 0, 3, 3, 0, 5, 6, 2, 2, 2, 4, 1, 1, 6, 0, 1, 4, 4, 2, 1, 1, 0, 6, 0, 7, 7, 1, 8, 9, 9, 0, 0]"
daytrader,12,seed12_solution027,0.3477859778597786,5.99795751633987,0.9089954317317663,0.3477859778597786,-5.99795751633987,0.9089954317317663,True,False,,,"[0, 0, 1, 0, 1, 0, 2, 2, 2, 0, 1, 3, 3, 0, 1, 2, 0, 0, 1, 2, 4, 4, 0, 5, 5, 0, 1, 1, 0, 0, 0, 0, 0, 6, 0, 7, 2, 8, 7, 2, 3, 6, 1, 9, 0, 8, 1, 2, 9, 8, 9, 1, 2]"
daytrader,12,seed12_solution028,0.3477859778597786,4.7535130718954255,0.8851852155275397,0.3477859778597786,-4.7535130718954255,0.8851852155275397,True,False,,,"[0, 0, 1, 0, 1, 0, 2, 3, 3, 0, 1, 4, 4, 0, 1, 3, 0, 0, 1, 3, 5, 5, 0, 6, 6, 0, 1, 1, 0, 0, 0, 0, 0, 2, 0, 7, 3, 8, 7, 3, 4, 2, 1, 9, 0, 6, 1, 3, 9, 8, 9, 1, 3]"
daytrader,12,seed12_solution029,0.3570110701107011,3.65,0.8444318490792545,0.3570110701107011,-3.65,0.8444318490792545,True,False,,,"[0, 1, 2, 0, 1, 0, 2, 1, 1, 0, 2, 3, 0, 0, 0, 0, 0, 0, 1, 4, 5, 5, 0, 1, 6, 0, 5, 7, 0, 8, 0, 0, 8, 2, 7, 4, 2, 9, 9, 4, 7, 3, 10, 6, 0, 4, 6, 7, 10, 11, 11, 7, 8]"
daytrader,12,seed12_solution030,0.36162361623616235,3.3563492063492064,0.7703568174563622,0.36162361623616235,-3.3563492063492064,0.7703568174563622,True,False,,,"[0, 1, 2, 0, 1, 0, 2, 1, 1, 0, 2, 3, 4, 0, 0, 0, 0, 0, 1, 5, 6, 6, 0, 6, 4, 0, 6, 7, 0, 8, 0, 0, 8, 2, 7, 5, 2, 9, 9, 5, 7, 3, 10, 4, 0, 5, 4, 7, 10, 11, 11, 7, 8]"
daytrader,12,seed12_solution031,0.3763837638376384,2.5263186813186818,0.6373338020397938,0.3763837638376384,-2.5263186813186818,0.6373338020397938,True,False,,,"[0, 0, 1, 0, 1, 0, 2, 1, 3, 0, 1, 4, 5, 0, 0, 3, 0, 0, 2, 1, 4, 4, 0, 3, 3, 0, 5, 6, 2, 2, 2, 4, 6, 1, 6, 4, 7, 4, 0, 2, 1, 1, 1, 7, 0, 5, 8, 9, 7, 9, 9, 5, 2]"
daytrader,12,seed12_solution032,0.38514760147601473,4.771428571428571,0.6426183534311849,0.38514760147601473,-4.771428571428571,0.6426183534311849,True,False,,,"[0, 0, 1, 1, 2, 0, 3, 1, 3, 0, 2, 4, 3, 0, 0, 0, 0, 5, 5, 6, 7, 7, 0, 1, 1, 0, 5, 2, 6, 0, 0, 0, 5, 4, 4, 2, 0, 4, 2, 8, 8, 6, 1, 0, 6, 5, 5, 1, 6, 6, 6, 5, 2]"
daytrader,12,seed12_solution033,0.397140221402214,4.6761904761904765,0.6223555661309675,0.397140221402214,-4.6761904761904765,0.6223555661309675,True,False,,,"[0, 0, 1, 1, 2, 0, 3, 1, 3, 0, 2, 4, 3, 0, 0, 0, 0, 5, 5, 6, 7, 7, 0, 8, 1, 0, 5, 2, 6, 0, 0, 0, 5, 4, 4, 2, 0, 4, 2, 8, 8, 6, 1, 0, 6, 5, 5, 1, 6, 6, 6, 5, 2]"
daytrader,12,seed12_solution034,0.3985239852398524,5.790775890775891,0.7856853891946043,0.3985239852398524,-5.790775890775891,0.7856853891946043,True,False,,,"[0, 1, 2, 2, 3, 0, 1, 3, 2, 0, 2, 4, 2, 4, 0, 0, 0, 0, 0, 5, 6, 6, 0, 5, 7, 1, 2, 8, 1, 1, 1, 4, 9, 2, 10, 0, 2, 8, 8, 2, 5, 7, 3, 0, 1, 0, 0, 10, 3, 9, 3, 0, 2]"
daytrader,12,seed12_solution035,0.4059040590405904,7.894738231993134,0.9316246713681893,0.4059040590405904,-7.894738231993134,0.9316246713681893,True,False,,,"[0, 0, 0, 0, 1, 0, 1, 2, 1, 0, 1, 3, 2, 0, 2, 0, 4, 0, 1, 1, 5, 5, 0, 0, 3, 0, 0, 1, 2, 2, 3, 4, 6, 1, 0, 0, 1, 7, 3, 1, 2, 2, 2, 0, 0, 2, 2, 1, 8, 8, 7, 0, 8]"
daytrader,12,seed12_solution036,0.4165129151291513,1.9598334070470296,0.5452144632754675,0.4165129151291513,-1.9598334070470296,0.5452144632754675,True,False,,,"[0, 0, 0, 1, 2, 0, 3, 3, 3, 0, 3, 1, 3, 0, 1, 0, 0, 0, 1, 0, 3, 3, 0, 0, 3, 1, 0, 3, 1, 1, 0, 0, 0, 3, 0, 3, 3, 1, 0, 3, 0, 1, 1, 3, 3, 1, 1, 3, 3, 1, 3, 1, 1]"
daytrader,12,seed12_solution037,0.42481549815498154,2.7538069028781105,0.07059730918441398,0.42481549815498154,-2.7538069028781105,0.07059730918441398,True,False,,,"[0, 0, 0, 1, 1, 0, 2, 2, 2, 0, 2, 1, 2, 0, 1, 0, 0, 0, 1, 2, 2, 2, 0, 0, 2, 1, 0, 2, 1, 1, 0, 0, 0, 2, 0, 2, 2, 1, 0, 2, 0, 1, 1, 2, 2, 1, 1, 2, 2, 1, 2, 1, 1]"
daytrader,12,seed12_solution038,0.4368081180811808,2.6884531590413943,0.02668327476175651,0.4368081180811808,-2.6884531590413943,0.02668327476175651,True,False,,,"[0, 0, 0, 1, 1, 0, 2, 2, 2, 0, 2, 1, 2, 0, 1, 0, 0, 0, 1, 2, 1, 2, 0, 0, 2, 1, 0, 2, 1, 1, 0, 0, 0, 2, 0, 2, 2, 1, 0, 2, 0, 1, 1, 2, 2, 1, 1, 2, 2, 1, 2, 1, 1]"
daytrader,12,seed12_solution039,0.44280442804428044,8.067087542087542,0.8062588912913773,0.44280442804428044,-8.067087542087542,0.8062588912913773,True,False,,,"[0, 0, 0, 0, 1, 0, 1, 2, 1, 0, 1, 3, 2, 4, 2, 0, 5, 0, 1, 1, 6, 6, 0, 0, 3, 0, 7, 1, 2, 2, 3, 5, 4, 1, 0, 0, 1, 8, 3, 1, 2, 2, 2, 0, 0, 7, 2, 1, 7, 7, 8, 0, 7]"
daytrader,12,seed12_solution040,0.45433579335793356,5.058780108780109,0.7124983995660077,0.45433579335793356,-5.058780108780109,0.7124983995660077,True,False,,,"[0, 1, 2, 0, 0, 0, 3, 4, 2, 0, 2, 5, 5, 4, 0, 0, 4, 2, 6, 2, 7, 7, 0, 4, 3, 1, 6, 8, 1, 1, 1, 4, 7, 2, 8, 0, 2, 5, 5, 2, 2, 7, 0, 7, 1, 0, 6, 4, 9, 9, 10, 0, 0]"
daytrader,12,seed12_solution041,0.4663284132841328,7.5005597577026135,0.5228832626623026,0.4663284132841328,-7.5005597577026135,0.5228832626623026,True,False,,,"[0, 1, 2, 2, 3, 0, 1, 4, 2, 5, 2, 3, 1, 5, 5, 2, 5, 2, 0, 2, 6, 6, 0, 2, 4, 1, 2, 0, 1, 1, 1, 5, 1, 2, 0, 0, 2, 5, 5, 2, 2, 2, 1, 0, 1, 0, 0, 6, 3, 3, 3, 0, 6]"
daytrader,12,seed12_solution042,0.4783210332103321,7.778787878787879,0.4107837935297593,0.4783210332103321,-7.778787878787879,0.4107837935297593,True,False,,,"[0, 1, 2, 2, 3, 0, 1, 3, 2, 4, 5, 4, 1, 4, 4, 2, 4, 4, 1, 2, 6, 6, 0, 5, 3, 1, 2, 0, 1, 1, 1, 4, 1, 2, 0, 0, 5, 4, 4, 2, 5, 5, 1, 0, 1, 0, 0, 2, 3, 3, 3, 0, 0]"
daytrader,12,seed12_solution043,0.4801660516605166,7.693156050298908,0.3984662656970354,0.4801660516605166,-7.693156050298908,0.3984662656970354,True,False,,,"[0, 1, 2, 2, 3, 0, 1, 3, 2, 4, 5, 4, 1, 4, 4, 2, 4, 4, 0, 5, 6, 6, 0, 5, 3, 1, 2, 0, 1, 1, 1, 4, 1, 2, 0, 0, 5, 4, 4, 2, 5, 5, 1, 0, 1, 0, 0, 2, 3, 3, 3, 0, 0]"
daytrader,12,seed12_solution044,0.4907749077490775,24.752153110047846,1.0501826452887355,0.4907749077490775,-24.752153110047846,1.0501826452887355,True,False,,,"[0, 0, 0, 0, 1, 2, 0, 3, 3, 0, 4, 3, 0, 0, 0, 0, 0, 0, 1, 1, 5, 5, 2, 3, 6, 0, 4, 6, 0, 0, 0, 0, 6, 6, 7, 6, 5, 1, 0, 1, 5, 0, 8, 4, 0, 7, 9, 9, 10, 4, 6, 7, 4]"
daytrader,12,seed12_solution045,0.49677121771217714,10.10813025210084,0.8226501643996845,0.49677121771217714,-10.10813025210084,0.8226501643996845,True,False,,,"[0, 0, 0, 1, 1, 2, 0, 3, 2, 0, 3, 3, 4, 0, 0, 0, 0, 0, 1, 1, 5, 5, 2, 6, 6, 0, 6, 6, 0, 0, 0, 0, 6, 5, 7, 3, 1, 1, 8, 1, 5, 0, 8, 5, 0, 1, 4, 3, 9, 4, 4, 7, 4]"
daytrader,12,seed12_solution046,0.49677121771217714,5.447361368789941,0.3658626307484022,0.49677121771217714,-5.447361368789941,0.3658626307484022,True,False,,,"[0, 1, 2, 2, 3, 0, 1, 3, 2, 4, 5, 4, 1, 4, 4, 2, 4, 5, 0, 5, 6, 6, 0, 5, 3, 1, 2, 0, 1, 1, 1, 4, 1, 2, 0, 2, 5, 4, 4, 2, 5, 5, 1, 0, 1, 0, 0, 6, 3, 5, 5, 0, 0]"
daytrader,12,seed12_solution047,0.5050738007380073,21.585859728506787,1.0111517741112652,0.5050738007380073,-21.585859728506787,1.0111517741112652,True,False,,,"[0, 0, 1, 0, 2, 3, 0, 1, 2, 0, 4, 2, 5, 0, 0, 0, 0, 0, 4, 6, 5, 5, 3, 7, 7, 0, 4, 5, 0, 0, 0, 0, 8, 5, 9, 4, 6, 10, 5, 6, 6, 6, 1, 0, 0, 4, 11, 1, 12, 12, 12, 7, 4]"
daytrader,12,seed12_solution048,0.5078413284132841,7.812657184085755,0.4400718411204001,0.5078413284132841,-7.812657184085755,0.4400718411204001,True,False,,,"[0, 1, 2, 2, 3, 0, 1, 4, 2, 4, 5, 3, 1, 4, 4, 2, 4, 2, 0, 2, 6, 6, 0, 2, 3, 1, 2, 0, 1, 1, 1, 4, 1, 2, 0, 0, 5, 5, 4, 2, 5, 5, 1, 0, 1, 0, 0, 2, 3, 3, 3, 0, 0]"
daytrader,12,seed12_solution049,0.5124538745387454,5.267243867243866,0.3300538808403,0.5124538745387454,-5.267243867243866,0.3300538808403,True,False,,,"[0, 1, 2, 2, 3, 0, 1, 4, 2, 4, 2, 3, 1, 4, 4, 2, 4, 2, 0, 5, 6, 6, 0, 2, 3, 1, 2, 0, 1, 1, 1, 4, 1, 2, 0, 0, 5, 5, 5, 2, 5, 5, 1, 0, 1, 0, 0, 6, 3, 3, 3, 0, 6]"
daytrader,12,seed12_solution050,0.5179889298892989,21.28842383107089,1.0019560790454154,0.5179889298892989,-21.28842383107089,1.0019560790454154,True,False,,,"[0, 0, 1, 0, 2, 3, 0, 1, 2, 0, 4, 2, 5, 0, 0, 0, 0, 0, 4, 6, 5, 7, 3, 8, 8, 0, 4, 5, 0, 0, 0, 0, 9, 5, 10, 4, 6, 11, 5, 6, 6, 6, 1, 0, 0, 4, 12, 1, 7, 7, 7, 8, 4]"
daytrader,12,seed12_solution051,0.5202952029520295,24.956149732620318,0.8526130964298115,0.5202952029520295,-24.956149732620318,0.8526130964298115,True,False,,,"[0, 0, 1, 0, 2, 3, 0, 4, 2, 0, 4, 5, 6, 0, 0, 0, 0, 0, 7, 8, 2, 6, 3, 7, 7, 0, 8, 4, 0, 0, 0, 0, 9, 8, 6, 4, 5, 8, 8, 8, 5, 5, 1, 6, 0, 4, 10, 1, 7, 6, 9, 0, 2]"
daytrader,12,seed12_solution052,0.5202952029520295,24.577272727272724,0.819832489901903,0.5202952029520295,-24.577272727272724,0.819832489901903,True,False,,,"[0, 0, 0, 1, 2, 3, 1, 1, 2, 0, 2, 4, 4, 0, 0, 0, 0, 0, 5, 2, 2, 6, 3, 2, 1, 0, 7, 7, 5, 0, 0, 0, 8, 7, 6, 7, 5, 1, 9, 9, 4, 4, 1, 0, 0, 6, 10, 6, 5, 6, 6, 0, 9]"
daytrader,12,seed12_solution053,0.5235239852398524,27.411617647058826,0.7689692027288616,0.5235239852398524,-27.411617647058826,0.7689692027288616,True,False,,,"[0, 0, 1, 0, 2, 3, 0, 1, 2, 0, 2, 4, 4, 0, 0, 0, 0, 0, 4, 5, 4, 2, 3, 6, 6, 0, 5, 7, 0, 0, 0, 0, 8, 7, 5, 9, 9, 1, 2, 5, 5, 5, 1, 0, 0, 7, 6, 9, 8, 8, 8, 4, 8]"
daytrader,12,seed12_solution054,0.5276752767527675,4.549288806431664,0.23261939633845197,0.5276752767527675,-4.549288806431664,0.23261939633845197,True,False,,,"[0, 1, 2, 2, 3, 0, 3, 3, 2, 4, 5, 4, 1, 4, 4, 2, 4, 6, 0, 2, 5, 5, 0, 6, 3, 1, 2, 0, 1, 5, 1, 4, 1, 2, 0, 6, 6, 4, 4, 2, 6, 6, 1, 0, 1, 0, 0, 5, 3, 3, 3, 0, 0]"
daytrader,12,seed12_solution055,0.5438191881918819,26.94297619047619,0.7643256264350602,0.5438191881918819,-26.94297619047619,0.7643256264350602,True,False,,,"[0, 0, 1, 0, 2, 3, 0, 1, 2, 0, 4, 4, 2, 0, 0, 0, 0, 0, 4, 5, 2, 6, 3, 2, 7, 0, 8, 2, 6, 0, 0, 0, 9, 8, 7, 4, 5, 8, 2, 5, 5, 5, 1, 0, 0, 4, 2, 1, 7, 6, 6, 6, 4]"
daytrader,12,seed12_solution056,0.5488929889298892,4.2919294990723555,0.22164792687680626,0.5488929889298892,-4.2919294990723555,0.22164792687680626,True,False,,,"[0, 1, 2, 2, 3, 0, 0, 3, 4, 5, 4, 5, 1, 5, 5, 2, 5, 6, 0, 2, 4, 4, 0, 6, 3, 1, 2, 0, 1, 4, 1, 5, 1, 2, 0, 6, 6, 5, 5, 2, 6, 6, 1, 0, 1, 0, 0, 4, 3, 3, 3, 2, 0]"
daytrader,12,seed12_solution057,0.5530442804428044,8.771465201465201,0.6428952844302196,0.5530442804428044,-8.771465201465201,0.6428952844302196,True,False,,,"[0, 0, 0, 1, 2, 3, 2, 4, 4, 3, 1, 4, 3, 0, 0, 2, 0, 0, 1, 4, 5, 5, 3, 4, 4, 0, 5, 2, 0, 0, 0, 0, 6, 7, 8, 8, 4, 1, 2, 7, 4, 8, 1, 0, 7, 6, 1, 6, 8, 5, 8, 0, 9]"
daytrader,12,seed12_solution058,0.5548892988929889,26.816825396825397,0.7211892397591091,0.5548892988929889,-26.816825396825397,0.7211892397591091,True,False,,,"[0, 0, 0, 1, 2, 3, 1, 1, 2, 0, 4, 5, 5, 0, 0, 0, 0, 0, 4, 6, 2, 6, 3, 2, 1, 0, 7, 2, 6, 0, 0, 0, 8, 2, 8, 7, 1, 9, 0, 9, 5, 1, 1, 0, 2, 6, 8, 1, 4, 1, 7, 7, 9]"
daytrader,12,seed12_solution059,0.559040590405904,9.806190476190476,0.670010600172253,0.559040590405904,-9.806190476190476,0.670010600172253,True,False,,,"[0, 0, 0, 0, 1, 2, 3, 1, 2, 0, 4, 3, 5, 0, 0, 1, 0, 0, 1, 6, 1, 1, 2, 5, 7, 0, 5, 6, 7, 0, 0, 3, 8, 5, 6, 5, 8, 1, 0, 6, 3, 0, 8, 6, 0, 8, 4, 9, 9, 9, 6, 7, 8]"
daytrader,12,seed12_solution060,0.5618081180811808,27.074761904761903,0.7358490566037736,0.5618081180811808,-27.074761904761903,0.7358490566037736,True,False,,,"[0, 0, 1, 0, 2, 3, 1, 1, 4, 0, 2, 5, 6, 0, 0, 0, 0, 0, 7, 7, 6, 6, 3, 4, 1, 0, 5, 2, 4, 0, 0, 0, 8, 6, 0, 5, 1, 1, 6, 7, 4, 1, 1, 0, 2, 5, 7, 7, 4, 9, 7, 4, 5]"
daytrader,12,seed12_solution061,0.5705719557195572,29.760317460317463,0.67661966328457,0.5705719557195572,-29.760317460317463,0.67661966328457,True,False,,,"[0, 0, 0, 1, 2, 3, 4, 1, 4, 0, 5, 4, 2, 0, 0, 0, 0, 0, 5, 2, 2, 6, 3, 2, 1, 0, 5, 2, 7, 0, 0, 0, 5, 2, 7, 6, 7, 1, 2, 8, 2, 7, 1, 0, 8, 5, 2, 1, 8, 7, 4, 7, 0]"
daytrader,12,seed12_solution062,0.5705719557195572,4.953854875283446,0.24309620239104013,0.5705719557195572,-4.953854875283446,0.24309620239104013,True,False,,,"[0, 1, 2, 2, 3, 0, 3, 3, 2, 4, 5, 4, 1, 4, 4, 2, 4, 5, 0, 5, 6, 5, 0, 5, 3, 1, 2, 0, 1, 1, 1, 6, 3, 2, 0, 2, 5, 6, 4, 2, 5, 5, 1, 2, 1, 0, 0, 1, 3, 5, 3, 6, 0]"
daytrader,12,seed12_solution063,0.5811808118081181,10.726926406926406,0.52729013632008,0.5811808118081181,-10.726926406926406,0.52729013632008,True,False,,,"[0, 0, 1, 1, 2, 3, 4, 1, 5, 0, 2, 5, 2, 3, 0, 0, 0, 0, 5, 2, 6, 7, 3, 4, 4, 0, 6, 2, 7, 0, 1, 0, 6, 5, 8, 4, 4, 9, 5, 7, 8, 8, 1, 0, 0, 6, 6, 1, 7, 4, 7, 4, 5]"
daytrader,12,seed12_solution064,0.5816420664206642,15.124468864468867,0.6538763566476775,0.5816420664206642,-15.124468864468867,0.6538763566476775,True,False,,,"[0, 0, 1, 0, 2, 3, 1, 1, 4, 3, 4, 4, 5, 0, 0, 0, 0, 0, 6, 6, 5, 7, 3, 2, 1, 0, 4, 2, 0, 0, 0, 0, 8, 5, 7, 6, 7, 1, 5, 6, 7, 6, 1, 0, 2, 4, 6, 1, 7, 7, 7, 9, 9]"
daytrader,12,seed12_solution065,0.5876383763837638,29.898982498982498,0.5852099026139933,0.5876383763837638,-29.898982498982498,0.5852099026139933,True,False,,,"[0, 0, 1, 1, 2, 3, 4, 1, 4, 0, 5, 4, 2, 0, 0, 0, 0, 0, 5, 2, 2, 6, 3, 2, 1, 0, 5, 2, 7, 0, 0, 0, 5, 2, 8, 6, 8, 1, 2, 8, 2, 7, 1, 0, 8, 5, 2, 1, 8, 7, 4, 7, 5]"
daytrader,12,seed12_solution066,0.5936346863468634,9.027497194163862,0.4765785260496259,0.5936346863468634,-9.027497194163862,0.4765785260496259,True,False,,,"[0, 0, 1, 1, 2, 3, 4, 4, 4, 3, 1, 4, 2, 0, 0, 2, 0, 0, 1, 4, 5, 5, 3, 4, 4, 0, 5, 2, 6, 0, 0, 0, 7, 2, 8, 8, 3, 1, 2, 6, 4, 6, 1, 0, 6, 7, 1, 1, 8, 6, 4, 6, 5]"
daytrader,12,seed12_solution067,0.5954797047970479,11.228584995251662,0.5336654952351302,0.5954797047970479,-11.228584995251662,0.5336654952351302,True,False,,,"[0, 0, 1, 0, 2, 3, 4, 1, 2, 0, 5, 3, 4, 0, 0, 0, 0, 0, 5, 2, 2, 6, 3, 2, 4, 0, 5, 2, 6, 0, 0, 0, 5, 7, 8, 8, 8, 1, 2, 7, 7, 6, 1, 2, 7, 5, 8, 1, 8, 2, 4, 6, 2]"
daytrader,12,seed12_solution068,0.5959409594095941,33.56361416361416,0.5491181966360471,0.5959409594095941,-33.56361416361416,0.5491181966360471,True,False,,,"[0, 0, 0, 1, 2, 3, 1, 1, 2, 0, 4, 4, 2, 0, 0, 0, 0, 0, 5, 5, 4, 5, 3, 2, 1, 0, 6, 2, 6, 1, 1, 0, 4, 2, 0, 2, 7, 1, 0, 5, 5, 6, 2, 0, 7, 4, 2, 1, 7, 1, 6, 6, 4]"
daytrader,12,seed12_solution069,0.6093173431734318,12.087902837902838,0.46293751495793567,0.6093173431734318,-12.087902837902838,0.46293751495793567,True,False,,,"[0, 1, 1, 0, 2, 3, 3, 1, 4, 0, 5, 5, 4, 0, 0, 4, 0, 0, 6, 2, 5, 5, 3, 2, 4, 0, 7, 2, 6, 0, 0, 0, 5, 7, 8, 6, 1, 4, 2, 7, 1, 7, 1, 0, 7, 5, 8, 1, 7, 1, 6, 6, 2]"
daytrader,12,seed12_solution070,0.6236162361623616,30.442712842712847,0.4698075319995747,0.6236162361623616,-30.442712842712847,0.4698075319995747,True,False,,,"[0, 0, 1, 1, 2, 3, 1, 1, 4, 0, 2, 4, 5, 0, 0, 0, 0, 6, 7, 8, 8, 8, 3, 2, 1, 0, 4, 2, 6, 4, 0, 0, 8, 2, 8, 7, 2, 1, 4, 7, 2, 6, 1, 0, 6, 6, 6, 7, 7, 4, 7, 6, 8]"
daytrader,12,seed12_solution071,0.6282287822878229,30.733245149911813,0.49633760143267563,0.6282287822878229,-30.733245149911813,0.49633760143267563,True,False,,,"[0, 0, 1, 1, 2, 3, 1, 1, 4, 0, 2, 5, 2, 0, 0, 6, 0, 6, 4, 2, 7, 5, 3, 2, 1, 0, 4, 2, 7, 7, 0, 0, 8, 2, 8, 8, 2, 1, 7, 4, 2, 6, 1, 0, 6, 6, 4, 4, 4, 7, 7, 4, 4]"
daytrader,12,seed12_solution072,0.6365313653136532,6.582529375386517,0.25313977103771207,0.6365313653136532,-6.582529375386517,0.25313977103771207,True,False,,,"[0, 1, 2, 2, 3, 0, 3, 3, 2, 4, 5, 6, 1, 4, 4, 2, 4, 5, 0, 5, 6, 5, 0, 5, 3, 1, 1, 0, 1, 6, 1, 6, 1, 2, 2, 2, 5, 6, 1, 6, 5, 5, 1, 2, 1, 0, 0, 1, 3, 3, 3, 6, 0]"
daytrader,12,seed12_solution073,0.6365313653136532,4.915419501133788,0.19788846191889653,0.6365313653136532,-4.915419501133788,0.19788846191889653,True,False,,,"[0, 1, 2, 0, 3, 0, 3, 3, 2, 4, 5, 6, 1, 6, 4, 0, 4, 5, 6, 5, 4, 5, 0, 5, 3, 1, 2, 0, 2, 6, 1, 5, 1, 4, 2, 2, 5, 6, 2, 6, 5, 5, 2, 2, 1, 0, 0, 6, 3, 3, 3, 6, 0]"
daytrader,12,seed12_solution074,0.6392988929889298,39.288173731030874,0.82286650895685,0.6392988929889298,-39.288173731030874,0.82286650895685,True,False,,,"[0, 1, 0, 1, 1, 2, 3, 3, 3, 0, 3, 4, 3, 0, 1, 0, 0, 0, 1, 3, 4, 4, 2, 0, 1, 3, 5, 3, 1, 1, 1, 0, 0, 5, 6, 3, 3, 1, 0, 3, 0, 1, 1, 0, 3, 1, 1, 3, 3, 1, 3, 5, 1]"
daytrader,12,seed12_solution075,0.6476014760147601,34.56341575091575,0.5694863499164744,0.6476014760147601,-34.56341575091575,0.5694863499164744,True,False,,,"[0, 1, 1, 1, 2, 3, 1, 1, 4, 0, 2, 4, 5, 0, 4, 0, 0, 0, 6, 6, 5, 5, 3, 2, 1, 0, 4, 2, 7, 1, 1, 0, 0, 2, 0, 6, 1, 1, 0, 7, 7, 1, 1, 0, 2, 6, 6, 6, 7, 1, 6, 7, 2]"
daytrader,12,seed12_solution076,0.6545202952029521,6.823710317460318,0.31964291219051727,0.6545202952029521,-6.823710317460318,0.31964291219051727,True,False,,,"[0, 1, 2, 1, 3, 3, 1, 3, 2, 4, 2, 5, 2, 4, 4, 6, 4, 5, 6, 5, 5, 6, 3, 5, 3, 1, 7, 0, 1, 1, 1, 4, 0, 2, 0, 2, 5, 1, 4, 2, 6, 1, 2, 0, 2, 0, 0, 6, 7, 5, 7, 0, 0]"
daytrader,12,seed12_solution077,0.6586715867158671,16.603126503126504,0.45596399900356877,0.6586715867158671,-16.603126503126504,0.45596399900356877,True,False,,,"[0, 0, 1, 1, 2, 3, 4, 1, 5, 3, 2, 4, 6, 0, 0, 0, 4, 0, 6, 6, 5, 7, 3, 2, 1, 0, 4, 2, 1, 0, 0, 6, 0, 5, 7, 6, 7, 4, 0, 6, 5, 7, 2, 0, 2, 4, 6, 1, 7, 1, 5, 8, 8]"
daytrader,12,seed12_solution078,0.6614391143911439,3.852380952380952,0.11933123245918412,0.6614391143911439,-3.852380952380952,0.11933123245918412,True,False,,,"[0, 1, 2, 0, 3, 0, 3, 3, 2, 4, 5, 6, 1, 6, 4, 0, 5, 5, 6, 5, 4, 5, 0, 5, 3, 1, 2, 0, 2, 6, 1, 6, 1, 4, 2, 4, 5, 6, 2, 6, 3, 5, 2, 2, 1, 0, 0, 4, 3, 3, 4, 6, 0]"
daytrader,12,seed12_solution079,0.6660516605166051,34.22103174603174,0.5386453744762338,0.6660516605166051,-34.22103174603174,0.5386453744762338,True,False,,,"[0, 0, 0, 1, 2, 3, 1, 1, 4, 4, 4, 4, 2, 0, 4, 0, 0, 0, 5, 5, 2, 5, 3, 2, 1, 2, 6, 2, 1, 0, 0, 0, 0, 2, 0, 2, 7, 1, 0, 5, 5, 5, 1, 0, 2, 5, 6, 1, 6, 7, 6, 6, 7]"
daytrader,12,seed12_solution080,0.6720479704797048,4.358049886621315,0.17085632336108336,0.6720479704797048,-4.358049886621315,0.17085632336108336,True,False,,,"[0, 1, 2, 0, 3, 0, 3, 3, 2, 4, 5, 6, 1, 6, 4, 2, 5, 5, 6, 5, 4, 5, 0, 5, 3, 1, 2, 0, 2, 6, 1, 6, 1, 2, 2, 4, 5, 6, 2, 6, 3, 5, 2, 2, 1, 0, 0, 4, 3, 3, 4, 6, 0]"
daytrader,12,seed12_solution081,0.6738929889298892,13.028048340548342,0.3453397210891156,0.6738929889298892,-13.028048340548342,0.3453397210891156,True,False,,,"[0, 1, 1, 1, 2, 2, 3, 1, 4, 0, 5, 4, 6, 0, 4, 3, 0, 0, 4, 6, 4, 4, 2, 5, 7, 5, 3, 5, 7, 1, 0, 0, 6, 4, 0, 6, 6, 3, 0, 4, 7, 7, 1, 0, 5, 6, 3, 1, 7, 0, 4, 7, 5]"
daytrader,12,seed12_solution082,0.6785055350553506,33.82284451659452,0.4197848200242828,0.6785055350553506,-33.82284451659452,0.4197848200242828,True,False,,,"[0, 1, 1, 1, 2, 3, 4, 1, 5, 0, 2, 5, 6, 0, 4, 4, 0, 0, 6, 6, 5, 5, 3, 2, 4, 0, 4, 2, 7, 1, 1, 0, 0, 5, 0, 6, 6, 4, 0, 6, 7, 1, 1, 0, 2, 6, 6, 1, 7, 1, 5, 7, 2]"
daytrader,12,seed12_solution083,0.6794280442804428,34.00423881673881,0.37688649727241846,0.6794280442804428,-34.00423881673881,0.37688649727241846,True,False,,,"[0, 1, 1, 1, 2, 3, 4, 1, 5, 0, 2, 5, 6, 0, 5, 4, 0, 0, 5, 6, 5, 5, 3, 2, 7, 2, 4, 2, 7, 1, 0, 0, 6, 5, 0, 6, 6, 4, 0, 5, 7, 7, 1, 0, 2, 6, 4, 1, 7, 0, 5, 7, 2]"
daytrader,12,seed12_solution084,0.6877306273062731,35.57270923520923,0.5644632189302488,0.6877306273062731,-35.57270923520923,0.5644632189302488,True,False,,,"[0, 1, 0, 1, 2, 3, 1, 1, 2, 4, 2, 5, 4, 0, 4, 6, 4, 0, 6, 6, 5, 6, 3, 2, 1, 2, 7, 2, 1, 1, 1, 0, 0, 2, 0, 2, 1, 1, 0, 6, 6, 1, 2, 0, 2, 6, 7, 0, 7, 1, 7, 7, 2]"
daytrader,12,seed12_solution085,0.6881918819188192,37.62498196248196,0.6034787015743198,0.6881918819188192,-37.62498196248196,0.6034787015743198,True,False,,,"[0, 1, 0, 1, 2, 3, 1, 1, 2, 4, 2, 5, 2, 0, 4, 6, 4, 0, 6, 6, 5, 6, 3, 2, 1, 2, 7, 2, 1, 1, 1, 0, 0, 2, 0, 2, 1, 1, 0, 6, 6, 1, 2, 0, 2, 6, 7, 0, 7, 1, 7, 7, 2]"
daytrader,12,seed12_solution086,0.691420664206642,35.764565295815295,0.5744655602882388,0.691420664206642,-35.764565295815295,0.5744655602882388,True,False,,,"[0, 1, 0, 1, 2, 3, 1, 1, 2, 4, 2, 5, 2, 0, 4, 6, 4, 0, 6, 6, 5, 6, 3, 2, 1, 2, 7, 2, 1, 1, 1, 0, 0, 2, 0, 2, 1, 1, 0, 6, 6, 1, 2, 4, 2, 6, 7, 0, 7, 1, 7, 7, 2]"
daytrader,12,seed12_solution087,0.6988007380073801,37.604843073593074,0.5694863499164744,0.6988007380073801,-37.604843073593074,0.5694863499164744,True,False,,,"[0, 1, 0, 1, 2, 3, 1, 1, 2, 4, 2, 5, 2, 5, 4, 6, 4, 0, 6, 6, 5, 6, 3, 2, 1, 2, 7, 2, 1, 1, 1, 0, 0, 2, 0, 2, 1, 1, 0, 6, 6, 1, 2, 0, 2, 6, 7, 0, 7, 1, 7, 7, 2]"
daytrader,12,seed12_solution088,0.705719557195572,15.994708994708995,0.3437899463828037,0.705719557195572,-15.994708994708995,0.3437899463828037,True,False,,,"[0, 1, 1, 0, 2, 3, 1, 1, 4, 3, 2, 4, 4, 0, 4, 5, 0, 0, 6, 6, 4, 7, 3, 2, 5, 0, 5, 2, 1, 1, 0, 6, 8, 4, 7, 6, 6, 5, 0, 6, 1, 7, 2, 8, 2, 5, 6, 1, 7, 7, 7, 7, 2]"
daytrader,12,seed12_solution089,0.7140221402214022,40.646509740259745,0.5744655602882388,0.7140221402214022,-40.646509740259745,0.5744655602882388,True,False,,,"[0, 1, 0, 1, 2, 3, 1, 1, 2, 4, 2, 5, 2, 5, 5, 6, 4, 0, 6, 6, 5, 6, 3, 2, 1, 2, 7, 2, 1, 1, 1, 0, 0, 2, 0, 2, 1, 1, 0, 6, 6, 1, 2, 0, 2, 6, 7, 0, 7, 1, 7, 7, 2]"
daytrader,12,seed12_solution090,0.7140221402214022,35.940340909090914,0.5170637587186687,0.7140221402214022,-35.940340909090914,0.5170637587186687,True,False,,,"[0, 1, 0, 1, 2, 3, 1, 1, 2, 4, 2, 5, 2, 5, 5, 6, 4, 0, 6, 6, 5, 6, 3, 2, 1, 2, 7, 2, 1, 1, 1, 0, 0, 2, 0, 4, 1, 1, 0, 6, 1, 5, 2, 0, 2, 6, 7, 0, 7, 1, 7, 7, 2]"
daytrader,12,seed12_solution091,0.7172509225092251,36.51079545454546,0.554280408361071,0.7172509225092251,-36.51079545454546,0.554280408361071,True,False,,,"[0, 1, 0, 1, 2, 3, 1, 1, 2, 4, 2, 5, 2, 5, 5, 4, 4, 0, 6, 6, 5, 7, 3, 2, 1, 2, 7, 2, 1, 1, 1, 0, 0, 2, 0, 2, 1, 1, 0, 6, 6, 1, 2, 0, 2, 6, 7, 0, 7, 1, 7, 7, 2]"
daytrader,12,seed12_solution092,0.7172509225092251,34.911174242424245,0.5115261023292814,0.7172509225092251,-34.911174242424245,0.5115261023292814,True,False,,,"[0, 1, 0, 1, 2, 3, 1, 1, 2, 4, 2, 5, 2, 5, 5, 4, 4, 0, 6, 6, 5, 7, 3, 2, 1, 2, 7, 2, 1, 1, 1, 0, 0, 2, 0, 4, 1, 1, 0, 6, 1, 5, 2, 0, 2, 6, 7, 0, 7, 1, 7, 7, 2]"
daytrader,12,seed12_solution093,0.7227859778597786,34.79845779220779,0.4828861846064048,0.7227859778597786,-34.79845779220779,0.4828861846064048,True,False,,,"[0, 1, 0, 1, 2, 3, 1, 1, 2, 4, 2, 5, 2, 5, 5, 4, 4, 0, 6, 7, 5, 7, 3, 2, 1, 2, 6, 2, 1, 1, 1, 0, 0, 2, 0, 4, 1, 6, 0, 6, 1, 5, 2, 0, 2, 6, 7, 0, 6, 1, 7, 6, 2]"
daytrader,12,seed12_solution094,0.7333948339483395,13.51736111111111,0.32843198463262663,0.7333948339483395,-13.51736111111111,0.32843198463262663,True,False,,,"[0, 1, 1, 1, 2, 3, 3, 1, 4, 0, 2, 5, 6, 0, 5, 4, 4, 0, 6, 6, 5, 5, 3, 2, 4, 2, 7, 2, 7, 1, 0, 6, 0, 2, 0, 6, 1, 4, 0, 7, 1, 7, 1, 0, 2, 6, 5, 1, 7, 1, 6, 7, 2]"
daytrader,12,seed12_solution095,0.7375461254612546,6.969444444444445,0.2607599049261369,0.7375461254612546,-6.969444444444445,0.2607599049261369,True,False,,,"[0, 1, 1, 2, 2, 3, 4, 1, 2, 0, 5, 3, 1, 4, 4, 2, 4, 4, 5, 5, 6, 6, 3, 2, 7, 2, 7, 6, 1, 1, 0, 5, 6, 5, 6, 0, 6, 4, 4, 5, 5, 7, 1, 0, 2, 4, 0, 2, 7, 0, 3, 0, 2]"
daytrader,12,seed12_solution096,0.746309963099631,33.93293650793651,0.3453397210891156,0.746309963099631,-33.93293650793651,0.3453397210891156,True,False,,,"[0, 1, 1, 1, 2, 3, 4, 1, 5, 0, 2, 5, 6, 0, 5, 4, 4, 0, 6, 6, 5, 7, 3, 2, 4, 2, 7, 5, 1, 1, 0, 6, 0, 5, 0, 6, 6, 4, 0, 6, 1, 7, 2, 0, 2, 6, 5, 1, 7, 1, 5, 7, 2]"
daytrader,12,seed12_solution097,0.746309963099631,12.26626984126984,0.3012965928805908,0.746309963099631,-12.26626984126984,0.3012965928805908,True,False,,,"[0, 1, 1, 1, 2, 3, 4, 1, 5, 0, 2, 5, 6, 0, 5, 4, 4, 0, 6, 6, 3, 7, 3, 2, 4, 2, 7, 5, 1, 1, 0, 6, 0, 5, 0, 6, 6, 4, 0, 6, 1, 7, 2, 0, 2, 6, 5, 1, 7, 1, 5, 7, 2]"
daytrader,12,seed12_solution098,0.7679889298892989,11.95297619047619,0.2607599049261369,0.7679889298892989,-11.95297619047619,0.2607599049261369,True,False,,,"[0, 1, 1, 1, 2, 3, 4, 1, 2, 0, 2, 3, 1, 0, 5, 4, 4, 0, 5, 5, 6, 7, 3, 2, 7, 2, 7, 6, 1, 7, 0, 5, 6, 5, 6, 5, 6, 4, 0, 5, 1, 7, 2, 0, 2, 4, 4, 1, 7, 0, 5, 7, 2]"
daytrader,12,seed12_solution099,0.7702952029520295,33.4390873015873,0.31964291219051727,0.7702952029520295,-33.4390873015873,0.31964291219051727,True,False,,,"[0, 1, 1, 1, 2, 3, 1, 1, 2, 0, 2, 4, 5, 0, 6, 4, 4, 0, 6, 5, 5, 6, 3, 2, 4, 0, 7, 2, 1, 4, 0, 5, 5, 6, 0, 6, 5, 4, 0, 5, 2, 7, 2, 0, 2, 7, 7, 1, 7, 1, 6, 7, 2]"
