subject,class_id,stage3a_declaration_hash,stage3b_full_text_hash,declaration_exact_match,only_section_markers_and_empty_marker_added,stage3a_stage3b_embedding_cosine,cosine_distance,stage3a_neighbours,stage3b_neighbours,retained_neighbour_count,neighbour_retention,stage3a_degree,stage3b_degree,degree_change,body_lexical_content_contributed,diagnostic_note,body_empty
jpetstore,org.mybatis.jpetstore.mapper.AccountMapper,fbf942adc8a5c6036a7bf5498e0ad11c4e470a5bfad8f8846740138145f27ea5,0448e09395c3346af47c2b9115e9cc8b567d96c67409ce6b97d2c2b4ea54bdde,true,true,0.8083504667886392,0.1916495332113608,org.mybatis.jpetstore.mapper.OrderMapper|org.mybatis.jpetstore.service.AccountService|org.mybatis.jpetstore.mapper.CategoryMapper,org.mybatis.jpetstore.service.AccountService|org.mybatis.jpetstore.mapper.OrderMapper|org.mybatis.jpetstore.mapper.CategoryMapper,3,1,5,4,-1,false,Embedding and neighbour changes cannot be attributed to lexical method-body content; section markers and <EMPTY> remain textual input.,true
jpetstore,org.mybatis.jpetstore.mapper.CategoryMapper,77045e6e50f73c3cbd199dc5537096c548999d9dabbdce2d12d5ea9ef68c1fd9,4c2b0b9614de47c93d52b3e71d44d77577d0f8f24d5f318430de16a31d338a08,true,true,0.75286416000446232,0.24713583999553768,org.mybatis.jpetstore.mapper.ProductMapper|org.mybatis.jpetstore.mapper.OrderMapper|org.mybatis.jpetstore.mapper.LineItemMapper,org.mybatis.jpetstore.mapper.ProductMapper|org.mybatis.jpetstore.mapper.OrderMapper|org.mybatis.jpetstore.mapper.AccountMapper,2,0.66666666666666663,7,7,0,false,Embedding and neighbour changes cannot be attributed to lexical method-body content; section markers and <EMPTY> remain textual input.,true
jpetstore,org.mybatis.jpetstore.mapper.ItemMapper,46865703180302cba3a502392172882bd12eef02a25d68b8fadea2e950037bdb,f7a4d34cc83ec41e04e5305afff4f8fa8db765acb0e16f08f36d5e3c436c660b,true,true,0.8228094044431421,0.1771905955568579,org.mybatis.jpetstore.mapper.ProductMapper|org.mybatis.jpetstore.mapper.LineItemMapper|org.mybatis.jpetstore.mapper.CategoryMapper,org.mybatis.jpetstore.mapper.ProductMapper|org.mybatis.jpetstore.mapper.LineItemMapper|org.mybatis.jpetstore.mapper.CategoryMapper,3,1,4,3,-1,false,Embedding and neighbour changes cannot be attributed to lexical method-body content; section markers and <EMPTY> remain textual input.,true
jpetstore,org.mybatis.jpetstore.mapper.LineItemMapper,40f209695f43ebed808ee266c5265e0d032ff7607933101edec189de1634a1b4,71af6f379965ab0cfb5273fbf7e3733ed5c5b8adb3fd3cac4b06b7a88333a51c,true,true,0.82245569058595502,0.17754430941404498,org.mybatis.jpetstore.mapper.OrderMapper|org.mybatis.jpetstore.mapper.ItemMapper|org.mybatis.jpetstore.mapper.CategoryMapper,org.mybatis.jpetstore.mapper.OrderMapper|org.mybatis.jpetstore.mapper.ItemMapper|org.mybatis.jpetstore.mapper.ProductMapper,2,0.66666666666666663,3,3,0,false,Embedding and neighbour changes cannot be attributed to lexical method-body content; section markers and <EMPTY> remain textual input.,true
jpetstore,org.mybatis.jpetstore.mapper.OrderMapper,be60bbfe64991d122c53390240b91317703e08e794a236aecd63b3a482beec75,7e8e40f55a2c7915a803664f4374d530ef390d75a7cb12d48749845a092d65c7,true,true,0.75818968127014852,0.24181031872985148,org.mybatis.jpetstore.mapper.AccountMapper|org.mybatis.jpetstore.service.OrderService|org.mybatis.jpetstore.mapper.LineItemMapper,org.mybatis.jpetstore.mapper.AccountMapper|org.mybatis.jpetstore.mapper.LineItemMapper|org.mybatis.jpetstore.mapper.CategoryMapper,2,0.66666666666666663,7,7,0,false,Embedding and neighbour changes cannot be attributed to lexical method-body content; section markers and <EMPTY> remain textual input.,true
jpetstore,org.mybatis.jpetstore.mapper.ProductMapper,afd68148ad4082277eb3d9d64fa5785aa184223a17b106720118f27a4211c9aa,88f2b3ee8fb71f2a5d030a5dd3a006010dce5220299e2df1624cb7a1e546bff5,true,true,0.78100038804480287,0.21899961195519713,org.mybatis.jpetstore.mapper.CategoryMapper|org.mybatis.jpetstore.mapper.ItemMapper|org.mybatis.jpetstore.mapper.OrderMapper,org.mybatis.jpetstore.mapper.CategoryMapper|org.mybatis.jpetstore.mapper.ItemMapper|org.mybatis.jpetstore.mapper.OrderMapper,3,1,4,6,2,false,Embedding and neighbour changes cannot be attributed to lexical method-body content; section markers and <EMPTY> remain textual input.,true
jpetstore,org.mybatis.jpetstore.mapper.SequenceMapper,397e1f58a092b8af9680028ce2121bbe684304b6880a2851792711c9bccc3bcb,a18094d1f2d3b7eeb9a5d092d8e52dbcac67e6d2b5e1e0701a9e8859cc2e44c8,true,true,0.79915412152444709,0.20084587847555291,org.mybatis.jpetstore.mapper.CategoryMapper|org.mybatis.jpetstore.mapper.OrderMapper|org.mybatis.jpetstore.mapper.AccountMapper,org.mybatis.jpetstore.mapper.OrderMapper|org.mybatis.jpetstore.mapper.AccountMapper|org.mybatis.jpetstore.mapper.CategoryMapper,3,1,4,4,0,false,Embedding and neighbour changes cannot be attributed to lexical method-body content; section markers and <EMPTY> remain textual input.,true
daytrader,com.ibm.websphere.samples.daytrader.TradeServices,79faebc4f5a70102505410ea8714fc1c26baa036aa637175132dd4a55b1b8f40,2e5c99ac18edf6b99445dee5d1f4e1faacb80a2de37fcbc55ba20c3fe0fc47f6,true,true,0.8693630471197088,0.1306369528802912,com.ibm.websphere.samples.daytrader.TradeAction|com.ibm.websphere.samples.daytrader.direct.TradeDirect|com.ibm.websphere.samples.daytrader.ejb3.TradeSLSBBean,com.ibm.websphere.samples.daytrader.TradeAction|com.ibm.websphere.samples.daytrader.ejb3.TradeSLSBRemote|com.ibm.websphere.samples.daytrader.direct.TradeDirect,2,0.66666666666666663,8,4,-4,false,Embedding and neighbour changes cannot be attributed to lexical method-body content; section markers and <EMPTY> remain textual input.,true
daytrader,com.ibm.websphere.samples.daytrader.ejb3.TradeSLSBLocal,ebb0a71ae821572211f9108ae470bb16755bf374a203a0cabed519823f207842,330ee5d97b95d34d91c65fd3e5496954ee19996fec4ee992a76c708d29dae5fa,true,true,0.88145902068685289,0.11854097931314711,com.ibm.websphere.samples.daytrader.ejb3.TradeSLSBRemote|com.ibm.websphere.samples.daytrader.ejb3.TradeSLSBBean|com.ibm.websphere.samples.daytrader.TradeServices,com.ibm.websphere.samples.daytrader.ejb3.TradeSLSBRemote|com.ibm.websphere.samples.daytrader.ejb3.TradeSLSBBean|com.ibm.websphere.samples.daytrader.TradeServices,3,1,4,4,0,false,Embedding and neighbour changes cannot be attributed to lexical method-body content; section markers and <EMPTY> remain textual input.,true
daytrader,com.ibm.websphere.samples.daytrader.ejb3.TradeSLSBRemote,3f95dc954e38484462053beb3b05e249e536f1db830393b557d7ccb93dea5c3c,468e5076710d5c6529ad9e1cb8c4ee067c6f07ce361998475269bd51580137d5,true,true,0.88385509577869859,0.11614490422130141,com.ibm.websphere.samples.daytrader.ejb3.TradeSLSBLocal|com.ibm.websphere.samples.daytrader.ejb3.TradeSLSBBean|com.ibm.websphere.samples.daytrader.TradeServices,com.ibm.websphere.samples.daytrader.ejb3.TradeSLSBLocal|com.ibm.websphere.samples.daytrader.TradeServices|com.ibm.websphere.samples.daytrader.ejb3.TradeSLSBBean,3,1,4,4,0,false,Embedding and neighbour changes cannot be attributed to lexical method-body content; section markers and <EMPTY> remain textual input.,true
daytrader,com.ibm.websphere.samples.daytrader.util.WebSocketJMSMessage,e95b8733d3181d904136f23d47d135939f19ba98573cc973c9f5610fef33a7da,623212e7bf56f200f463314b29a8c7fadf2049f1a5fcc6d15011750d8e1fe45a,true,true,0.86907595809126514,0.13092404190873486,com.ibm.websphere.samples.daytrader.web.websocket.MarketSummaryWebSocket|com.ibm.websphere.samples.daytrader.ejb3.DTStreamer3MDB|com.ibm.websphere.samples.daytrader.ejb3.DTBroker3MDB,com.ibm.websphere.samples.daytrader.web.websocket.MarketSummaryWebSocket|com.ibm.websphere.samples.daytrader.ejb3.TradeSLSBRemote|com.ibm.websphere.samples.daytrader.ejb3.TradeSLSBLocal,1,0.33333333333333331,3,3,0,false,Embedding and neighbour changes cannot be attributed to lexical method-body content; section markers and <EMPTY> remain textual input.,true
xerces,org.apache.xerces.dom.DeferredNode,90fbbab23e08d2f741464c2e0623b4ad4ff4b7929e298993db92b1ea1dbe14f3,7841f13e2075095f45961de6689ae0f367c55f684fd8270ac006f74198bf4eb9,true,true,0.85848522019255147,0.14151477980744853,org.apache.xerces.dom.DeferredNotationImpl|org.apache.xerces.dom.DeferredElementImpl|org.apache.xerces.dom.DeferredEntityImpl,org.apache.xerces.dom.DeferredNotationImpl|org.apache.xerces.dom.DeferredElementImpl|org.apache.xerces.dom.DeferredEntityImpl,3,1,3,3,0,false,Embedding and neighbour changes cannot be attributed to lexical method-body content; section markers and <EMPTY> remain textual input.,true
xerces,org.apache.xerces.dom3.as.ASAttributeDeclaration,7f7c2545f20e6c72197e0a1ea8fb5db35c2c52fd84a4f1a294965094e5c50a01,e65648cb24eda5963b14af6b60360a3a0fc83ab28abefd553b4161dcf2c82227,true,true,0.92509768453253616,0.074902315467463843,org.apache.xerces.dom3.as.ASElementDeclaration|org.apache.xerces.xs.XSAttributeDeclaration|org.apache.xerces.impl.xs.XSAttributeDecl,org.apache.xerces.dom3.as.ASElementDeclaration|org.apache.xerces.xs.XSAttributeDeclaration|org.apache.xerces.dom3.as.ASEntityDeclaration,2,0.66666666666666663,5,6,1,false,Embedding and neighbour changes cannot be attributed to lexical method-body content; section markers and <EMPTY> remain textual input.,true
xerces,org.apache.xerces.dom3.as.ASContentModel,d0d87f060de4581202c82b44da9ee3044aadf0c296ada26e7a8ffcb242d25745,3f53f039b90122392d519fcd86583d3ce29fd44bfc743a42538028042924cdbe,true,true,0.92545140517956948,0.074548594820430525,org.apache.xerces.dom3.as.ASModel|org.apache.xerces.dom.ASModelImpl|org.apache.xerces.dom3.as.DocumentAS,org.apache.xerces.dom3.as.ASModel|org.apache.xerces.dom.ASModelImpl|org.apache.xerces.dom3.as.DocumentAS,3,1,3,3,0,false,Embedding and neighbour changes cannot be attributed to lexical method-body content; section markers and <EMPTY> remain textual input.,true
xerces,org.apache.xerces.dom3.as.ASDataType,6181528876b24785359f6ed9f3dde459cbfe06bbecf3d5641c314fbc26350ef3,8371be7377d6ed665a91c5ae7b9643eacd18e8d6f71503d3248b407bbc7c0451,true,true,0.82236885175030761,0.17763114824969239,org.apache.xerces.dom3.as.ASAttributeDeclaration|org.apache.xerces.dom3.as.ASObject|org.apache.xerces.dom3.as.ASModel,org.apache.xerces.dom3.as.ASAttributeDeclaration|org.apache.xerces.dom3.as.ASObject|org.apache.xerces.dom3.as.ASEntityDeclaration,2,0.66666666666666663,3,3,0,false,Embedding and neighbour changes cannot be attributed to lexical method-body content; section markers and <EMPTY> remain textual input.,true
xerces,org.apache.xerces.dom3.as.ASElementDeclaration,3ff27bc2947cfb67014876ace37eafebe7fe0a4b951014674a957c7704fd860e,29875a0b81d3486e9aa3de18148dce2c16038fb572d4a2064e6483495fe0afd7,true,true,0.93967349656591559,0.060326503434084411,org.apache.xerces.dom3.as.ASAttributeDeclaration|org.apache.xerces.dom3.as.ASEntityDeclaration|org.apache.xerces.xs.XSElementDeclaration,org.apache.xerces.dom3.as.ASAttributeDeclaration|org.apache.xerces.dom3.as.ASEntityDeclaration|org.apache.xerces.dom3.as.ASModel,2,0.66666666666666663,3,6,3,false,Embedding and neighbour changes cannot be attributed to lexical method-body content; section markers and <EMPTY> remain textual input.,true
xerces,org.apache.xerces.dom3.as.ASEntityDeclaration,5a4e2757cfc6e70f162d3b32c37a08b47263a580e800b57c39b9770152e9b6b3,69df0fc4f0ebf642b1004196e11ed2285db2a9e110f89cd2d71fe0828ba2b1f1,true,true,0.92539729596046216,0.074602704039537837,org.apache.xerces.dom3.as.ASElementDeclaration|org.apache.xerces.dom3.as.ASNotationDeclaration|org.apache.xerces.dom3.as.ASAttributeDeclaration,org.apache.xerces.dom3.as.ASElementDeclaration|org.apache.xerces.dom3.as.ASNotationDeclaration|org.apache.xerces.dom3.as.ASAttributeDeclaration,3,1,4,5,1,false,Embedding and neighbour changes cannot be attributed to lexical method-body content; section markers and <EMPTY> remain textual input.,true
xerces,org.apache.xerces.dom3.as.ASModel,ba35372c5bb400b899193488d1340936f4cba63b004685a024ec75001481aa1c,566ed09574836035106e6d1db476aaa9d4db306fdbf1bd0a2ec8cac1dcb9dba9,true,true,0.92609395074822676,0.073906049251773243,org.apache.xerces.dom.ASModelImpl|org.apache.xerces.dom3.as.DocumentAS|org.apache.xerces.dom3.as.ASContentModel,org.apache.xerces.dom.ASModelImpl|org.apache.xerces.dom3.as.DocumentAS|org.apache.xerces.dom3.as.ASContentModel,3,1,5,5,0,false,Embedding and neighbour changes cannot be attributed to lexical method-body content; section markers and <EMPTY> remain textual input.,true
xerces,org.apache.xerces.dom3.as.ASNamedObjectMap,19c08e57e191389e6331dac8e350a1d8215c5dac53361c84b0a6c1507dc764db,d1999e41e210e62f35c2efee29a8775dd7951de061f0e0c20848c21033b82c52,true,true,0.91625909982178,0.083740900178220001,org.apache.xerces.xs.XSNamedMap|org.apache.xerces.impl.xs.opti.NamedNodeMapImpl|org.apache.xerces.dom3.as.ASObjectList,org.apache.xerces.xs.XSNamedMap|org.apache.xerces.dom3.as.ASObjectList|org.apache.xerces.dom3.as.ASObject,2,0.66666666666666663,4,4,0,false,Embedding and neighbour changes cannot be attributed to lexical method-body content; section markers and <EMPTY> remain textual input.,true
xerces,org.apache.xerces.dom3.as.ASNotationDeclaration,740f81e42d72a57fda0cc690828e42a874e452409d6a76dbafd9567a30e6124f,0c6cd40573189d47406dbe485778ee74255141c1cc81ab96b9bed42d1a4b1f99,true,true,0.9190571965928892,0.080942803407110797,org.apache.xerces.xs.XSNotationDeclaration|org.apache.xerces.impl.xs.XSNotationDecl|org.apache.xerces.dom3.as.ASEntityDeclaration,org.apache.xerces.xs.XSNotationDeclaration|org.apache.xerces.dom3.as.ASEntityDeclaration|org.apache.xerces.dom3.as.ASAttributeDeclaration,2,0.66666666666666663,3,3,0,false,Embedding and neighbour changes cannot be attributed to lexical method-body content; section markers and <EMPTY> remain textual input.,true
xerces,org.apache.xerces.dom3.as.ASObject,1657bd0dd07c554b23f1f30b9134ba1bf175a5bcea21ad18866617a49d6db074,ae6a96c9b1c7c0ddb0dec2522c0915ef49d164bbfa617b73d7416713b9fc34ef,true,true,0.8956019249974555,0.1043980750025445,org.apache.xerces.dom3.as.ASModel|org.apache.xerces.dom.ASModelImpl|org.apache.xerces.dom3.as.DocumentAS,org.apache.xerces.dom3.as.ASModel|org.apache.xerces.dom3.as.DocumentAS|org.apache.xerces.dom3.as.ASAttributeDeclaration,2,0.66666666666666663,4,5,1,false,Embedding and neighbour changes cannot be attributed to lexical method-body content; section markers and <EMPTY> remain textual input.,true
xerces,org.apache.xerces.dom3.as.ASObjectList,817e6c5ed4fd9bbd207be1179a80a1edc904be3b0cf7b0ff1ab962965782004c,e55d0ad33eba23814e14c83f5f4b6db9774b8857fefe608f740a96f7421e56ee,true,true,0.88394023208567563,0.11605976791432437,org.apache.xerces.xs.datatypes.ObjectList|org.apache.xerces.xs.XSObjectList|org.apache.xerces.dom3.as.ASNamedObjectMap,org.apache.xerces.xs.XSObjectList|org.apache.xerces.xs.datatypes.ObjectList|org.apache.xerces.dom3.as.ASNamedObjectMap,3,1,3,3,0,false,Embedding and neighbour changes cannot be attributed to lexical method-body content; section markers and <EMPTY> remain textual input.,true
xerces,org.apache.xerces.dom3.as.CharacterDataEditAS,ee5f3b81440b85dfee5daaa0df9adcc6f4ce5c0b295a97d937300aaf919aa8b3,59aee26ea1828964a0647f6cfc847c151135f6c6a599477a67948fbd4e56355f,true,true,0.89201722600792632,0.10798277399207368,org.apache.xerces.dom3.as.NodeEditAS|org.apache.xerces.dom3.as.ElementEditAS|org.apache.xerces.dom.CharacterDataImpl,org.apache.xerces.dom3.as.NodeEditAS|org.apache.xerces.dom3.as.ElementEditAS|org.apache.xerces.dom3.as.DocumentEditAS,2,0.66666666666666663,4,4,0,false,Embedding and neighbour changes cannot be attributed to lexical method-body content; section markers and <EMPTY> remain textual input.,true
xerces,org.apache.xerces.dom3.as.DOMASBuilder,f0b7161760ccd438da2ef92b771dd1a29c82e41795eea63a82a424b98db730d3,1fa7f1eec8e0ec6caa001118850988f1ba0e37dc494ccb27d35fedd8acc8f397,true,true,0.91944371942520831,0.080556280574791694,org.apache.xerces.parsers.DOMASBuilderImpl|org.apache.xerces.dom3.as.DOMImplementationAS|org.apache.xerces.dom3.as.DOMASWriter,org.apache.xerces.parsers.DOMASBuilderImpl|org.apache.xerces.dom3.as.DOMImplementationAS|org.apache.xerces.dom3.as.DOMASWriter,3,1,3,3,0,false,Embedding and neighbour changes cannot be attributed to lexical method-body content; section markers and <EMPTY> remain textual input.,true
xerces,org.apache.xerces.dom3.as.DOMASWriter,3f051b86630f06e169294639dfd7815724c5c9d78308856bf1e38c1e0577b91f,20e6f52fce5813a430d79ceeccc5ec9cc859233863ec88b1a0f7bba7dc9a3601,true,true,0.91654212379772559,0.083457876202274406,org.apache.xerces.dom3.as.DOMImplementationAS|org.apache.xerces.dom3.as.DOMASBuilder|org.apache.xml.serialize.DOMSerializer,org.apache.xerces.dom3.as.DOMImplementationAS|org.apache.xml.serialize.DOMSerializer|org.apache.xerces.dom3.as.DOMASBuilder,3,1,4,4,0,false,Embedding and neighbour changes cannot be attributed to lexical method-body content; section markers and <EMPTY> remain textual input.,true
xerces,org.apache.xerces.dom3.as.DOMImplementationAS,f013c5d7e4a21d8abe7461ac4d8dd9b470c65b6d8046f4873862189fd8134193,87bfcd039f1c91199eab4a110bcd6406dc9896ebe97f861b68f3c341c9019a32,true,true,0.88412130503104536,0.11587869496895464,org.apache.xerces.dom.ASDOMImplementationImpl|org.apache.xerces.dom3.as.DOMASBuilder|org.apache.xerces.dom3.as.DocumentAS,org.apache.xerces.dom.ASDOMImplementationImpl|org.apache.xerces.dom3.as.DocumentAS|org.apache.xerces.dom3.as.DOMASBuilder,3,1,5,5,0,false,Embedding and neighbour changes cannot be attributed to lexical method-body content; section markers and <EMPTY> remain textual input.,true
xerces,org.apache.xerces.dom3.as.DocumentAS,33ada529ce2e548f0e53ca8c97dc0ceaa44533ffe5eabe20595ba935b5208812,b45b50b0c20774a353257fccc8fb989914710caf18658ec3d1a444ce6043fda0,true,true,0.89612237587695076,0.10387762412304924,org.apache.xerces.dom3.as.ASModel|org.apache.xerces.dom3.as.DOMImplementationAS|org.apache.xerces.dom.ASModelImpl,org.apache.xerces.dom3.as.ASModel|org.apache.xerces.dom3.as.DOMImplementationAS|org.apache.xerces.dom3.as.ASObject,2,0.66666666666666663,5,5,0,false,Embedding and neighbour changes cannot be attributed to lexical method-body content; section markers and <EMPTY> remain textual input.,true
xerces,org.apache.xerces.dom3.as.DocumentEditAS,e9b96677892261bc7b294b0fca0ec8aeb22a35a022c58acf09c07d1146b56d45,f6ade9bbfcaddba00912efede87676d0668c20ad916ea7b82caa8f3ba86eefd1,true,true,0.88222486735640082,0.11777513264359918,org.apache.xerces.dom3.as.NodeEditAS|org.apache.xerces.dom3.as.ElementEditAS|org.apache.xerces.dom3.as.CharacterDataEditAS,org.apache.xerces.dom3.as.NodeEditAS|org.apache.xerces.dom3.as.ElementEditAS|org.apache.xerces.dom3.as.CharacterDataEditAS,3,1,3,3,0,false,Embedding and neighbour changes cannot be attributed to lexical method-body content; section markers and <EMPTY> remain textual input.,true
xerces,org.apache.xerces.dom3.as.ElementEditAS,857446f29200894e66419793400b1ee8113f4d258f68ae1071c60487496d9d41,7e0832d6534488240b6864f21dc99a99e5933a84672498c834115d873eb2226e,true,true,0.90332649008590249,0.096673509914097511,org.apache.xerces.dom3.as.NodeEditAS|org.apache.xerces.dom3.as.CharacterDataEditAS|org.apache.xerces.dom3.as.DocumentEditAS,org.apache.xerces.dom3.as.NodeEditAS|org.apache.xerces.dom3.as.ASElementDeclaration|org.apache.xerces.dom3.as.CharacterDataEditAS,2,0.66666666666666663,4,4,0,false,Embedding and neighbour changes cannot be attributed to lexical method-body content; section markers and <EMPTY> remain textual input.,true
xerces,org.apache.xerces.dom3.as.NodeEditAS,638b38e2bc5caf60c08c3d074d1d335c89a9a24107e7ce3a3b9ab2e5ec423439,3c0083a297a203dd4aed23f83b3c44e9dc77b1e5c2df4780d747eac5589209f4,true,true,0.89013962975054461,0.10986037024945539,org.apache.xerces.dom3.as.ElementEditAS|org.apache.xerces.dom3.as.DocumentEditAS|org.apache.xerces.dom3.as.CharacterDataEditAS,org.apache.xerces.dom3.as.ElementEditAS|org.apache.xerces.dom3.as.DocumentEditAS|org.apache.xerces.dom3.as.CharacterDataEditAS,3,1,3,3,0,false,Embedding and neighbour changes cannot be attributed to lexical method-body content; section markers and <EMPTY> remain textual input.,true
xerces,org.apache.xerces.impl.ExternalSubsetResolver,c97a266d16aa4fe5c286b08f9ff50cc2a8c5f2a60cc54c1fdb2dbcafae76df2d,fe1cd3bc3c9aed85785eb887e93e69a899a3115f517f9bd00af43c39e5a3cbe5,true,true,0.92298304757416627,0.077016952425833729,org.apache.xerces.util.EntityResolver2Wrapper|org.apache.xerces.xni.parser.XMLEntityResolver|org.apache.xerces.parsers.SecureProcessingConfiguration$ExternalEntityMonitor,org.apache.xerces.xni.parser.XMLEntityResolver|org.apache.xerces.util.EntityResolver2Wrapper|org.apache.xerces.util.EntityResolverWrapper,2,0.66666666666666663,3,3,0,false,Embedding and neighbour changes cannot be attributed to lexical method-body content; section markers and <EMPTY> remain textual input.,true
xerces,org.apache.xerces.impl.RevalidationHandler,be2c799675ac4e5695615c1c373976c81eae3acac94eb3c2926274ece11df3e5,a65a7f392f2903e300b646f4208889d6913ce508e4a2e4c710f7c86dbe45b481,true,true,0.90938463121026825,0.090615368789731754,org.apache.xerces.xni.parser.XMLDocumentFilter|org.apache.xerces.impl.dtd.XMLDTDValidatorFilter|org.apache.xerces.impl.dtd.XMLDTDValidator,org.apache.xerces.xni.parser.XMLDocumentFilter|org.apache.xerces.impl.dtd.XMLDTDValidatorFilter|org.apache.xerces.xni.XMLDocumentHandler,2,0.66666666666666663,4,4,0,false,Embedding and neighbour changes cannot be attributed to lexical method-body content; section markers and <EMPTY> remain textual input.,true
xerces,org.apache.xerces.impl.XMLDocumentFragmentScannerImpl$Dispatcher,df249ebabd134d4e04d954bfa4d1af72dce564e4fde6bc92b55586a3c371fa6b,c01b5d0814644163997d4dc8a2fac741adf94cea86d90b3172d136dde28bc0b2,true,true,0.86943739469333925,0.13056260530666075,org.apache.xerces.impl.XMLDocumentScannerImpl$XMLDeclDispatcher|org.apache.xerces.impl.XMLDocumentScannerImpl$DTDDispatcher|org.apache.xerces.impl.XMLDocumentScannerImpl$PrologDispatcher,org.apache.xerces.impl.XMLDocumentScannerImpl$DTDDispatcher|org.apache.xerces.impl.XMLDocumentFragmentScannerImpl$FragmentContentDispatcher|org.apache.xerces.impl.XMLDocumentScannerImpl$PrologDispatcher,2,0.66666666666666663,5,3,-2,false,Embedding and neighbour changes cannot be attributed to lexical method-body content; section markers and <EMPTY> remain textual input.,true
xerces,org.apache.xerces.impl.XMLEntityDescription,ef57563c066190f1b24df4e576d05ea7888374d1f3a8395ddd6feb1d604ed7a0,22a552b843e0ce798aba8def0c2a246416746b77144dc9b9084ac8ba002a040d,true,true,0.89563712617068825,0.10436287382931175,org.apache.xerces.util.XMLEntityDescriptionImpl|org.apache.xerces.impl.XMLEntityHandler|org.apache.xerces.xni.grammars.XMLGrammarDescription,org.apache.xerces.util.XMLEntityDescriptionImpl|org.apache.xerces.impl.XMLEntityHandler|org.apache.xerces.xni.parser.XMLEntityResolver,2,0.66666666666666663,4,4,0,false,Embedding and neighbour changes cannot be attributed to lexical method-body content; section markers and <EMPTY> remain textual input.,true
xerces,org.apache.xerces.impl.XMLEntityHandler,e28b05cae27bdb917f1337e42bd84cb724eb31740214f758dbf567d81e00400b,9a5e541a55f2d244ad36d768f7b675a5bff48cc3793dd59f678fb69920602048,true,true,0.90329899074593267,0.096701009254067327,org.apache.xerces.xni.parser.XMLEntityResolver|org.apache.xerces.impl.XMLEntityDescription|org.apache.xerces.xni.XMLDocumentHandler,org.apache.xerces.impl.XMLEntityDescription|org.apache.xerces.xni.parser.XMLEntityResolver|org.apache.xerces.xni.parser.XMLErrorHandler,2,0.66666666666666663,4,5,1,false,Embedding and neighbour changes cannot be attributed to lexical method-body content; section markers and <EMPTY> remain textual input.,true
xerces,org.apache.xerces.impl.dtd.XMLContentSpec$Provider,066e9dd7aebb19a97a4b65f46a8b6dba2805e3a4b154db6058cd4e80fab5b915,754f7afc848366f1f6030af1ccf8cd47f448f9a5cb8cc9727bc7c3b446f7cafb,true,true,0.88971185927399177,0.11028814072600823,org.apache.xerces.impl.dtd.XMLContentSpec|org.apache.xerces.xni.parser.XMLDTDContentModelSource|org.apache.xerces.impl.dtd.models.ContentModelValidator,org.apache.xerces.impl.dtd.XMLContentSpec|org.apache.xerces.impl.dtd.models.ContentModelValidator|org.apache.xerces.xni.parser.XMLDTDContentModelSource,3,1,3,3,0,false,Embedding and neighbour changes cannot be attributed to lexical method-body content; section markers and <EMPTY> remain textual input.,true
xerces,org.apache.xerces.impl.dtd.XMLDTDValidatorFilter,52b6dba239557d6c90b98b07655d2680824c092424aeff198b9bbe99f4103fd7,c89e764926d39bc56f6afbd1afe676e038b83e900f7c9fe62c8a953b4ad42712,true,true,0.91090149616334737,0.089098503836652632,org.apache.xerces.impl.dtd.XMLDTDValidator|org.apache.xerces.xni.parser.XMLDTDFilter|org.apache.xerces.xni.parser.XMLDTDContentModelFilter,org.apache.xerces.xni.parser.XMLDTDFilter|org.apache.xerces.xni.parser.XMLDTDContentModelFilter|org.apache.xerces.xni.parser.XMLDocumentFilter,2,0.66666666666666663,4,4,0,false,Embedding and neighbour changes cannot be attributed to lexical method-body content; section markers and <EMPTY> remain textual input.,true
xerces,org.apache.xerces.impl.dtd.models.ContentModelValidator,28400fcffb9c4d1a2a8dd158eeab3ca94c363b159c595a765eeb59cfb12a1e43,ed0e4df3401d503a378231a9076d3d035eba9e51b914a5fff6610976f083e3ca,true,true,0.89219333640496334,0.10780666359503666,org.apache.xerces.impl.dtd.models.SimpleContentModel|org.apache.xerces.impl.dtd.models.MixedContentModel|org.apache.xerces.impl.xs.models.XSCMValidator,org.apache.xerces.impl.dtd.models.MixedContentModel|org.apache.xerces.impl.xs.models.XSCMValidator|org.apache.xerces.impl.dv.DatatypeValidator,2,0.66666666666666663,5,6,1,false,Embedding and neighbour changes cannot be attributed to lexical method-body content; section markers and <EMPTY> remain textual input.,true
xerces,org.apache.xerces.impl.dv.DatatypeValidator,2fb6568ca2760d165b9cb376df54f8167532c8e1aa46543b565597cf84148736,a55e1547fc59e57fd91f0efcddeabbb1067f389721e058987ed446488fef328f,true,true,0.84977583586609118,0.15022416413390882,org.apache.xerces.impl.dv.dtd.StringDatatypeValidator|org.apache.xerces.impl.dv.dtd.ENTITYDatatypeValidator|org.apache.xerces.impl.dv.dtd.NOTATIONDatatypeValidator,org.apache.xerces.impl.dv.dtd.StringDatatypeValidator|org.apache.xerces.impl.dv.dtd.NOTATIONDatatypeValidator|org.apache.xerces.jaxp.validation.ValidatorHelper,2,0.66666666666666663,6,4,-2,false,Embedding and neighbour changes cannot be attributed to lexical method-body content; section markers and <EMPTY> remain textual input.,true
xerces,org.apache.xerces.impl.dv.ValidationContext,6f737788cf7fd17cf985e896b6dd8fd365f61c25ac99269a6231e70016fd525c,4971dfd0fe39e217a41f8e8afffd3bacd369af50c24ec049e0b39fdb9d96fe01,true,true,0.86743778839843799,0.13256221160156201,org.apache.xerces.impl.validation.ValidationState|org.apache.xerces.impl.dv.xs.XSSimpleTypeDecl$ValidationContextImpl|org.apache.xerces.impl.dv.xs.XSSimpleTypeDecl$1,org.apache.xerces.impl.validation.ValidationState|org.apache.xerces.impl.dv.xs.XSSimpleTypeDecl$ValidationContextImpl|org.apache.xerces.impl.dv.xs.XSSimpleTypeDecl$1,3,1,6,3,-3,false,Embedding and neighbour changes cannot be attributed to lexical method-body content; section markers and <EMPTY> remain textual input.,true
xerces,org.apache.xerces.impl.dv.XSSimpleType,3cad5624d6442dad2efdb08ea46daad33619a3ca5f9658329206b70b9bcbe733,881d38feed8c100b991f5b53133e069bad53429d7217d6ff310f6946ed863716,true,true,0.90403985201571335,0.095960147984286648,org.apache.xerces.xs.XSSimpleTypeDefinition|org.apache.xerces.impl.dv.xs.XSSimpleTypeDecl|org.apache.xerces.impl.dv.xs.XSSimpleTypeDelegate,org.apache.xerces.xs.XSSimpleTypeDefinition|org.apache.xerces.impl.dv.xs.XSSimpleTypeDelegate|org.apache.xerces.impl.dv.xs.XSSimpleTypeDecl,3,1,5,3,-2,false,Embedding and neighbour changes cannot be attributed to lexical method-body content; section markers and <EMPTY> remain textual input.,true
xerces,org.apache.xerces.impl.validation.EntityState,f31f802b0bb7bfcb230ed7bc48a914ae1fa3882b0a8036c810ce2e84a19e7d29,8966ba6b3f8b8ca50cb0866a1da6c62ca1daf9385c751cdcd3a6f6089e50bf0d,true,true,0.85946548819529522,0.14053451180470478,org.apache.xerces.impl.XMLEntityManager$Entity|org.apache.xerces.dom3.as.ASEntityDeclaration|org.apache.xerces.jaxp.UnparsedEntityHandler,org.apache.xerces.dom3.as.ASEntityDeclaration|org.apache.xerces.impl.XMLEntityHandler|org.apache.xerces.impl.XMLEntityManager$Entity,2,0.66666666666666663,4,3,-1,false,Embedding and neighbour changes cannot be attributed to lexical method-body content; section markers and <EMPTY> remain textual input.,true
xerces,org.apache.xerces.impl.xs.XSElementDeclHelper,9a69ad8b38911f1e5e4fa609f66d142393b363a5a54bcdc7af2203b553680539,8e1933f6137717699b9b931b6b1cbb2a15f633bf3c93dbb2c2e6e14528863797,true,true,0.90930963476671156,0.090690365233288439,org.apache.xerces.xs.XSElementDeclaration|org.apache.xerces.impl.xs.XSElementDecl|org.apache.xerces.impl.dtd.XMLElementDecl,org.apache.xerces.xs.XSElementDeclaration|org.apache.xerces.dom3.as.ASElementDeclaration|org.apache.xerces.impl.xs.XSElementDecl,2,0.66666666666666663,3,3,0,false,Embedding and neighbour changes cannot be attributed to lexical method-body content; section markers and <EMPTY> remain textual input.,true
xerces,org.apache.xerces.impl.xs.identity.FieldActivator,18aa2be551cb9ff50fd019423759c445690b15688643bea3eac2a2246ad3f5c8,9f0cf7bac5796f1b3f74873ddde76c0089cd6230c0870819e96837bad510387e,true,true,0.90103885812678486,0.098961141873215142,org.apache.xerces.impl.xs.identity.Field|org.apache.xerces.impl.xs.identity.Selector|org.apache.xerces.impl.xs.identity.Field$Matcher,org.apache.xerces.impl.xs.identity.Field|org.apache.xerces.impl.xs.identity.Selector$Matcher|org.apache.xerces.impl.xs.XMLSchemaValidator,1,0.33333333333333331,3,3,0,false,Embedding and neighbour changes cannot be attributed to lexical method-body content; section markers and <EMPTY> remain textual input.,true
xerces,org.apache.xerces.impl.xs.identity.ValueStore,7f05a7ef78cc1325e98c49853411f82ead9cd81f14751558b4616b2539b586a9,bc1b724703944a72501be12da7d6d3c814c1ce6fdfecb0f134844668edf52545,true,true,0.86019498676210293,0.13980501323789707,org.apache.xerces.impl.xs.XMLSchemaValidator$ValueStoreBase|org.apache.xerces.impl.xs.XMLSchemaValidator$ValueStoreCache|org.apache.xerces.xs.XSValue,org.apache.xerces.impl.xs.XMLSchemaValidator$ValueStoreBase|org.apache.xerces.xs.XSValue|org.apache.xerces.impl.xs.XMLSchemaValidator$UniqueValueStore,2,0.66666666666666663,3,3,0,false,Embedding and neighbour changes cannot be attributed to lexical method-body content; section markers and <EMPTY> remain textual input.,true
xerces,org.apache.xerces.impl.xs.models.XSCMValidator,fcc7711828fa6f2e46c13d457043819b0751d8542b5b553470533d08a3721b27,e9bdb0e3d87afab92872eaf38784360a4f7cc4dcba069ecd266eff1ac4151a6a,true,true,0.91595724741527873,0.08404275258472127,org.apache.xerces.impl.xs.models.XSAllCM|org.apache.xerces.impl.xs.models.XSEmptyCM|org.apache.xerces.impl.xs.models.XSDFACM,org.apache.xerces.impl.xs.models.XSEmptyCM|org.apache.xerces.impl.dtd.models.ContentModelValidator|org.apache.xerces.impl.xs.models.XSAllCM,2,0.66666666666666663,6,3,-3,false,Embedding and neighbour changes cannot be attributed to lexical method-body content; section markers and <EMPTY> remain textual input.,true
xerces,org.apache.xerces.impl.xs.traversers.XSDHandler$1,06df206939e31b78275d51cfb1aa5905e762ddf74c8194f4915bf7801ebab1c4,debbe81d7fe8dee4dfdaf34e0486dd744abbe391896953cab7f197fd1f0b6c58,true,true,0.81197473892589811,0.18802526107410189,org.apache.xerces.impl.xs.traversers.XSDHandler|org.apache.xerces.jaxp.validation.ValidatorHandlerImpl$1|org.apache.xerces.impl.xs.traversers.XSDHandler$XSDKey,org.apache.xerces.jaxp.validation.ValidatorHandlerImpl$1|org.apache.xerces.parsers.DOMParserImpl$1|org.apache.xerces.jaxp.datatype.XMLGregorianCalendarImpl$1,1,0.33333333333333331,4,5,1,false,Embedding and neighbour changes cannot be attributed to lexical method-body content; section markers and <EMPTY> remain textual input.,true
xerces,org.apache.xerces.jaxp.JAXPConstants,8c3fd9c5144354dd87591600e0f7fd9d7b1315527a2eeee32bbe7bb5f91b5993,40aa4bb389e3d73b208c62c3d6f9133dc76c80aeccd660e0b2176963c2baa94b,true,true,0.84108579758075375,0.15891420241924625,org.apache.xerces.xs.XSConstants|org.apache.xerces.impl.Constants|org.apache.xerces.util.XMLSymbols,org.apache.xerces.xs.XSConstants|org.apache.xerces.xni.parser.XMLComponent|org.apache.xerces.parsers.XML11Configurable,1,0.33333333333333331,3,4,1,false,Embedding and neighbour changes cannot be attributed to lexical method-body content; section markers and <EMPTY> remain textual input.,true
xerces,org.apache.xerces.jaxp.datatype.XMLGregorianCalendarImpl$1,40f8bc9e33aaafaf785738b5fc05f2c2b704b33c0d176e61c89eaa79329417c0,6244194550725d0cf69b91460434d33e8d53c1dd962b52add7c2812b045ed3e2,true,true,0.80732527667203036,0.19267472332796964,org.apache.xerces.jaxp.datatype.XMLGregorianCalendarImpl|org.apache.xerces.jaxp.datatype.SerializedXMLGregorianCalendar|org.apache.xerces.jaxp.datatype.XMLGregorianCalendarImpl$Parser,org.apache.xerces.parsers.DOMParserImpl$1|org.apache.xerces.impl.xs.traversers.XSDHandler$1|org.apache.xerces.jaxp.datatype.XMLGregorianCalendarImpl,1,0.33333333333333331,4,6,2,false,Embedding and neighbour changes cannot be attributed to lexical method-body content; section markers and <EMPTY> remain textual input.,true
xerces,org.apache.xerces.jaxp.validation.DOMDocumentHandler,fe39a62c4d16243b4871788327868dcc949f11791cd68f088fa2a50604fd7bc0,dc43f7099ce9962d09f5c2fcac90992957cb522c4994508f7ddf86d71d4709de,true,true,0.85510140081746322,0.14489859918253678,org.apache.xerces.xni.XMLDocumentHandler|org.apache.xerces.jaxp.validation.StAXDocumentHandler|org.apache.xerces.jaxp.validation.DOMResultBuilder,org.apache.xerces.xni.XMLDocumentHandler|org.apache.xerces.jaxp.validation.StAXDocumentHandler|org.apache.xerces.xni.XMLDocumentFragmentHandler,2,0.66666666666666663,6,4,-2,false,Embedding and neighbour changes cannot be attributed to lexical method-body content; section markers and <EMPTY> remain textual input.,true
xerces,org.apache.xerces.jaxp.validation.StAXDocumentHandler,686549a446505be56a731010a8b831348d2e806cc889156ac3b73119d8acbf4b,510de4e0ea0ce5ef3c2e906f16ba0f0b7ec49393e3258fdd1da7a4e9724da9a0,true,true,0.87195982198342048,0.12804017801657952,org.apache.xerces.jaxp.validation.StAXStreamResultBuilder|org.apache.xerces.xni.XMLDocumentHandler|org.apache.xerces.jaxp.validation.DOMDocumentHandler,org.apache.xerces.jaxp.validation.DOMDocumentHandler|org.apache.xerces.xni.XMLDocumentHandler|org.apache.xerces.xni.XMLDocumentFragmentHandler,2,0.66666666666666663,4,5,1,false,Embedding and neighbour changes cannot be attributed to lexical method-body content; section markers and <EMPTY> remain textual input.,true
xerces,org.apache.xerces.jaxp.validation.ValidatorHandlerImpl$1,a187539ccb3ce31a47f95b4e11dbb2e047f13859e54473e3f7b1b534c69d118a,df8cb3094e15b2558f2539e8d773ad93a858d303374c669875a33ed8ce44ff10,true,true,0.80187386179257791,0.19812613820742209,org.apache.xerces.jaxp.JAXPValidatorComponent$1|org.apache.xerces.impl.xs.traversers.XSDHandler$1|org.apache.xerces.jaxp.validation.ValidatorHandlerImpl,org.apache.xerces.impl.xs.traversers.XSDHandler$1|org.apache.xerces.jaxp.validation.ValidatorHelper|org.apache.xerces.parsers.DOMParserImpl$1,1,0.33333333333333331,5,4,-1,false,Embedding and neighbour changes cannot be attributed to lexical method-body content; section markers and <EMPTY> remain textual input.,true
xerces,org.apache.xerces.jaxp.validation.ValidatorHelper,3a962a0fe9a25ad150564716650c1e138e273cd5c3c5060416b5c27493ae00f3,78f9bb377d081343e15f340520ef5d2becb5c273298c2725272571c9b75ee95c,true,true,0.77502961683117788,0.22497038316882212,org.apache.xerces.jaxp.validation.StreamValidatorHelper|org.apache.xerces.impl.dv.DatatypeValidator|org.apache.xerces.jaxp.validation.DOMValidatorHelper,org.apache.xerces.impl.dv.DatatypeValidator|org.apache.xerces.jaxp.validation.ValidatorHandlerImpl$1|org.apache.xerces.jaxp.validation.StreamValidatorHelper,2,0.66666666666666663,3,3,0,false,Embedding and neighbour changes cannot be attributed to lexical method-body content; section markers and <EMPTY> remain textual input.,true
xerces,org.apache.xerces.jaxp.validation.XSGrammarPoolContainer,5bcafd99800c7061bb0360cdadd0be2441d888cb275eeb6a6de51df208433900,3cae818170d3b637fba8869030288a780bc03b738969d5ddf596f71ccc299d81,true,true,0.89841514468893791,0.10158485531106209,org.apache.xerces.xni.grammars.XMLGrammarPool|org.apache.xerces.impl.xs.util.XSGrammarPool|org.apache.xerces.jaxp.validation.XMLSchema,org.apache.xerces.xni.grammars.XMLGrammarPool|org.apache.xerces.jaxp.validation.XMLSchema|org.apache.xerces.xni.grammars.XSGrammar,2,0.66666666666666663,4,3,-1,false,Embedding and neighbour changes cannot be attributed to lexical method-body content; section markers and <EMPTY> remain textual input.,true
xerces,org.apache.xerces.parsers.DOMParserImpl$1,94e25f24ccfff049692f565b0c626ac93e16da8f247456abd4e683761a341db8,22d65803340a842bc2ad097026e98fc6469ab9abb454aec62c5d193760344204,true,true,0.77786177356627473,0.22213822643372527,org.apache.xerces.parsers.DOMParserImpl|org.apache.xerces.parsers.DOMParser|org.apache.xerces.parsers.AbstractDOMParser,org.apache.xerces.impl.xs.traversers.XSDHandler$1|org.apache.xerces.jaxp.datatype.XMLGregorianCalendarImpl$1|org.apache.xerces.jaxp.validation.ValidatorHandlerImpl$1,0,0,4,4,0,false,Embedding and neighbour changes cannot be attributed to lexical method-body content; section markers and <EMPTY> remain textual input.,true
xerces,org.apache.xerces.parsers.XML11Configurable,ebaa21c21799d47bac80277d4a6e512b0bebae07dcf9d856843334f9b643666c,d9152410b63a56ce2b797c3ac41c675390de1512ca56ae5c742450d0fbf5420f,true,true,0.86372629896596709,0.13627370103403291,org.apache.xerces.parsers.XML11Configuration|org.apache.xerces.parsers.XML11NonValidatingConfiguration|org.apache.xerces.parsers.XML11DTDConfiguration,org.apache.xerces.parsers.XML11Configuration|org.apache.xerces.parsers.XML11NonValidatingConfiguration|org.apache.xerces.xni.parser.XMLParserConfiguration,2,0.66666666666666663,3,5,2,false,Embedding and neighbour changes cannot be attributed to lexical method-body content; section markers and <EMPTY> remain textual input.,true
xerces,org.apache.xerces.util.MessageFormatter,da80b3ed70a2c52dccdbe87bf4318498ffdda2fd252fba634c2b395774867477,f8b328626ef0d2b189e0c2c824f9ce71e2be1377dbcb72d8737f633e8a773eac,true,true,0.84351377981112896,0.15648622018887104,org.apache.xerces.impl.xs.XSMessageFormatter|org.apache.xerces.impl.msg.XMLMessageFormatter|org.apache.xerces.util.SAXMessageFormatter,org.apache.xerces.dom.DOMMessageFormatter|org.apache.xerces.impl.xs.XSMessageFormatter|org.apache.xerces.impl.msg.XMLMessageFormatter,2,0.66666666666666663,5,3,-2,false,Embedding and neighbour changes cannot be attributed to lexical method-body content; section markers and <EMPTY> remain textual input.,true
xerces,org.apache.xerces.xni.Augmentations,aa45acb1829c72a410d85da42fff58b0b66bb24222b827491fece2043e2bd569,e9e2fba7dc9a4aa9745f5e6379b7db95b76efd249e14f5e815e041e9c3821c67,true,true,0.88048175831829434,0.11951824168170566,org.apache.xerces.util.AugmentationsImpl|org.apache.xerces.util.AugmentationsImpl$AugmentationsItemsContainer|org.apache.xerces.util.AugmentationsImpl$SmallContainer,org.apache.xerces.util.AugmentationsImpl|org.apache.xerces.util.AugmentationsImpl$AugmentationsItemsContainer|org.apache.xerces.dom3.as.ASNamedObjectMap,2,0.66666666666666663,3,3,0,false,Embedding and neighbour changes cannot be attributed to lexical method-body content; section markers and <EMPTY> remain textual input.,true
xerces,org.apache.xerces.xni.XMLAttributes,01fddebdedb8b09152a868a102df164e93d3b950be0b9364fc8b970449fe38d0,7cd9243f1c30effd880ee90e3df0f8c2aae2c1ff0783ae03f2d14547cc64e752,true,true,0.90966356206126442,0.090336437938735581,org.apache.xerces.util.XMLAttributesImpl|org.apache.xerces.dom.DOMNormalizer$XMLAttributesProxy|org.apache.xerces.util.AttributesProxy,org.apache.xerces.util.XMLAttributesImpl|org.apache.xerces.dom.DOMNormalizer$XMLAttributesProxy|org.apache.xerces.xni.parser.XMLComponent,2,0.66666666666666663,5,3,-2,false,Embedding and neighbour changes cannot be attributed to lexical method-body content; section markers and <EMPTY> remain textual input.,true
xerces,org.apache.xerces.xni.XMLDTDContentModelHandler,e08dc47aa31f6d9f17497d84dc5a261c3f838bf3be1fb2e8c98b14299d07561b,fc8cf7f9583cca2f38ba31e4b500045d7a1657ac30d6062a078480647fc468dc,true,true,0.91494664498294553,0.085053355017054466,org.apache.xerces.xni.parser.XMLDTDContentModelSource|org.apache.xerces.xni.parser.XMLDTDContentModelFilter|org.apache.xerces.xni.XMLDTDHandler,org.apache.xerces.xni.parser.XMLDTDContentModelSource|org.apache.xerces.xni.parser.XMLDTDContentModelFilter|org.apache.xerces.xni.XMLDTDHandler,3,1,3,3,0,false,Embedding and neighbour changes cannot be attributed to lexical method-body content; section markers and <EMPTY> remain textual input.,true
xerces,org.apache.xerces.xni.XMLDTDHandler,7937749e17dbb47d3068ef0298c2cea6630eb6be9a8f80dcee3e850c06c36c21,a5e4e5580f2399a24ab02552feb5cf7e7d41d8edd15a5fba5b9075cec9799499,true,true,0.93000807809852681,0.069991921901473186,org.apache.xerces.xni.parser.XMLDTDSource|org.apache.xerces.impl.dtd.XMLDTDProcessor|org.apache.xerces.xni.XMLDTDContentModelHandler,org.apache.xerces.xni.parser.XMLDTDSource|org.apache.xerces.xni.XMLDTDContentModelHandler|org.apache.xerces.xni.XMLDocumentHandler,2,0.66666666666666663,7,5,-2,false,Embedding and neighbour changes cannot be attributed to lexical method-body content; section markers and <EMPTY> remain textual input.,true
xerces,org.apache.xerces.xni.XMLDocumentFragmentHandler,bb69248594167003ecffa7b852a4d936a71feec05b3eab6de103c34a99e27919,89a6dabf78a8f4db0f4201abddf6fc7b0ced29d3bad4a27d0051b95b1e1bdb51,true,true,0.91811035941097674,0.08188964058902326,org.apache.xerces.xni.XMLDocumentHandler|org.apache.xerces.jaxp.validation.DOMDocumentHandler|org.apache.xerces.xni.XMLDTDHandler,org.apache.xerces.xni.XMLDocumentHandler|org.apache.xerces.jaxp.validation.DOMDocumentHandler|org.apache.xerces.xni.XMLDTDHandler,3,1,3,4,1,false,Embedding and neighbour changes cannot be attributed to lexical method-body content; section markers and <EMPTY> remain textual input.,true
xerces,org.apache.xerces.xni.XMLDocumentHandler,8f8a571b574fbc969c89fad8820d884ff46e8212ce2f8e76e01e356bb2a2bf0d,7765528d57e7f6dcce199a929c47f087dc7905053c00509f9a489365acd4ec28,true,true,0.91148933041940783,0.088510669580592172,org.apache.xerces.xni.XMLDocumentFragmentHandler|org.apache.xerces.jaxp.validation.DOMDocumentHandler|org.apache.xerces.xni.parser.XMLDocumentSource,org.apache.xerces.xni.XMLDocumentFragmentHandler|org.apache.xerces.jaxp.validation.DOMDocumentHandler|org.apache.xerces.xni.parser.XMLDocumentSource,3,1,6,7,1,false,Embedding and neighbour changes cannot be attributed to lexical method-body content; section markers and <EMPTY> remain textual input.,true
xerces,org.apache.xerces.xni.XMLLocator,19b5eb5620e6bf781750b28f725c86ba93f6fa5e0537a3087dc6f01031e71660,0f8ddb8dfed11a8e9d6d754e7bf4ec05a09b7dc391daf35f2d0d7b1146bed8d2,true,true,0.86840532014821403,0.13159467985178597,org.apache.xerces.impl.xs.util.SimpleLocator|org.apache.xerces.util.XMLLocatorWrapper|org.apache.xerces.util.SAXLocatorWrapper,org.apache.xerces.util.XMLLocatorWrapper|org.apache.xerces.impl.xs.util.SimpleLocator|org.apache.xerces.util.SAXLocatorWrapper,3,1,8,4,-4,false,Embedding and neighbour changes cannot be attributed to lexical method-body content; section markers and <EMPTY> remain textual input.,true
xerces,org.apache.xerces.xni.XMLResourceIdentifier,603e6d4db73e5307fd6c37c64dda4749676bf3e98141a230b2e61f328e63b817,fc9b5819cf7e4d3ec7892c9e33b067e5e441b1305c7aaa11c49bbb6f12b4f4fd,true,true,0.88371500909672718,0.11628499090327282,org.apache.xerces.util.XMLResourceIdentifierImpl|org.apache.xerces.impl.XMLEntityDescription|org.apache.xerces.xni.XMLLocator,org.apache.xerces.util.XMLResourceIdentifierImpl|org.apache.xerces.impl.XMLEntityDescription|org.apache.xerces.xni.XMLLocator,3,1,3,3,0,false,Embedding and neighbour changes cannot be attributed to lexical method-body content; section markers and <EMPTY> remain textual input.,true
xerces,org.apache.xerces.xni.grammars.Grammar,5d0bd640b544e0f138aa615c3669acf2285d79b113bfca91715fd7013aafd7c6,910a62312639731d18dcc86f2a66d382751709634a08a79e054a87d7a5a00bff,true,true,0.85374952903432277,0.14625047096567723,org.apache.xerces.xni.grammars.XMLGrammarDescription|org.apache.xerces.xni.grammars.XSGrammar|org.apache.xerces.xni.grammars.XMLDTDDescription,org.apache.xerces.xni.grammars.XMLGrammarDescription|org.apache.xerces.xni.grammars.XSGrammar|org.apache.xerces.xni.grammars.XMLGrammarLoader,2,0.66666666666666663,5,4,-1,false,Embedding and neighbour changes cannot be attributed to lexical method-body content; section markers and <EMPTY> remain textual input.,true
xerces,org.apache.xerces.xni.grammars.XMLDTDDescription,5ae3b6a785ec6965824d4d1e7072be942c41c9ae3136c7a070fbc08aa8902c55,dfb19ab5d771ef39dff5f03852e2c0e95283028683b1f858ace6a2c67ebef492,true,true,0.90027739394684192,0.09972260605315808,org.apache.xerces.impl.dtd.XMLDTDDescription|org.apache.xerces.xni.grammars.XMLSchemaDescription|org.apache.xerces.xni.grammars.XMLGrammarDescription,org.apache.xerces.xni.grammars.XMLGrammarDescription|org.apache.xerces.xni.grammars.XMLSchemaDescription|org.apache.xerces.impl.dtd.XMLDTDDescription,3,1,4,3,-1,false,Embedding and neighbour changes cannot be attributed to lexical method-body content; section markers and <EMPTY> remain textual input.,true
xerces,org.apache.xerces.xni.grammars.XMLGrammarDescription,2bd4dbbe7e0a6027a66894bca7ae8148f84535273aa2b99ead890c0a0d886349,3dd5c4c493008e5c5e5f68a05e397a221247f17a48dd8415b9217da1f6bb94df,true,true,0.89265356741001212,0.10734643258998788,org.apache.xerces.xni.grammars.Grammar|org.apache.xerces.xni.grammars.XMLSchemaDescription|org.apache.xerces.xni.grammars.XMLDTDDescription,org.apache.xerces.xni.grammars.Grammar|org.apache.xerces.xni.grammars.XMLSchemaDescription|org.apache.xerces.xni.grammars.XMLDTDDescription,3,1,5,5,0,false,Embedding and neighbour changes cannot be attributed to lexical method-body content; section markers and <EMPTY> remain textual input.,true
xerces,org.apache.xerces.xni.grammars.XMLGrammarLoader,b04d80e8c510e6709d2b6c83604e6a86199e6df91bdbb2300b5b5ccebd23bfac,fcd34d476f0768aa2edf57befc085138dc84ffe47b3ac0d3da56001e0dda9a41,true,true,0.91434654145229055,0.085653458547709449,org.apache.xerces.impl.dtd.XMLDTDLoader|org.apache.xerces.impl.xs.XMLSchemaLoader|org.apache.xerces.xni.grammars.Grammar,org.apache.xerces.xni.grammars.Grammar|org.apache.xerces.xni.grammars.XMLGrammarDescription|org.apache.xerces.xni.grammars.XMLGrammarPool,1,0.33333333333333331,5,4,-1,false,Embedding and neighbour changes cannot be attributed to lexical method-body content; section markers and <EMPTY> remain textual input.,true
xerces,org.apache.xerces.xni.grammars.XMLGrammarPool,581fa2b3142a5d5614e81802bd59fc8c64ff3ccbf26c1174f3b45d7445f44db8,9e43570899e66f0e977c6677bfe7955f0647ddf094d474657348b85d8f0906b7,true,true,0.92467491003092828,0.075325089969071723,org.apache.xerces.util.XMLGrammarPoolImpl|org.apache.xerces.jaxp.validation.XMLSchemaFactory$XMLGrammarPoolWrapper|org.apache.xerces.jaxp.validation.ReadOnlyGrammarPool,org.apache.xerces.util.XMLGrammarPoolImpl|org.apache.xerces.jaxp.validation.ReadOnlyGrammarPool|org.apache.xerces.jaxp.validation.XMLSchemaFactory$XMLGrammarPoolWrapper,3,1,15,6,-9,false,Embedding and neighbour changes cannot be attributed to lexical method-body content; section markers and <EMPTY> remain textual input.,true
xerces,org.apache.xerces.xni.grammars.XMLSchemaDescription,8868abc1a7593a73f7b57bc595fbe3e2f24499722030e8a0cff947266a8e10a6,270b111f9a3480f66efa293aaaa88ccce308199f5b87d62ad928130c68543094,true,true,0.90005516464715962,0.099944835352840378,org.apache.xerces.impl.xs.XSDDescription|org.apache.xerces.jaxp.validation.XMLSchema|org.apache.xerces.xni.grammars.XMLDTDDescription,org.apache.xerces.xni.grammars.XMLGrammarDescription|org.apache.xerces.xni.grammars.Grammar|org.apache.xerces.xni.grammars.XMLDTDDescription,1,0.33333333333333331,6,4,-2,false,Embedding and neighbour changes cannot be attributed to lexical method-body content; section markers and <EMPTY> remain textual input.,true
xerces,org.apache.xerces.xni.grammars.XSGrammar,3c34dcf105179788aa4756e7e6d690eb0fe76536786dd922e117d4a937e97437,d855b63d64f7ec976a42da7ad02d1ea74025b5f09b891d7e84bcdbe2775faead,true,true,0.88421822614567502,0.11578177385432498,org.apache.xerces.xni.grammars.Grammar|org.apache.xerces.impl.xs.util.XSGrammarPool|org.apache.xerces.impl.xs.SchemaGrammar,org.apache.xerces.xni.grammars.Grammar|org.apache.xerces.xni.grammars.XMLGrammarDescription|org.apache.xerces.xs.XSModel,1,0.33333333333333331,3,4,1,false,Embedding and neighbour changes cannot be attributed to lexical method-body content; section markers and <EMPTY> remain textual input.,true
xerces,org.apache.xerces.xni.parser.XMLComponent,7759367a662c35035c8737b0c37f0dcfe821bc82d8818c63a140633fa2e77572,60fd317cace67f6a0e1e3eb01eaf1cdaead2fbaead22527733420dc7737aeaa3,true,true,0.86842995965330816,0.13157004034669184,org.apache.xerces.xni.parser.XMLComponentManager|org.apache.xerces.xni.parser.XMLParserConfiguration|org.apache.xerces.util.ParserConfigurationSettings,org.apache.xerces.xni.parser.XMLComponentManager|org.apache.xerces.xni.parser.XMLParserConfiguration|org.apache.xerces.parsers.XML11Configurable,2,0.66666666666666663,3,5,2,false,Embedding and neighbour changes cannot be attributed to lexical method-body content; section markers and <EMPTY> remain textual input.,true
xerces,org.apache.xerces.xni.parser.XMLComponentManager,8dfcbfba1b841ede1878008efa2a75d8599aa32eb7ae889cb4ea2d4b86c878ae,504382d84f15aacf54745e45f4190fa26815e3d4976c9c93a9a461c70a5908c8,true,true,0.86585848047480207,0.13414151952519793,org.apache.xerces.xni.parser.XMLComponent|org.apache.xerces.util.ParserConfigurationSettings|org.apache.xerces.xni.parser.XMLParserConfiguration,org.apache.xerces.xni.parser.XMLComponent|org.apache.xerces.xni.parser.XMLParserConfiguration|org.apache.xerces.jaxp.validation.XMLSchemaValidatorComponentManager,2,0.66666666666666663,4,3,-1,false,Embedding and neighbour changes cannot be attributed to lexical method-body content; section markers and <EMPTY> remain textual input.,true
xerces,org.apache.xerces.xni.parser.XMLDTDContentModelFilter,b4054cca101bf75168770e69c00154775bf425f88c12dadacb5811ee3b7c3a25,c2980583066a1d3588bbb61ed24c76276adb72157f315bcb42c70d1ff81441d0,true,true,0.91138498163910553,0.088615018360894471,org.apache.xerces.xni.parser.XMLDTDContentModelSource|org.apache.xerces.xni.parser.XMLDTDFilter|org.apache.xerces.xni.XMLDTDContentModelHandler,org.apache.xerces.xni.parser.XMLDTDFilter|org.apache.xerces.xni.parser.XMLDTDContentModelSource|org.apache.xerces.xni.XMLDTDContentModelHandler,3,1,4,5,1,false,Embedding and neighbour changes cannot be attributed to lexical method-body content; section markers and <EMPTY> remain textual input.,true
xerces,org.apache.xerces.xni.parser.XMLDTDContentModelSource,2f10452b0573683b78c38e0bd7d6ce34a537fbcb6639bc1929fcc71cc457fdff,3856863e5b052f3709b0c5a92d0e444e82df04c320a3cbc799fb555d70490063,true,true,0.9120017782934261,0.087998221706573898,org.apache.xerces.xni.parser.XMLDTDSource|org.apache.xerces.xni.parser.XMLDTDContentModelFilter|org.apache.xerces.xni.XMLDTDContentModelHandler,org.apache.xerces.xni.parser.XMLDTDSource|org.apache.xerces.xni.XMLDTDContentModelHandler|org.apache.xerces.xni.parser.XMLDTDContentModelFilter,3,1,4,4,0,false,Embedding and neighbour changes cannot be attributed to lexical method-body content; section markers and <EMPTY> remain textual input.,true
xerces,org.apache.xerces.xni.parser.XMLDTDFilter,064e1b074d7bbe9cde0cc1453ffb206b96585db92f05b9d731c6c44f9e387acd,f5538f0ed864fea93778b44aed672ff5bb1c38d74214a6fa7b0ecdb20937b5c1,true,true,0.90067794507272192,0.099322054927278081,org.apache.xerces.xni.parser.XMLDTDContentModelFilter|org.apache.xerces.xni.parser.XMLDocumentFilter|org.apache.xerces.impl.dtd.XMLDTDValidatorFilter,org.apache.xerces.xni.parser.XMLDTDContentModelFilter|org.apache.xerces.xni.parser.XMLDocumentFilter|org.apache.xerces.impl.dtd.XMLDTDValidatorFilter,3,1,4,4,0,false,Embedding and neighbour changes cannot be attributed to lexical method-body content; section markers and <EMPTY> remain textual input.,true
xerces,org.apache.xerces.xni.parser.XMLDTDScanner,8b19fc467e12a86487e836a098a54d71eb95c4315c3dcc93405c8ea5686708cc,1914c6899769ed052ca15922203c8e2f4f3fa5f01eadada8a123dbb7b437a697,true,true,0.92731312927385723,0.072686870726142772,org.apache.xerces.impl.XMLDTDScannerImpl|org.apache.xerces.xni.parser.XMLDocumentScanner|org.apache.xerces.xni.parser.XMLDTDSource,org.apache.xerces.xni.parser.XMLDocumentScanner|org.apache.xerces.xni.parser.XMLDTDSource|org.apache.xerces.impl.XMLDTDScannerImpl,3,1,3,3,0,false,Embedding and neighbour changes cannot be attributed to lexical method-body content; section markers and <EMPTY> remain textual input.,true
xerces,org.apache.xerces.xni.parser.XMLDTDSource,4363a379007f132313f36ef6db64374664067941a87b9cf19ca5751dba6411f4,8d66819c1fca2f3316ab6e8ccf20ead86d553b3aae5816c083c2bd420139307c,true,true,0.89901671455448573,0.10098328544551427,org.apache.xerces.xni.parser.XMLDTDContentModelSource|org.apache.xerces.xni.XMLDTDHandler|org.apache.xerces.xni.parser.XMLDocumentSource,org.apache.xerces.xni.parser.XMLDTDContentModelSource|org.apache.xerces.xni.XMLDTDHandler|org.apache.xerces.xni.parser.XMLDocumentSource,3,1,5,4,-1,false,Embedding and neighbour changes cannot be attributed to lexical method-body content; section markers and <EMPTY> remain textual input.,true
xerces,org.apache.xerces.xni.parser.XMLDocumentFilter,a5373ea632d0e0516c68fe4e50710328d8c84befeb64a5295b9d95c880a4164e,b9f951952eae4220f60bdf41f2c6956d4a073ef47e452ff5d004e5a8486101a8,true,true,0.88592672261076399,0.11407327738923601,org.apache.xerces.xni.parser.XMLDTDFilter|org.apache.xerces.xni.parser.XMLDocumentSource|org.apache.xerces.jaxp.TeeXMLDocumentFilterImpl,org.apache.xerces.xni.parser.XMLDTDFilter|org.apache.xerces.xni.parser.XMLDocumentSource|org.apache.xerces.xni.parser.XMLDTDContentModelFilter,2,0.66666666666666663,7,7,0,false,Embedding and neighbour changes cannot be attributed to lexical method-body content; section markers and <EMPTY> remain textual input.,true
xerces,org.apache.xerces.xni.parser.XMLDocumentScanner,fccb4b626de3fad8385baf5987ed67d52a1f068cb238ee1ff07b7f0f51d26f5c,00ddf133b934791f02f06ef5896762b2c5dc2ce489ac76bd8713194bf9f1c9dc,true,true,0.91036924527374175,0.089630754726258255,org.apache.xerces.xni.parser.XMLDTDScanner|org.apache.xerces.impl.XMLDocumentScannerImpl|org.apache.xerces.xni.parser.XMLDocumentFilter,org.apache.xerces.xni.parser.XMLDTDScanner|org.apache.xerces.xni.parser.XMLDocumentSource|org.apache.xerces.xni.parser.XMLDocumentFilter,2,0.66666666666666663,4,3,-1,false,Embedding and neighbour changes cannot be attributed to lexical method-body content; section markers and <EMPTY> remain textual input.,true
xerces,org.apache.xerces.xni.parser.XMLDocumentSource,498f69de18005ecf2052aee87c6d95c45fbe9db8532cc93416bda5c1dbc70548,c1b2665ec44be299749cb29990fb4e43c3e5cf0c6d9da2319d794db9a6692cf8,true,true,0.87559295838402817,0.12440704161597183,org.apache.xerces.xni.XMLDocumentHandler|org.apache.xerces.xni.parser.XMLDocumentFilter|org.apache.xerces.xni.parser.XMLDTDSource,org.apache.xerces.xni.XMLDocumentHandler|org.apache.xerces.xni.parser.XMLDTDSource|org.apache.xerces.xni.parser.XMLDocumentFilter,3,1,3,4,1,false,Embedding and neighbour changes cannot be attributed to lexical method-body content; section markers and <EMPTY> remain textual input.,true
xerces,org.apache.xerces.xni.parser.XMLEntityResolver,aa18952e3621e548c809a81f46fe0cd81edce68c2e23e4d968f87ce803e32ec2,243020a52117eb3a55a0fb7c20a351c1c28336fabc2951d454a5c93398628b1a,true,true,0.89128485609273089,0.10871514390726911,org.apache.xerces.util.EntityResolverWrapper|org.apache.xerces.util.DOMEntityResolverWrapper|org.apache.xerces.impl.ExternalSubsetResolver,org.apache.xerces.impl.XMLEntityHandler|org.apache.xerces.util.EntityResolverWrapper|org.apache.xerces.impl.XMLEntityDescription,1,0.33333333333333331,8,6,-2,false,Embedding and neighbour changes cannot be attributed to lexical method-body content; section markers and <EMPTY> remain textual input.,true
xerces,org.apache.xerces.xni.parser.XMLErrorHandler,9db2a638f7483627da739f077b86286ec5503c6a5a019b5404bd1ff6380f1355,b5e7acce4940eb79da95ea668ed4a122859432430e918e5bbe95974277e70b34,true,true,0.86660623827112282,0.13339376172887718,org.apache.xerces.util.DefaultErrorHandler|org.apache.xerces.xpointer.XPointerErrorHandler|org.apache.xerces.util.ErrorHandlerWrapper,org.apache.xerces.impl.XMLEntityHandler|org.apache.xerces.xpointer.XPointerErrorHandler|org.apache.xerces.util.ErrorHandlerWrapper,2,0.66666666666666663,6,4,-2,false,Embedding and neighbour changes cannot be attributed to lexical method-body content; section markers and <EMPTY> remain textual input.,true
xerces,org.apache.xerces.xni.parser.XMLParserConfiguration,4f573895c69d584301034cc512110b7817ab3c1e57cbf0b97383d50af2a12351,7e9f57fe526346bcf04bf43f9774026b331c327c858c5987daf5cb80efa7d2ab,true,true,0.890570282624218,0.109429717375782,org.apache.xerces.parsers.BasicParserConfiguration|org.apache.xerces.util.ParserConfigurationSettings|org.apache.xerces.xni.parser.XMLComponent,org.apache.xerces.parsers.BasicParserConfiguration|org.apache.xerces.xni.parser.XMLComponent|org.apache.xerces.parsers.XMLParser,2,0.66666666666666663,6,7,1,false,Embedding and neighbour changes cannot be attributed to lexical method-body content; section markers and <EMPTY> remain textual input.,true
xerces,org.apache.xerces.xni.parser.XMLPullParserConfiguration,e9a4dd526af9a9b16d551b3821abd61dee60c3b8a53bb1cb716783d2d9ae86d5,9094a30cd6ef3f4be3cbf2191ce9b7b64ed5c40f8b3f6e944800e90dad4eaffd,true,true,0.89369184921905165,0.10630815078094835,org.apache.xerces.impl.xs.opti.SchemaParsingConfig|org.apache.xerces.xni.parser.XMLParserConfiguration|org.apache.xerces.parsers.XML11Configuration,org.apache.xerces.xni.parser.XMLParserConfiguration|org.apache.xerces.parsers.XMLParser|org.apache.xerces.impl.xs.opti.SchemaParsingConfig,2,0.66666666666666663,3,3,0,false,Embedding and neighbour changes cannot be attributed to lexical method-body content; section markers and <EMPTY> remain textual input.,true
xerces,org.apache.xerces.xpointer.XPointerPart,fa1d74e53bfdf7ef30a635a636efaf14e3e5e2a117d862b373ea7d4c2ca314f2,7d501e48bcf4f7415c9767be05cf1c19480e95630155805c77c2b06c1ada4a9d,true,true,0.90775756568260091,0.092242434317399091,org.apache.xerces.xpointer.ElementSchemePointer|org.apache.xerces.xpointer.XPointerProcessor|org.apache.xerces.xpointer.ShortHandPointer,org.apache.xerces.xpointer.XPointerProcessor|org.apache.xerces.xpointer.ElementSchemePointer|org.apache.xerces.xpointer.XPointerHandler,2,0.66666666666666663,4,4,0,false,Embedding and neighbour changes cannot be attributed to lexical method-body content; section markers and <EMPTY> remain textual input.,true
xerces,org.apache.xerces.xpointer.XPointerProcessor,d519f7dba8b10bb86e9d0ab6227aefc35bddf86f2d056f4c2f6a6a07f7ef031e,d57139765d3e2c311d9235ed8eedc0ca2038a8be84d71f83f3e9c4dc16e4b4c5,true,true,0.90851943094408405,0.09148056905591595,org.apache.xerces.xpointer.XPointerHandler|org.apache.xerces.xpointer.XPointerPart|org.apache.xerces.xpointer.ElementSchemePointer,org.apache.xerces.xpointer.XPointerPart|org.apache.xerces.xpointer.XPointerHandler|org.apache.xerces.xpointer.ShortHandPointer,2,0.66666666666666663,4,3,-1,false,Embedding and neighbour changes cannot be attributed to lexical method-body content; section markers and <EMPTY> remain textual input.,true
xerces,org.apache.xerces.xs.AttributePSVI,3b55048b28e2aa72193c49f7a995bae914153fbd8f4dd2496b4a2d2e61c7d581,8cebf22aea7ed6ab34410fdc6611e757d1b22c93a8f26e6176a14cd9705dae6c,true,true,0.90370659780381923,0.096293402196180766,org.apache.xerces.impl.xs.AttributePSVImpl|org.apache.xerces.xs.ElementPSVI|org.apache.xerces.dom.PSVIAttrNSImpl,org.apache.xerces.xs.PSVIProvider|org.apache.xerces.xs.ElementPSVI|org.apache.xerces.impl.xs.AttributePSVImpl,2,0.66666666666666663,4,5,1,false,Embedding and neighbour changes cannot be attributed to lexical method-body content; section markers and <EMPTY> remain textual input.,true
xerces,org.apache.xerces.xs.ElementPSVI,bd5984641a6f80f05451aa39430a34e1fd2e652f18dc264186b12a92de28e2db,17abc9cedea463539cc9b2a7337ec8cdccb827a47028ffe2a7cc2a1a0d2dc47c,true,true,0.90827603441438776,0.091723965585612244,org.apache.xerces.impl.xs.ElementPSVImpl|org.apache.xerces.dom.PSVIElementNSImpl|org.apache.xerces.xs.ItemPSVI,org.apache.xerces.impl.xs.ElementPSVImpl|org.apache.xerces.dom.PSVIElementNSImpl|org.apache.xerces.xs.ItemPSVI,3,1,5,5,0,false,Embedding and neighbour changes cannot be attributed to lexical method-body content; section markers and <EMPTY> remain textual input.,true
xerces,org.apache.xerces.xs.ItemPSVI,ec2e60d09775add8693d216b136002edf0d80969cf5d14d769763039b8a2bf6c,97a2a7e2b2faf6f7b9b468ca9dab4ff714d50f62ae0b6a7f00f03d5f36482d6b,true,true,0.91079165490791414,0.089208345092085861,org.apache.xerces.impl.xs.ElementPSVImpl|org.apache.xerces.xs.ElementPSVI|org.apache.xerces.impl.xs.AttributePSVImpl,org.apache.xerces.xs.ElementPSVI|org.apache.xerces.xs.AttributePSVI|org.apache.xerces.impl.xs.ElementPSVImpl,2,0.66666666666666663,4,4,0,false,Embedding and neighbour changes cannot be attributed to lexical method-body content; section markers and <EMPTY> remain textual input.,true
xerces,org.apache.xerces.xs.LSInputList,976e8dd1ee08f8db5f982e85d1440e35fe746ea2f77857cd4973a97f48ca05dc,7b5233403e0187709dfab1496dafd2dbfb5eb41c121cd735579aee3c9b88f80c,true,true,0.9077752401816499,0.092224759818350099,org.apache.xerces.impl.xs.util.LSInputListImpl|org.apache.xerces.xs.XSObjectList|org.apache.xerces.xs.datatypes.ObjectList,org.apache.xerces.xs.XSObjectList|org.apache.xerces.impl.xs.util.LSInputListImpl|org.apache.xerces.xs.XSNamespaceItemList,2,0.66666666666666663,3,3,0,false,Embedding and neighbour changes cannot be attributed to lexical method-body content; section markers and <EMPTY> remain textual input.,true
xerces,org.apache.xerces.xs.PSVIProvider,b7937c8f24ddf79cd733c44b1424f39779bab35c6e02a83a202b0ada73d06425,260fb55dafa9e7aabd44facb82c5d3648eeb39ea1023aa1c97d317e3a9fd2085,true,true,0.91165157427578836,0.088348425724211643,org.apache.xerces.xs.AttributePSVI|org.apache.xerces.xs.ElementPSVI|org.apache.xerces.jaxp.validation.ValidatorImpl,org.apache.xerces.xs.AttributePSVI|org.apache.xerces.xs.ElementPSVI|org.apache.xerces.xs.ItemPSVI,2,0.66666666666666663,4,3,-1,false,Embedding and neighbour changes cannot be attributed to lexical method-body content; section markers and <EMPTY> remain textual input.,true
xerces,org.apache.xerces.xs.ShortList,a4bd526be4bbaaa9365bb9e1099e6bcd649a700cf06225fa4e86196f76fa5019,4be6163b67d2645adfe90b2fc51ee71330276c755d3ae5b249e6c02de54680fa,true,true,0.89822696436506355,0.10177303563493645,org.apache.xerces.impl.xs.util.ShortListImpl|org.apache.xerces.xs.datatypes.ObjectList|org.apache.xerces.xs.StringList,org.apache.xerces.impl.xs.util.ShortListImpl|org.apache.xerces.xs.StringList|org.apache.xerces.xs.datatypes.ObjectList,3,1,5,4,-1,false,Embedding and neighbour changes cannot be attributed to lexical method-body content; section markers and <EMPTY> remain textual input.,true
xerces,org.apache.xerces.xs.StringList,f94aeaaf3c07739d1f2e6756d07cddce6a3c09145f1c01469a14e8d9990b63f6,b94ac28dd8ea7fd6605a5d64df445bc528087ead204aab4cdd9a4087c6ebc477,true,true,0.85621258489263374,0.14378741510736626,org.apache.xerces.impl.xs.util.StringListImpl|org.apache.xerces.xs.datatypes.ObjectList|org.apache.xerces.dom.DOMStringListImpl,org.apache.xerces.xs.datatypes.ObjectList|org.apache.xerces.impl.xs.util.StringListImpl|org.apache.xerces.xs.ShortList,2,0.66666666666666663,5,4,-1,false,Embedding and neighbour changes cannot be attributed to lexical method-body content; section markers and <EMPTY> remain textual input.,true
xerces,org.apache.xerces.xs.XSAnnotation,d12cf13b8cf87e5422c11495338dec8563b9fb61952672babeff2e6d56a20c26,6d59815e04c46ec693b3d8950180e8a43a06262d3328b4408f6ae9d41d5d3ab5,true,true,0.9050287506345388,0.094971249365461197,org.apache.xerces.impl.xs.XSAnnotationImpl|org.apache.xerces.impl.xs.traversers.XSAnnotationInfo|org.apache.xerces.xs.XSNotationDeclaration,org.apache.xerces.impl.xs.XSAnnotationImpl|org.apache.xerces.xs.XSNotationDeclaration|org.apache.xerces.xs.XSObject,2,0.66666666666666663,3,5,2,false,Embedding and neighbour changes cannot be attributed to lexical method-body content; section markers and <EMPTY> remain textual input.,true
xerces,org.apache.xerces.xs.XSAttributeDeclaration,b15f0feebaa3142731ae521a7410dc235f30d47ab4f3d50d668126343f9667e2,acdbcd8c9820a48e180b08bbd4ae2ba7981b7cf32727efdd911f4ab902ecb7b3,true,true,0.9116031424070753,0.088396857592924705,org.apache.xerces.impl.xs.XSAttributeDecl|org.apache.xerces.xs.XSAttributeUse|org.apache.xerces.xs.XSElementDeclaration,org.apache.xerces.xs.XSAttributeUse|org.apache.xerces.impl.xs.XSAttributeDecl|org.apache.xerces.xs.XSElementDeclaration,3,1,8,6,-2,false,Embedding and neighbour changes cannot be attributed to lexical method-body content; section markers and <EMPTY> remain textual input.,true
xerces,org.apache.xerces.xs.XSAttributeGroupDefinition,3a2afd536b7499195fe7652cac3b52c805d90ba7b845f2055e22590741d0dc3e,3e5e655aa96f312458085581a08c9cf04f118b5f41939300589a9d9e8b1f038c,true,true,0.91599097425128151,0.084009025748718491,org.apache.xerces.impl.xs.XSAttributeGroupDecl|org.apache.xerces.xs.XSModelGroupDefinition|org.apache.xerces.impl.xs.XSGroupDecl,org.apache.xerces.xs.XSModelGroupDefinition|org.apache.xerces.impl.xs.XSAttributeGroupDecl|org.apache.xerces.xs.XSAttributeDeclaration,2,0.66666666666666663,3,3,0,false,Embedding and neighbour changes cannot be attributed to lexical method-body content; section markers and <EMPTY> remain textual input.,true
xerces,org.apache.xerces.xs.XSAttributeUse,4225be1f0b128bbe12b7accd3189707be3f9b2d14b39a4d38a424897da7bc21d,888f729c4d7877d0e21bb2ba04e22077e96961c64dde95a62d0922bd651d678d,true,true,0.91323779767105684,0.086762202328943161,org.apache.xerces.impl.xs.XSAttributeUseImpl|org.apache.xerces.xs.XSAttributeDeclaration|org.apache.xerces.impl.xs.XSAttributeDecl,org.apache.xerces.impl.xs.XSAttributeUseImpl|org.apache.xerces.xs.XSAttributeDeclaration|org.apache.xerces.impl.xs.XSAttributeDecl,3,1,3,3,0,false,Embedding and neighbour changes cannot be attributed to lexical method-body content; section markers and <EMPTY> remain textual input.,true
xerces,org.apache.xerces.xs.XSComplexTypeDefinition,dd34dc3961eb84f26b8b2cdb52769479128fff8c12ba081582bf6eaca1c1b571,4c6ec39d6175b2828fec2af3d3816d8ce6f5e9d176bb87acef0658e445f10f17,true,true,0.90362436498794396,0.096375635012056038,org.apache.xerces.impl.xs.XSComplexTypeDecl|org.apache.xerces.xs.XSTypeDefinition|org.apache.xerces.xs.XSSimpleTypeDefinition,org.apache.xerces.impl.xs.XSComplexTypeDecl|org.apache.xerces.xs.XSTypeDefinition|org.apache.xerces.xs.XSSimpleTypeDefinition,3,1,5,3,-2,false,Embedding and neighbour changes cannot be attributed to lexical method-body content; section markers and <EMPTY> remain textual input.,true
xerces,org.apache.xerces.xs.XSConstants,6aec58cb2f545373fa8e68220b4aa733f44fc712051ed865de345da8d391c4fc,7a63d11c052ac39d7e357cee966ca5c5eba8950e7d4c4fe35256e6863bb45c7a,true,true,0.82176624278787247,0.17823375721212753,org.apache.xerces.jaxp.JAXPConstants|org.apache.xerces.xs.XSImplementation|org.apache.xerces.util.XMLSymbols,org.apache.xerces.jaxp.JAXPConstants|org.apache.xerces.xs.XSObject|org.apache.xerces.xs.XSTerm,1,0.33333333333333331,5,5,0,false,Embedding and neighbour changes cannot be attributed to lexical method-body content; section markers and <EMPTY> remain textual input.,true
xerces,org.apache.xerces.xs.XSElementDeclaration,27114ccc5474d4c16c9b415df90cc05aa6898d5be8953aea90a47e3f1084c973,2b538b1a87d50b39e222b848356f55af5aa3ef0b9f36826f12e71aaa5745ea4a,true,true,0.92607875400896289,0.07392124599103711,org.apache.xerces.impl.xs.XSElementDecl|org.apache.xerces.xs.XSAttributeDeclaration|org.apache.xerces.dom3.as.ASElementDeclaration,org.apache.xerces.impl.xs.XSElementDecl|org.apache.xerces.xs.XSAttributeDeclaration|org.apache.xerces.dom3.as.ASElementDeclaration,3,1,5,4,-1,false,Embedding and neighbour changes cannot be attributed to lexical method-body content; section markers and <EMPTY> remain textual input.,true
xerces,org.apache.xerces.xs.XSFacet,4d9aa9e777613719c25b8c9058130bccc3def0ee26b2f82b6f664b8b976e62fe,a60cf3d529222e7977bf1192e2839d203aff0e70a0f1d722af30caf7a152dd64,true,true,0.89767469066247829,0.10232530933752171,org.apache.xerces.impl.dv.xs.XSSimpleTypeDecl$XSFacetImpl|org.apache.xerces.xs.XSMultiValueFacet|org.apache.xerces.xs.XSValue,org.apache.xerces.xs.XSMultiValueFacet|org.apache.xerces.impl.dv.xs.XSSimpleTypeDecl$XSFacetImpl|org.apache.xerces.xs.XSObject,2,0.66666666666666663,8,6,-2,false,Embedding and neighbour changes cannot be attributed to lexical method-body content; section markers and <EMPTY> remain textual input.,true
xerces,org.apache.xerces.xs.XSIDCDefinition,843ef2e05ef9c500aeb478e0527fb36972d4f27ac86fd3d5ae205548f8e34213,881293dfaf3f3ccd25c0232711dd0da4653a8ecddb39fc1820e5acafdac8d6cd,true,true,0.91446791073226308,0.085532089267736922,org.apache.xerces.impl.xs.identity.IdentityConstraint|org.apache.xerces.xs.XSTypeDefinition|org.apache.xerces.xs.XSModel,org.apache.xerces.xs.XSTypeDefinition|org.apache.xerces.xs.XSModel|org.apache.xerces.xs.XSNamespaceItem,2,0.66666666666666663,3,4,1,false,Embedding and neighbour changes cannot be attributed to lexical method-body content; section markers and <EMPTY> remain textual input.,true
xerces,org.apache.xerces.xs.XSImplementation,8ca853f9fa8b5325b4c94cafcd7650440aaf814cb9ebac0009a505ae7bac69d7,bc2e53ef1c8b1bc8fffd8f95d06639d2209eca80677d25def7438119fb927b62,true,true,0.89469368383167647,0.10530631616832353,org.apache.xerces.impl.xs.XSImplementationImpl|org.apache.xerces.xs.XSLoader|org.apache.xerces.xs.XSModel,org.apache.xerces.impl.xs.XSImplementationImpl|org.apache.xerces.xs.XSLoader|org.apache.xerces.xs.XSModel,3,1,4,3,-1,false,Embedding and neighbour changes cannot be attributed to lexical method-body content; section markers and <EMPTY> remain textual input.,true
xerces,org.apache.xerces.xs.XSLoader,a7e7f6ea587c520884733e338cbb848744b79481658251795efc529779c2f64b,17b46cd0f6a64c6653f34086ba266c7af68ce93a43a3cf3d25df8707e9ffd06f,true,true,0.91632286885848491,0.083677131141515093,org.apache.xerces.impl.xs.XSLoaderImpl|org.apache.xerces.impl.xs.XMLSchemaLoader|org.apache.xerces.xs.XSImplementation,org.apache.xerces.impl.xs.XSLoaderImpl|org.apache.xerces.xs.XSImplementation|org.apache.xerces.impl.xs.XMLSchemaLoader,3,1,3,3,0,false,Embedding and neighbour changes cannot be attributed to lexical method-body content; section markers and <EMPTY> remain textual input.,true
xerces,org.apache.xerces.xs.XSModel,5cb5d31c4d41de4bf59b7e66af6b7a6fb76d236d805d02ce9454b0a5bb233339,4c7de986d8182fd5ab82f119389aa06df0cf8eab31b6dc6fcb87f72713c40cd8,true,true,0.91509198721154361,0.084908012788456388,org.apache.xerces.xs.XSObject|org.apache.xerces.xs.XSNamespaceItem|org.apache.xerces.impl.xs.XSModelImpl,org.apache.xerces.xs.XSObject|org.apache.xerces.xs.XSModelGroup|org.apache.xerces.xs.XSNamespaceItem,2,0.66666666666666663,5,8,3,false,Embedding and neighbour changes cannot be attributed to lexical method-body content; section markers and <EMPTY> remain textual input.,true
xerces,org.apache.xerces.xs.XSModelGroup,b7b181e88b54305deb40cb17d699e3292352ecafbd0cdb93a0989ab2de43e266,f8537094a9cb593c72d89ad1c74810c611b4b00da76ee20b13671acb0711b048,true,true,0.90229476958175903,0.097705230418240974,org.apache.xerces.xs.XSModelGroupDefinition|org.apache.xerces.impl.xs.XSModelGroupImpl|org.apache.xerces.impl.xs.XSGroupDecl,org.apache.xerces.xs.XSModelGroupDefinition|org.apache.xerces.impl.xs.XSModelGroupImpl|org.apache.xerces.xs.XSModel,2,0.66666666666666663,4,5,1,false,Embedding and neighbour changes cannot be attributed to lexical method-body content; section markers and <EMPTY> remain textual input.,true
xerces,org.apache.xerces.xs.XSModelGroupDefinition,ccd6277f9e7c5d63445ea33540cf58bfcfcbb62e59d1b749b54246e2b5b6be78,d5b47e8b0827fa90e992a40b14924228b20f15bcd7674e7a09e63a89f93373cf,true,true,0.90653744154427096,0.093462558455729039,org.apache.xerces.xs.XSModelGroup|org.apache.xerces.impl.xs.XSGroupDecl|org.apache.xerces.xs.XSAttributeGroupDefinition,org.apache.xerces.xs.XSModelGroup|org.apache.xerces.xs.XSAttributeGroupDefinition|org.apache.xerces.impl.xs.XSGroupDecl,3,1,4,4,0,false,Embedding and neighbour changes cannot be attributed to lexical method-body content; section markers and <EMPTY> remain textual input.,true
xerces,org.apache.xerces.xs.XSMultiValueFacet,cf925b581b739fc913a21c20316525b7b95a1f603124bc012b815c15e62b3f07,55029b1740744d603f0bd2bcff55a8cd69b0263fe0e1026ebb3ad06679d8ca48,true,true,0.92517269381234823,0.074827306187651765,org.apache.xerces.impl.dv.xs.XSSimpleTypeDecl$XSMVFacetImpl|org.apache.xerces.xs.XSFacet|org.apache.xerces.impl.dv.xs.XSSimpleTypeDecl$XSFacetImpl,org.apache.xerces.xs.XSFacet|org.apache.xerces.impl.dv.xs.XSSimpleTypeDecl$XSMVFacetImpl|org.apache.xerces.xs.XSValue,2,0.66666666666666663,3,3,0,false,Embedding and neighbour changes cannot be attributed to lexical method-body content; section markers and <EMPTY> remain textual input.,true
xerces,org.apache.xerces.xs.XSNamedMap,2686e1e023879545eeac20327fed8f0e1e5b1b848877e70af561ce1c2b66ccb9,b757c1e8107b956c2fe7225c7edf708e1ac764b06871a85d017fb7dd4dc9495b,true,true,0.89936408057181649,0.10063591942818351,org.apache.xerces.impl.xs.util.XSNamedMapImpl|org.apache.xerces.impl.xs.util.XSNamedMap4Types|org.apache.xerces.dom3.as.ASNamedObjectMap,org.apache.xerces.dom3.as.ASNamedObjectMap|org.apache.xerces.impl.xs.util.XSNamedMapImpl|org.apache.xerces.xs.XSObjectList,2,0.66666666666666663,5,5,0,false,Embedding and neighbour changes cannot be attributed to lexical method-body content; section markers and <EMPTY> remain textual input.,true
xerces,org.apache.xerces.xs.XSNamespaceItem,7db006be32ed5a068ec36eae9b6f35bd7cc91637a12d5c716cbb6d7124e574a2,d237c9738aaabd97a47329d912abbd5f8e06697433996aa1ee64f9fbf7fe8534,true,true,0.91395804503552203,0.086041954964477974,org.apache.xerces.xs.XSObject|org.apache.xerces.xs.XSModel|org.apache.xerces.xs.XSNamespaceItemList,org.apache.xerces.xs.XSObject|org.apache.xerces.xs.XSModel|org.apache.xerces.xs.XSNamespaceItemList,3,1,3,5,2,false,Embedding and neighbour changes cannot be attributed to lexical method-body content; section markers and <EMPTY> remain textual input.,true
xerces,org.apache.xerces.xs.XSNamespaceItemList,46196b4637df0c1399bfce42b22d6444511907ba3f18acf1d555524a84cb26e6,84f37aa72796f726b5aa6f13c68b1d03602042eacaf6a065236b62fd633272ec,true,true,0.91657689270554588,0.083423107294454124,org.apache.xerces.xs.XSObjectList|org.apache.xerces.impl.xs.XSModelImpl$XSNamespaceItemListIterator|org.apache.xerces.xs.XSNamespaceItem,org.apache.xerces.xs.XSObjectList|org.apache.xerces.xs.XSNamespaceItem|org.apache.xerces.xs.LSInputList,2,0.66666666666666663,3,4,1,false,Embedding and neighbour changes cannot be attributed to lexical method-body content; section markers and <EMPTY> remain textual input.,true
xerces,org.apache.xerces.xs.XSNotationDeclaration,6ef87086f1cfa01a494c737367eeceb159634d54bfb65aa9b103be9aad7ffe59,6449ea5c8dbc2020820bbeeb84366e8186505da2841cf1487beac644615d4ff0,true,true,0.91668907401166899,0.083310925988331008,org.apache.xerces.impl.xs.XSNotationDecl|org.apache.xerces.dom3.as.ASNotationDeclaration|org.apache.xerces.impl.dtd.XMLNotationDecl,org.apache.xerces.impl.xs.XSNotationDecl|org.apache.xerces.dom3.as.ASNotationDeclaration|org.apache.xerces.xs.XSAnnotation,2,0.66666666666666663,6,3,-3,false,Embedding and neighbour changes cannot be attributed to lexical method-body content; section markers and <EMPTY> remain textual input.,true
xerces,org.apache.xerces.xs.XSObject,eb75ec8334c2ce878f5786c7b8256b4b376d4e92fc023e052f6efd5830f2cb0d,b9e3060232f1a665c1f453cdd0da5c53c126d643d946081286c806263b7bae69,true,true,0.87412467988819054,0.12587532011180946,org.apache.xerces.xs.XSNamespaceItem|org.apache.xerces.xs.XSTerm|org.apache.xerces.xs.XSModel,org.apache.xerces.xs.XSNamespaceItem|org.apache.xerces.xs.XSModel|org.apache.xerces.xs.XSTerm,3,1,5,8,3,false,Embedding and neighbour changes cannot be attributed to lexical method-body content; section markers and <EMPTY> remain textual input.,true
xerces,org.apache.xerces.xs.XSObjectList,4853d34b1bcca27fbdb3bcd3771fdd9cabef54b081d4b693dae213820d86ae95,f3a124c41ca5717c4166f57b423859ab86c3b832beb7e3817b3a944197b790f4,true,true,0.89961412484214431,0.10038587515785569,org.apache.xerces.impl.xs.util.XSObjectListImpl|org.apache.xerces.xs.datatypes.ObjectList|org.apache.xerces.dom3.as.ASObjectList,org.apache.xerces.xs.datatypes.ObjectList|org.apache.xerces.dom3.as.ASObjectList|org.apache.xerces.xs.XSNamespaceItemList,2,0.66666666666666663,7,5,-2,false,Embedding and neighbour changes cannot be attributed to lexical method-body content; section markers and <EMPTY> remain textual input.,true
xerces,org.apache.xerces.xs.XSParticle,697069f73170a3981fabf6d3347076301b271c89bffaf8e518ed12be5c8b1c00,114227bb8d34bdc1d64ccf2c10c0d83fe659a204d9aa69cb2cb5fe0edf323256,true,true,0.89830395129154272,0.10169604870845728,org.apache.xerces.impl.xs.XSParticleDecl|org.apache.xerces.xs.XSTerm|org.apache.xerces.xs.XSModelGroup,org.apache.xerces.impl.xs.XSParticleDecl|org.apache.xerces.xs.XSTerm|org.apache.xerces.xs.XSModelGroup,3,1,5,3,-2,false,Embedding and neighbour changes cannot be attributed to lexical method-body content; section markers and <EMPTY> remain textual input.,true
xerces,org.apache.xerces.xs.XSSimpleTypeDefinition,690097a91e3e432cb5de9af9e1db146b1fa877a5fa5db2270ffb9922e207cb8c,f468a3f1b88ff4e4f070394cacdfbb8cf56138769a2eee3dc6cf8f468819b2fa,true,true,0.91960834763630361,0.080391652363696386,org.apache.xerces.impl.dv.XSSimpleType|org.apache.xerces.impl.dv.xs.XSSimpleTypeDecl|org.apache.xerces.xs.XSTypeDefinition,org.apache.xerces.impl.dv.XSSimpleType|org.apache.xerces.xs.XSTypeDefinition|org.apache.xerces.impl.dv.xs.XSSimpleTypeDelegate,2,0.66666666666666663,7,5,-2,false,Embedding and neighbour changes cannot be attributed to lexical method-body content; section markers and <EMPTY> remain textual input.,true
xerces,org.apache.xerces.xs.XSTerm,c2817b1399decca4ca38eb98e193cd32aed826a9e32794e23457513d90bcdab9,daccf41d40c096b32db3ae97c088f5941088bc2c5ee50182af6407940c9e6a33,true,true,0.84370038643265655,0.15629961356734345,org.apache.xerces.xs.XSObject|org.apache.xerces.xs.XSTypeDefinition|org.apache.xerces.xs.XSWildcard,org.apache.xerces.xs.XSObject|org.apache.xerces.xs.XSTypeDefinition|org.apache.xerces.xs.XSWildcard,3,1,6,6,0,false,Embedding and neighbour changes cannot be attributed to lexical method-body content; section markers and <EMPTY> remain textual input.,true
xerces,org.apache.xerces.xs.XSTypeDefinition,c6758ce4ee930a3673c97e610c6ae7d9f153eddae2dd1c0916bb89077d132921,91a4a274e06459f4d30f283691328c7f4f809441a8f76b93d0b1073c598f4b02,true,true,0.90672966124784116,0.093270338752158843,org.apache.xerces.xs.XSSimpleTypeDefinition|org.apache.xerces.xs.XSComplexTypeDefinition|org.apache.xerces.xs.XSTerm,org.apache.xerces.xs.XSSimpleTypeDefinition|org.apache.xerces.xs.XSComplexTypeDefinition|org.apache.xerces.xs.XSTerm,3,1,5,5,0,false,Embedding and neighbour changes cannot be attributed to lexical method-body content; section markers and <EMPTY> remain textual input.,true
xerces,org.apache.xerces.xs.XSValue,b412e4dc82ac67a315206039736fcb7cdcc9ad63587f9c9e9a6e18531d6c7e0a,8b140555a28c5a5de53bcbdd84aca28674bc9a3d612c8c9c36d4ad952807be8e,true,true,0.88329004096840635,0.11670995903159365,org.apache.xerces.impl.dv.ValidatedInfo|org.apache.xerces.xs.XSObject|org.apache.xerces.xs.XSFacet,org.apache.xerces.xs.XSObject|org.apache.xerces.xs.datatypes.XSFloat|org.apache.xerces.xs.XSModel,1,0.33333333333333331,7,9,2,false,Embedding and neighbour changes cannot be attributed to lexical method-body content; section markers and <EMPTY> remain textual input.,true
xerces,org.apache.xerces.xs.XSWildcard,83ed6699aa9fabffeef45d0c7d0c452becf9a969a9137e38512353e1f92302a3,a1bcb9f94f9f9702f2ac9c27595f41dd15b050855ac9ad547c2b7be1a6fd9640,true,true,0.89870304177119198,0.10129695822880802,org.apache.xerces.impl.xs.XSWildcardDecl|org.apache.xerces.xs.XSTerm|org.apache.xerces.xs.XSFacet,org.apache.xerces.impl.xs.XSWildcardDecl|org.apache.xerces.xs.XSTerm|org.apache.xerces.xs.XSAnnotation,2,0.66666666666666663,3,3,0,false,Embedding and neighbour changes cannot be attributed to lexical method-body content; section markers and <EMPTY> remain textual input.,true
xerces,org.apache.xerces.xs.datatypes.ByteList,bab99d72e1ab585407e3a9cab24b651e01d0761d9b3bf6ea22f4b9d94e2985b8,6fced4ca623f6ca710a42d6fd231a4c03dfbe55d5c69197c37671cd33764ff7b,true,true,0.87240337882239927,0.12759662117760073,org.apache.xerces.impl.dv.util.ByteListImpl|org.apache.xerces.xs.ShortList|org.apache.xerces.xs.datatypes.ObjectList,org.apache.xerces.impl.dv.util.ByteListImpl|org.apache.xerces.xs.datatypes.ObjectList|org.apache.xerces.xs.ShortList,3,1,3,3,0,false,Embedding and neighbour changes cannot be attributed to lexical method-body content; section markers and <EMPTY> remain textual input.,true
xerces,org.apache.xerces.xs.datatypes.ObjectList,0a573c42bf6ba410b48c78f01a054156662adf5f5dd56cbd3b81682ac291643f,87d0d32f62cd69f76f949c00ad3cf699002dc4b5ff3ba4298a0f55b8b25c8859,true,true,0.85760962337379276,0.14239037662620724,org.apache.xerces.impl.xs.util.ObjectListImpl|org.apache.xerces.xs.XSObjectList|org.apache.xerces.dom3.as.ASObjectList,org.apache.xerces.xs.XSObjectList|org.apache.xerces.dom3.as.ASObjectList|org.apache.xerces.xs.StringList,2,0.66666666666666663,8,5,-3,false,Embedding and neighbour changes cannot be attributed to lexical method-body content; section markers and <EMPTY> remain textual input.,true
xerces,org.apache.xerces.xs.datatypes.XSDateTime,5fae79e248b61192353d54bfdcdad910c7b0b0f44e0d995f8f63f3e5a1258553,e4e0ecdb44cfd52ffb0a1b82b521d263e24ebee73e39c3a77bf0896cd8be0706,true,true,0.90439674046829421,0.095603259531705787,org.apache.xerces.impl.dv.xs.AbstractDateTimeDV$DateTimeData|org.apache.xerces.impl.dv.xs.DateTimeDV|org.apache.xerces.xs.XSValue,org.apache.xerces.impl.dv.xs.AbstractDateTimeDV$DateTimeData|org.apache.xerces.xs.XSValue|org.apache.xerces.xs.datatypes.XSDecimal,2,0.66666666666666663,3,3,0,false,Embedding and neighbour changes cannot be attributed to lexical method-body content; section markers and <EMPTY> remain textual input.,true
xerces,org.apache.xerces.xs.datatypes.XSDecimal,bbfbcd456ed13bc57416630eed1bd8a98a2d355b74c07ead58964025fd7a7586,2e3c495d0833e9ab4ab7807c8ac25af91ccb5f7076605b149e5104b890498374,true,true,0.86778113933957701,0.13221886066042299,org.apache.xerces.impl.dv.xs.DecimalDV$XDecimal|org.apache.xerces.xs.datatypes.XSFloat|org.apache.xerces.xs.XSValue,org.apache.xerces.xs.datatypes.XSFloat|org.apache.xerces.xs.XSValue|org.apache.xerces.xs.datatypes.XSDouble,2,0.66666666666666663,5,4,-1,false,Embedding and neighbour changes cannot be attributed to lexical method-body content; section markers and <EMPTY> remain textual input.,true
xerces,org.apache.xerces.xs.datatypes.XSDouble,36a75342a9add41de641ae7a487feb7acd88339a82a98f99ca416e5db04e0a00,20a2827f46cd7862593e65852692f4bbda304297b9848af2b877f8ab8dd84165,true,true,0.85643990038698337,0.14356009961301663,org.apache.xerces.impl.dv.xs.DoubleDV$XDouble|org.apache.xerces.xs.datatypes.XSFloat|org.apache.xerces.xs.datatypes.XSDecimal,org.apache.xerces.xs.datatypes.XSFloat|org.apache.xerces.xs.datatypes.XSDecimal|org.apache.xerces.xs.XSValue,2,0.66666666666666663,3,3,0,false,Embedding and neighbour changes cannot be attributed to lexical method-body content; section markers and <EMPTY> remain textual input.,true
xerces,org.apache.xerces.xs.datatypes.XSFloat,9101b5a70aeb605e38cfd15692b405acf680b7187208e79d9e742a11ce9955ac,c313f2257cbabdfa3ae7c6621a4b7576fb76f6f6c63cc54525c1fb1d7e0aa386,true,true,0.82487682986586852,0.17512317013413148,org.apache.xerces.impl.dv.xs.FloatDV$XFloat|org.apache.xerces.xs.datatypes.XSDouble|org.apache.xerces.xs.XSValue,org.apache.xerces.xs.datatypes.XSDouble|org.apache.xerces.xs.XSValue|org.apache.xerces.xs.datatypes.XSDecimal,2,0.66666666666666663,4,3,-1,false,Embedding and neighbour changes cannot be attributed to lexical method-body content; section markers and <EMPTY> remain textual input.,true
xerces,org.apache.xerces.xs.datatypes.XSQName,503f1b63e84004abcd1e06bb7ef7ba199212ec5b73d1241c50f90e8c4de250f5,841ec8d327d239a59193f966b8d3c3eb68e074dbbda524a78647ea7625c276dd,true,true,0.88400792809475259,0.11599207190524741,org.apache.xerces.impl.dv.xs.QNameDV$XQName|org.apache.xerces.xs.XSObject|org.apache.xerces.xs.XSTerm,org.apache.xerces.xs.XSObject|org.apache.xerces.impl.dv.xs.QNameDV$XQName|org.apache.xerces.xs.XSTerm,3,1,4,4,0,false,Embedding and neighbour changes cannot be attributed to lexical method-body content; section markers and <EMPTY> remain textual input.,true
xerces,org.apache.xml.serialize.DOMSerializer,0c463b55ed0fb270dfc2c98a2532e3b2ccf28a3f923b6b446657d7a2b3fff043,674260a92eb2826bd37dbf91c970ace68fda34b43b910fd91d212b9f13bffa95,true,true,0.87735475655983897,0.12264524344016103,org.apache.xml.serialize.Serializer|org.apache.xml.serialize.DOMSerializerImpl|org.apache.xerces.dom3.as.DOMASWriter,org.apache.xml.serialize.Serializer|org.apache.xerces.dom3.as.DOMASWriter|org.apache.xml.serialize.DOMSerializerImpl,3,1,4,3,-1,false,Embedding and neighbour changes cannot be attributed to lexical method-body content; section markers and <EMPTY> remain textual input.,true
xerces,org.apache.xml.serialize.Serializer,48194a50dbd9c93602b7903301423e1c4814423c3e7e463011849d537bb2afe6,5abf989a22f623fcdc605735b4c585cdf8ff89d9a3f9872348e49fae62dd3247,true,true,0.8738417935067756,0.1261582064932244,org.apache.xml.serialize.DOMSerializer|org.apache.xml.serialize.BaseMarkupSerializer|org.apache.xml.serialize.HTMLSerializer,org.apache.xml.serialize.DOMSerializer|org.apache.xerces.dom3.as.DOMASWriter|org.apache.xml.serialize.HTMLSerializer,2,0.66666666666666663,6,4,-2,false,Embedding and neighbour changes cannot be attributed to lexical method-body content; section markers and <EMPTY> remain textual input.,true
