stage,subject,seed,profile,availability,realised_modularity_loss,imbalance_improvement,semantic_improvement,coupling_change,cohesion_change,cluster_count_change,singleton_ratio_change,equals_leiden,equals_conservative,statement
stage2,jpetstore,0,budgeted_balance_0.050,selected,0.017983602374828593,1,,0.022222222222222254,-0.57738095238095344,0,0,False,False,Under a maximum 5% modularity-loss budget; realised loss may be lower than 5%.
stage2,jpetstore,1,budgeted_balance_0.050,selected,0.032422890477930746,1,,0.022222222222222254,-0.57738095238095255,0,0,False,False,Under a maximum 5% modularity-loss budget; realised loss may be lower than 5%.
stage2,jpetstore,2,budgeted_balance_0.050,selected,0.032422890477930746,1,,0.022222222222222254,-0.57738095238095255,0,0,False,False,Under a maximum 5% modularity-loss budget; realised loss may be lower than 5%.
stage2,jpetstore,3,budgeted_balance_0.050,selected,0.017983602374828593,1,,0.022222222222222254,-0.57738095238095344,0,0,False,False,Under a maximum 5% modularity-loss budget; realised loss may be lower than 5%.
stage2,jpetstore,4,budgeted_balance_0.050,selected,0.032422890477930746,1,,0.022222222222222254,-0.57738095238095255,0,0,False,False,Under a maximum 5% modularity-loss budget; realised loss may be lower than 5%.
stage2,jpetstore,5,budgeted_balance_0.050,selected,0.032422890477930746,1,,0.022222222222222254,-0.57738095238095255,0,0,False,False,Under a maximum 5% modularity-loss budget; realised loss may be lower than 5%.
stage2,jpetstore,6,budgeted_balance_0.050,selected,0.039745967825349483,1,,0.032098765432098775,-0.64404761904761898,0,0,False,False,Under a maximum 5% modularity-loss budget; realised loss may be lower than 5%.
stage2,jpetstore,7,budgeted_balance_0.050,selected,0.017983602374828593,1,,0.022222222222222254,-0.57738095238095344,0,0,False,False,Under a maximum 5% modularity-loss budget; realised loss may be lower than 5%.
stage2,jpetstore,8,budgeted_balance_0.050,selected,0.017983602374828593,1,,0.022222222222222254,-0.57738095238095344,0,0,False,False,Under a maximum 5% modularity-loss budget; realised loss may be lower than 5%.
stage2,jpetstore,9,budgeted_balance_0.050,selected,0.032422890477930746,1,,0.022222222222222254,-0.57738095238095255,0,0,False,False,Under a maximum 5% modularity-loss budget; realised loss may be lower than 5%.
stage2,jpetstore,10,budgeted_balance_0.050,selected,0.012163755594017452,0.4226497308103741,,0,-0.56904761904761969,0,0,False,False,Under a maximum 5% modularity-loss budget; realised loss may be lower than 5%.
stage2,jpetstore,11,budgeted_balance_0.050,selected,0.032422890477930746,1,,0.022222222222222254,-0.57738095238095255,0,0,False,False,Under a maximum 5% modularity-loss budget; realised loss may be lower than 5%.
stage2,jpetstore,12,budgeted_balance_0.050,selected,0.032422890477930746,1,,0.022222222222222254,-0.57738095238095255,0,0,False,False,Under a maximum 5% modularity-loss budget; realised loss may be lower than 5%.
stage2,jpetstore,13,budgeted_balance_0.050,selected,0.032422890477930746,1,,0.022222222222222254,-0.57738095238095255,0,0,False,False,Under a maximum 5% modularity-loss budget; realised loss may be lower than 5%.
stage2,jpetstore,14,budgeted_balance_0.050,selected,0.032422890477930746,1,,0.022222222222222254,-0.57738095238095255,0,0,False,False,Under a maximum 5% modularity-loss budget; realised loss may be lower than 5%.
stage2,jpetstore,15,budgeted_balance_0.050,selected,0.017983602374828593,1,,0.022222222222222254,-0.57738095238095344,0,0,False,False,Under a maximum 5% modularity-loss budget; realised loss may be lower than 5%.
stage2,jpetstore,16,budgeted_balance_0.050,selected,0.017983602374828593,1,,0.022222222222222254,-0.57738095238095344,0,0,False,False,Under a maximum 5% modularity-loss budget; realised loss may be lower than 5%.
stage2,jpetstore,17,budgeted_balance_0.050,selected,0.012163755594017452,0.4226497308103741,,0,-0.56904761904761969,0,0,False,False,Under a maximum 5% modularity-loss budget; realised loss may be lower than 5%.
stage2,jpetstore,18,budgeted_balance_0.050,selected,0.032422890477930746,1,,0.022222222222222254,-0.57738095238095255,0,0,False,False,Under a maximum 5% modularity-loss budget; realised loss may be lower than 5%.
stage2,jpetstore,19,budgeted_balance_0.050,selected,0.017983602374828593,1,,0.022222222222222254,-0.57738095238095344,0,0,False,False,Under a maximum 5% modularity-loss budget; realised loss may be lower than 5%.
stage2,jpetstore,20,budgeted_balance_0.050,selected,0.012163755594017452,0.4226497308103741,,0,-0.56904761904761969,0,0,False,False,Under a maximum 5% modularity-loss budget; realised loss may be lower than 5%.
stage2,jpetstore,21,budgeted_balance_0.050,selected,0.032422890477930746,1,,0.022222222222222254,-0.57738095238095255,0,0,False,False,Under a maximum 5% modularity-loss budget; realised loss may be lower than 5%.
stage2,jpetstore,22,budgeted_balance_0.050,selected,0.032422890477930746,1,,0.022222222222222254,-0.57738095238095255,0,0,False,False,Under a maximum 5% modularity-loss budget; realised loss may be lower than 5%.
stage2,jpetstore,23,budgeted_balance_0.050,selected,0.032422890477930746,1,,0.022222222222222254,-0.57738095238095255,0,0,False,False,Under a maximum 5% modularity-loss budget; realised loss may be lower than 5%.
stage2,jpetstore,24,budgeted_balance_0.050,selected,0.012536115459140486,0.4226497308103741,,0.022222222222222254,-0.25833333333333375,0,0,False,False,Under a maximum 5% modularity-loss budget; realised loss may be lower than 5%.
stage2,jpetstore,25,budgeted_balance_0.050,selected,0.017983602374828593,1,,0.022222222222222254,-0.57738095238095344,0,0,False,False,Under a maximum 5% modularity-loss budget; realised loss may be lower than 5%.
stage2,jpetstore,26,budgeted_balance_0.050,selected,0.032422890477930746,1,,0.022222222222222254,-0.57738095238095255,0,0,False,False,Under a maximum 5% modularity-loss budget; realised loss may be lower than 5%.
stage2,jpetstore,27,budgeted_balance_0.050,selected,0.017983602374828593,1,,0.022222222222222254,-0.57738095238095344,0,0,False,False,Under a maximum 5% modularity-loss budget; realised loss may be lower than 5%.
stage2,jpetstore,28,budgeted_balance_0.050,selected,0.032422890477930746,1,,0.022222222222222254,-0.57738095238095255,0,0,False,False,Under a maximum 5% modularity-loss budget; realised loss may be lower than 5%.
stage2,jpetstore,29,budgeted_balance_0.050,selected,0.017983602374828593,1,,0.022222222222222254,-0.57738095238095344,0,0,False,False,Under a maximum 5% modularity-loss budget; realised loss may be lower than 5%.
stage2,daytrader,2,budgeted_balance_0.050,selected,0.019055141076669203,0.069130590714864243,,0.0073800738007380184,0.51963440599804223,-1,-0.018867924528301883,False,False,Under a maximum 5% modularity-loss budget; realised loss may be lower than 5%.
stage2,daytrader,6,budgeted_balance_0.050,selected,0.014580407720504453,0.19599218198541657,,0.0036900369003690092,1.1308189005158704,-2,-0.056603773584905662,False,True,Under a maximum 5% modularity-loss budget; realised loss may be lower than 5%.
stage2,daytrader,13,budgeted_balance_0.050,selected,0,0.16654762754980579,,0,1.4089580453216826,-2,-0.056603773584905662,False,True,Under a maximum 5% modularity-loss budget; realised loss may be lower than 5%.
stage2,daytrader,14,budgeted_balance_0.050,selected,0.02525927006198897,0.29320896197774865,,0.0069188191881918715,1.5487511226147594,-3,-0.056603773584905662,False,True,Under a maximum 5% modularity-loss budget; realised loss may be lower than 5%.
stage2,daytrader,17,budgeted_balance_0.050,selected,0.041599551674583977,0.11839229650760019,,0.016143911439114367,0.4310474374110731,-1,-0.037735849056603772,False,True,Under a maximum 5% modularity-loss budget; realised loss may be lower than 5%.
stage2,daytrader,18,budgeted_balance_0.050,selected,0.03451843525253543,0.064347057626905818,,0.010608856088560881,0.3256445070081444,-1,-0.018867924528301883,False,False,Under a maximum 5% modularity-loss budget; realised loss may be lower than 5%.
stage2,daytrader,20,budgeted_balance_0.050,selected,0,0.16654762754980579,,0,1.4089580453216826,-2,-0.056603773584905662,False,True,Under a maximum 5% modularity-loss budget; realised loss may be lower than 5%.
stage2,daytrader,21,budgeted_balance_0.050,selected,0,0.045452612865283244,,0,0.55700814337178084,-1,-0.018867924528301883,False,True,Under a maximum 5% modularity-loss budget; realised loss may be lower than 5%.
stage2,daytrader,22,budgeted_balance_0.050,selected,0.030937075495968223,0.055561391241184969,,0.012915129151291505,-0.27336300063572772,0,-0.018867924528301883,False,True,Under a maximum 5% modularity-loss budget; realised loss may be lower than 5%.
stage2,daytrader,24,budgeted_balance_0.050,selected,0,-2.4865207393427118e-16,,0,8.8817841970012523e-16,0,0,True,True,Under a maximum 5% modularity-loss budget; realised loss may be lower than 5%.
stage2,daytrader,25,budgeted_balance_0.050,selected,0.031651839920297707,0.19101033027962222,,0.011531365313653119,0.17606501242864869,-2,-0.056603773584905662,False,True,Under a maximum 5% modularity-loss budget; realised loss may be lower than 5%.
stage2,daytrader,28,budgeted_balance_0.050,selected,0.0088747458096485616,0.1705746395416711,,0.0050738007380073946,0.56350830987194644,-1,-0.037735849056603772,False,False,Under a maximum 5% modularity-loss budget; realised loss may be lower than 5%.
stage2,daytrader,29,budgeted_balance_0.050,selected,0.03261370768068611,0.22655686329615304,,0.010608856088560881,0.81017657987355118,-2,-0.056603773584905662,False,False,Under a maximum 5% modularity-loss budget; realised loss may be lower than 5%.
stage2,xerces,0,budgeted_balance_0.050,selected,0.025666807503894055,0.1372321732562175,,0.020244428468727538,-4.349149214420839,-4,-0.012285012285012286,False,False,Under a maximum 5% modularity-loss budget; realised loss may be lower than 5%.
stage2,xerces,1,budgeted_balance_0.050,selected,0.035251809638828235,0.057519468683121307,,0.02510424155283969,-6.9567234376240501,-2,-0.0098280098280098295,False,False,Under a maximum 5% modularity-loss budget; realised loss may be lower than 5%.
stage2,xerces,2,budgeted_balance_0.050,selected,0.047341852824937664,0.077318856334130673,,0.034363767074047452,0.76451689072293227,-2,-0.0085995085995086012,False,False,Under a maximum 5% modularity-loss budget; realised loss may be lower than 5%.
stage2,xerces,3,budgeted_balance_0.050,selected,0.037951440396151295,0.088226497191948278,,0.028670021567217818,0.45287366504817328,-2,-0.0073710073710073721,False,False,Under a maximum 5% modularity-loss budget; realised loss may be lower than 5%.
stage2,xerces,4,budgeted_balance_0.050,selected,0.044102054283753911,0.081418170109951032,,0.034938892882818123,-4.1724362472160283,-2,-0.012285012285012286,False,False,Under a maximum 5% modularity-loss budget; realised loss may be lower than 5%.
stage2,xerces,5,budgeted_balance_0.050,selected,0.046681603865542196,0.089282728342284332,,0.033299784327821713,0.32049425557883637,-2,-0.011056511056511058,False,False,Under a maximum 5% modularity-loss budget; realised loss may be lower than 5%.
stage2,xerces,6,budgeted_balance_0.050,selected,0.038493170727839393,0.12782632985606956,,0.030711718188353693,-4.1773619008206602,-4,-0.011056511056511058,False,False,Under a maximum 5% modularity-loss budget; realised loss may be lower than 5%.
stage2,xerces,7,budgeted_balance_0.050,selected,0.041316867782676757,0.082549382669234228,,0.0308842559309849,-4.5937164450698678,-2,-0.0085995085995086012,False,False,Under a maximum 5% modularity-loss budget; realised loss may be lower than 5%.
stage2,xerces,8,budgeted_balance_0.050,selected,0.047613554891398222,0.084013751996446812,,0.034335010783608927,0.28483878687475794,-2,-0.0098280098280098295,False,False,Under a maximum 5% modularity-loss budget; realised loss may be lower than 5%.
stage2,xerces,9,budgeted_balance_0.050,selected,0.034268209532058599,0.092854421668069273,,0.029360172537742618,0.78006672997847204,-3,-0.0098280098280098295,False,False,Under a maximum 5% modularity-loss budget; realised loss may be lower than 5%.
stage2,xerces,10,budgeted_balance_0.050,selected,0.016426131533353493,0.064397531095077107,,0.011560028756290447,-4.5830533212331535,-2,-0.006142506142506143,False,False,Under a maximum 5% modularity-loss budget; realised loss may be lower than 5%.
stage2,xerces,11,budgeted_balance_0.050,selected,0.033581554139395314,0.063477537500371176,,0.024730409777138751,0.46216466726897742,-2,-0.0049140049140049148,False,False,Under a maximum 5% modularity-loss budget; realised loss may be lower than 5%.
stage2,xerces,12,budgeted_balance_0.050,selected,0.048234168262597694,0.095067708717475843,,0.033846153846153831,-7.1740858671780163,-3,-0.012285012285012286,False,False,Under a maximum 5% modularity-loss budget; realised loss may be lower than 5%.
stage2,xerces,13,budgeted_balance_0.050,selected,0.025899176491418392,0.099727889988529564,,0.018317757009345792,-5.7915909417980016,-3,-0.012285012285012286,False,False,Under a maximum 5% modularity-loss budget; realised loss may be lower than 5%.
stage2,xerces,14,budgeted_balance_0.050,selected,0.030722344747569717,0.035037980573406201,,0.021164629762760595,0.22084882953770268,-1,-0.0049140049140049148,False,False,Under a maximum 5% modularity-loss budget; realised loss may be lower than 5%.
stage2,xerces,15,budgeted_balance_0.050,selected,0.038638028286748165,0.048958550610905732,,0.025161754133716741,0.52557588177976022,-2,-0.006142506142506143,False,False,Under a maximum 5% modularity-loss budget; realised loss may be lower than 5%.
stage2,xerces,16,budgeted_balance_0.050,selected,0.041596063203499484,0.087907568172771663,,0.028612508986340768,0.80055397273960516,-3,-0.0085995085995086012,False,False,Under a maximum 5% modularity-loss budget; realised loss may be lower than 5%.
stage2,xerces,17,budgeted_balance_0.050,selected,0.019039793409276428,0.056123035838425622,,0.014320632638389647,0.59324785541896929,-2,-0.0049140049140049148,False,False,Under a maximum 5% modularity-loss budget; realised loss may be lower than 5%.
stage2,xerces,18,budgeted_balance_0.050,selected,0.027703358590177266,0.036369414297755934,,0.020330697340043141,0.23261511976294891,-1,-0.0036855036855036865,False,False,Under a maximum 5% modularity-loss budget; realised loss may be lower than 5%.
stage2,xerces,19,budgeted_balance_0.050,selected,0.032658125249391136,0.065616562499297204,,0.023321351545650598,-7.0855821174840425,-2,-0.0073710073710073721,False,False,Under a maximum 5% modularity-loss budget; realised loss may be lower than 5%.
stage2,xerces,20,budgeted_balance_0.050,selected,0.048643527667577409,0.097584469601814466,,0.03580158159597413,0.82296223924385181,-3,-0.0098280098280098295,False,False,Under a maximum 5% modularity-loss budget; realised loss may be lower than 5%.
stage2,xerces,21,budgeted_balance_0.050,selected,0.042204566829034923,0.068793512556049097,,0.032350826743350103,0.49163024356918861,-2,-0.0049140049140049148,False,False,Under a maximum 5% modularity-loss budget; realised loss may be lower than 5%.
stage2,xerces,22,budgeted_balance_0.050,selected,0.04376309453361979,0.037239915915411585,,0.029935298346513289,0.20173087105713705,-1,-0.0073710073710073721,False,False,Under a maximum 5% modularity-loss budget; realised loss may be lower than 5%.
stage2,xerces,23,budgeted_balance_0.050,selected,0.020814792739787046,0.099700726196095157,,0.016362329259525521,-4.452242765314649,-3,-0.0073710073710073721,False,False,Under a maximum 5% modularity-loss budget; realised loss may be lower than 5%.
stage2,xerces,24,budgeted_balance_0.050,selected,0.044504351597571927,0.051801452505788326,,0.033328540618260238,0.21049041385177425,-1,-0.0024570024570024582,False,False,Under a maximum 5% modularity-loss budget; realised loss may be lower than 5%.
stage2,xerces,25,budgeted_balance_0.050,selected,0.028841193417878958,0.070535925950471104,,0.022947519769949687,0.47472500282698249,-2,-0.0085995085995086012,False,False,Under a maximum 5% modularity-loss budget; realised loss may be lower than 5%.
stage2,xerces,26,budgeted_balance_0.050,selected,0.041435012648943351,0.04744537765311372,,0.029992810927390368,0.16265759860445783,-1,-0.0073710073710073721,False,False,Under a maximum 5% modularity-loss budget; realised loss may be lower than 5%.
stage2,xerces,27,budgeted_balance_0.050,selected,0.043015939164127978,0.088792799230325015,,0.033846153846153831,-4.3841664004030898,-3,-0.006142506142506143,False,False,Under a maximum 5% modularity-loss budget; realised loss may be lower than 5%.
stage2,xerces,28,budgeted_balance_0.050,selected,0.014230700583956517,0.03851989403903601,,0.010524802300503233,-4.6114472547619316,-1,-0.006142506142506143,False,True,Under a maximum 5% modularity-loss budget; realised loss may be lower than 5%.
stage2,xerces,29,budgeted_balance_0.050,selected,0.043559952065682736,0.084317971164853248,,0.032005751258087717,-4.4653862780342086,-2,-0.012285012285012286,False,False,Under a maximum 5% modularity-loss budget; realised loss may be lower than 5%.
stage3a,jpetstore,0,budgeted_balance_0.050,selected,0.011343184780135315,0.18350341907227391,0.077762761257623297,0,-0.50833333333333375,0,0,False,False,Under a maximum 5% modularity-loss budget; realised loss may be lower than 5%.
stage3a,jpetstore,0,budgeted_semantic_0.050,selected,0.011343184780135315,0.18350341907227391,0.077762761257623297,0,-0.50833333333333375,0,0,False,False,Under a maximum 5% modularity-loss budget; realised loss may be lower than 5%.
stage3a,jpetstore,1,budgeted_balance_0.050,selected,0.011343184780135315,0.18350341907227391,0.077762761257623297,0,-0.50833333333333375,0,0,False,False,Under a maximum 5% modularity-loss budget; realised loss may be lower than 5%.
stage3a,jpetstore,1,budgeted_semantic_0.050,selected,0.011343184780135315,0.18350341907227391,0.077762761257623297,0,-0.50833333333333375,0,0,False,False,Under a maximum 5% modularity-loss budget; realised loss may be lower than 5%.
stage3a,jpetstore,2,budgeted_balance_0.050,selected,0.011343184780135315,0.18350341907227391,0.077762761257623297,0,-0.50833333333333375,0,0,False,False,Under a maximum 5% modularity-loss budget; realised loss may be lower than 5%.
stage3a,jpetstore,2,budgeted_semantic_0.050,selected,0.011343184780135315,0.18350341907227391,0.077762761257623297,0,-0.50833333333333375,0,0,False,False,Under a maximum 5% modularity-loss budget; realised loss may be lower than 5%.
stage3a,jpetstore,3,budgeted_balance_0.050,selected,0.039270174664358976,0.4226497308103741,0.061265319373319298,0.012345679012345678,-0.65238095238095273,0,0,False,False,Under a maximum 5% modularity-loss budget; realised loss may be lower than 5%.
stage3a,jpetstore,3,budgeted_semantic_0.050,selected,0.026168623854476335,-0.63299316185545251,0.077762761257623297,0.06419753086419755,2.8311904761904767,1,0,False,False,Under a maximum 5% modularity-loss budget; realised loss may be lower than 5%.
stage3a,jpetstore,4,budgeted_balance_0.050,selected,0.011343184780135315,0.18350341907227391,0.077762761257623297,0,-0.50833333333333375,0,0,False,False,Under a maximum 5% modularity-loss budget; realised loss may be lower than 5%.
stage3a,jpetstore,4,budgeted_semantic_0.050,selected,0.011343184780135315,0.18350341907227391,0.077762761257623297,0,-0.50833333333333375,0,0,False,False,Under a maximum 5% modularity-loss budget; realised loss may be lower than 5%.
stage3a,jpetstore,5,budgeted_balance_0.050,selected,0.011343184780135315,0.18350341907227391,0.077762761257623297,0,-0.50833333333333375,0,0,False,False,Under a maximum 5% modularity-loss budget; realised loss may be lower than 5%.
stage3a,jpetstore,5,budgeted_semantic_0.050,selected,0.011343184780135315,0.18350341907227391,0.077762761257623297,0,-0.50833333333333375,0,0,False,False,Under a maximum 5% modularity-loss budget; realised loss may be lower than 5%.
stage3a,jpetstore,6,budgeted_balance_0.050,selected,0.039097785837913228,0.4226497308103741,0.062472372928272978,0.012345679012345678,-0.65238095238095273,0,0,False,False,Under a maximum 5% modularity-loss budget; realised loss may be lower than 5%.
stage3a,jpetstore,6,budgeted_semantic_0.050,selected,0.039097785837913228,0.4226497308103741,0.062472372928272978,0.012345679012345678,-0.65238095238095273,0,0,False,False,Under a maximum 5% modularity-loss budget; realised loss may be lower than 5%.
stage3a,jpetstore,7,budgeted_balance_0.050,selected,0.039097785837913228,0.4226497308103741,0.062472372928272978,0.012345679012345678,-0.65238095238095273,0,0,False,False,Under a maximum 5% modularity-loss budget; realised loss may be lower than 5%.
stage3a,jpetstore,7,budgeted_semantic_0.050,selected,0.039097785837913228,0.4226497308103741,0.062472372928272978,0.012345679012345678,-0.65238095238095273,0,0,False,False,Under a maximum 5% modularity-loss budget; realised loss may be lower than 5%.
stage3a,jpetstore,8,budgeted_balance_0.050,selected,0.017983602374828593,1,-0.041437336805379671,0.022222222222222254,-0.57738095238095344,0,0,False,False,Under a maximum 5% modularity-loss budget; realised loss may be lower than 5%.
stage3a,jpetstore,8,budgeted_semantic_0.050,selected,0,0,-1.8541243364555779e-16,0,-8.8817841970012523e-16,0,0,True,True,Under a maximum 5% modularity-loss budget; realised loss may be lower than 5%.
stage3a,jpetstore,9,budgeted_balance_0.050,selected,0.039270174664358976,0.4226497308103741,0.061265319373319298,0.012345679012345678,-0.65238095238095273,0,0,False,False,Under a maximum 5% modularity-loss budget; realised loss may be lower than 5%.
stage3a,jpetstore,9,budgeted_semantic_0.050,selected,0.039270174664358976,0.4226497308103741,0.061265319373319298,0.012345679012345678,-0.65238095238095273,0,0,False,False,Under a maximum 5% modularity-loss budget; realised loss may be lower than 5%.
stage3a,jpetstore,10,budgeted_balance_0.050,selected,0.039270174664358976,0.4226497308103741,0.061265319373319298,0.012345679012345678,-0.65238095238095273,0,0,False,False,Under a maximum 5% modularity-loss budget; realised loss may be lower than 5%.
stage3a,jpetstore,10,budgeted_semantic_0.050,selected,0.026168623854476335,-0.63299316185545251,0.077762761257623297,0.06419753086419755,2.8311904761904767,1,0,False,False,Under a maximum 5% modularity-loss budget; realised loss may be lower than 5%.
stage3a,jpetstore,11,budgeted_balance_0.050,selected,0,0,-1.8541243364555779e-16,0,-8.8817841970012523e-16,0,0,True,True,Under a maximum 5% modularity-loss budget; realised loss may be lower than 5%.
stage3a,jpetstore,11,budgeted_semantic_0.050,selected,0,0,-1.8541243364555779e-16,0,-8.8817841970012523e-16,0,0,True,True,Under a maximum 5% modularity-loss budget; realised loss may be lower than 5%.
stage3a,jpetstore,12,budgeted_balance_0.050,selected,0,0,-1.8541243364555779e-16,0,-8.8817841970012523e-16,0,0,True,True,Under a maximum 5% modularity-loss budget; realised loss may be lower than 5%.
stage3a,jpetstore,12,budgeted_semantic_0.050,selected,0.04064238972286794,0,0.0013528549009019378,0.017283950617283994,-0.13571428571428701,0,0,False,False,Under a maximum 5% modularity-loss budget; realised loss may be lower than 5%.
stage3a,jpetstore,13,budgeted_balance_0.050,selected,0.011343184780135315,0.18350341907227391,0.077762761257623297,0,-0.50833333333333375,0,0,False,False,Under a maximum 5% modularity-loss budget; realised loss may be lower than 5%.
stage3a,jpetstore,13,budgeted_semantic_0.050,selected,0.011343184780135315,0.18350341907227391,0.077762761257623297,0,-0.50833333333333375,0,0,False,False,Under a maximum 5% modularity-loss budget; realised loss may be lower than 5%.
stage3a,jpetstore,14,budgeted_balance_0.050,selected,0.033305521269333491,0.4226497308103741,0.09694945802722367,0.012345679012345678,-0.95238095238095344,0,0,False,False,Under a maximum 5% modularity-loss budget; realised loss may be lower than 5%.
stage3a,jpetstore,14,budgeted_semantic_0.050,selected,0.033305521269333491,0.4226497308103741,0.09694945802722367,0.012345679012345678,-0.95238095238095344,0,0,False,False,Under a maximum 5% modularity-loss budget; realised loss may be lower than 5%.
stage3a,jpetstore,15,budgeted_balance_0.050,selected,0.039270174664358976,0.4226497308103741,0.061265319373319298,0.012345679012345678,-0.65238095238095273,0,0,False,False,Under a maximum 5% modularity-loss budget; realised loss may be lower than 5%.
stage3a,jpetstore,15,budgeted_semantic_0.050,selected,0.039270174664358976,0.4226497308103741,0.061265319373319298,0.012345679012345678,-0.65238095238095273,0,0,False,False,Under a maximum 5% modularity-loss budget; realised loss may be lower than 5%.
stage3a,jpetstore,16,budgeted_balance_0.050,selected,0,0,-1.8541243364555779e-16,0,-8.8817841970012523e-16,0,0,True,True,Under a maximum 5% modularity-loss budget; realised loss may be lower than 5%.
stage3a,jpetstore,16,budgeted_semantic_0.050,selected,0.038228946152626307,-0.29099444873580588,0.032450934983114313,0.017283950617283994,0.09940476190476133,0,0,False,False,Under a maximum 5% modularity-loss budget; realised loss may be lower than 5%.
stage3a,jpetstore,17,budgeted_balance_0.050,selected,0.045427903545003957,0.4226497308103741,-0.09946844864475958,0.017283950617283994,-0.81071428571428594,0,0,False,False,Under a maximum 5% modularity-loss budget; realised loss may be lower than 5%.
stage3a,jpetstore,17,budgeted_semantic_0.050,selected,0.011343184780135315,0.18350341907227391,0.077762761257623297,0,-0.50833333333333375,0,0,False,False,Under a maximum 5% modularity-loss budget; realised loss may be lower than 5%.
stage3a,jpetstore,18,budgeted_balance_0.050,selected,0,0,-1.8541243364555779e-16,0,-8.8817841970012523e-16,0,0,True,True,Under a maximum 5% modularity-loss budget; realised loss may be lower than 5%.
stage3a,jpetstore,18,budgeted_semantic_0.050,selected,0.038228946152626307,-0.29099444873580588,0.032450934983114313,0.017283950617283994,0.09940476190476133,0,0,False,False,Under a maximum 5% modularity-loss budget; realised loss may be lower than 5%.
stage3a,jpetstore,19,budgeted_balance_0.050,selected,0,0,-1.8541243364555779e-16,0,-8.8817841970012523e-16,0,0,True,True,Under a maximum 5% modularity-loss budget; realised loss may be lower than 5%.
stage3a,jpetstore,19,budgeted_semantic_0.050,selected,0.04064238972286794,0,0.0013528549009019378,0.017283950617283994,-0.13571428571428701,0,0,False,False,Under a maximum 5% modularity-loss budget; realised loss may be lower than 5%.
stage3a,jpetstore,20,budgeted_balance_0.050,selected,0.041504333855096942,0.4226497308103741,0.067404706256810928,0.032098765432098775,-0.58333333333333393,0,0,False,False,Under a maximum 5% modularity-loss budget; realised loss may be lower than 5%.
stage3a,jpetstore,20,budgeted_semantic_0.050,selected,0.041504333855096942,0.4226497308103741,0.067404706256810928,0.032098765432098775,-0.58333333333333393,0,0,False,False,Under a maximum 5% modularity-loss budget; realised loss may be lower than 5%.
stage3a,jpetstore,21,budgeted_balance_0.050,selected,0.011343184780135315,0.18350341907227391,0.077762761257623297,0,-0.50833333333333375,0,0,False,False,Under a maximum 5% modularity-loss budget; realised loss may be lower than 5%.
stage3a,jpetstore,21,budgeted_semantic_0.050,selected,0.011343184780135315,0.18350341907227391,0.077762761257623297,0,-0.50833333333333375,0,0,False,False,Under a maximum 5% modularity-loss budget; realised loss may be lower than 5%.
stage3a,jpetstore,22,budgeted_balance_0.050,selected,0,0,-1.8541243364555779e-16,0,-8.8817841970012523e-16,0,0,True,True,Under a maximum 5% modularity-loss budget; realised loss may be lower than 5%.
stage3a,jpetstore,22,budgeted_semantic_0.050,selected,0.044752139345336159,-0.82574185835055391,0.029390175078215987,0.019753086419753096,1.301785714285713,0,0,False,False,Under a maximum 5% modularity-loss budget; realised loss may be lower than 5%.
stage3a,jpetstore,23,budgeted_balance_0.050,selected,0.017983602374828593,1,-0.041437336805379671,0.022222222222222254,-0.57738095238095344,0,0,False,False,Under a maximum 5% modularity-loss budget; realised loss may be lower than 5%.
stage3a,jpetstore,23,budgeted_semantic_0.050,selected,0.044752139345336159,-0.82574185835055391,0.029390175078215987,0.019753086419753096,1.301785714285713,0,0,False,False,Under a maximum 5% modularity-loss budget; realised loss may be lower than 5%.
stage3a,jpetstore,24,budgeted_balance_0.050,selected,0.012536115459140486,0.4226497308103741,-0.065302028167021908,0.022222222222222254,-0.25833333333333375,0,0,False,False,Under a maximum 5% modularity-loss budget; realised loss may be lower than 5%.
stage3a,jpetstore,24,budgeted_semantic_0.050,selected,0.045676143455085895,-0.29099444873580588,0.11021369624073761,0.014814814814814836,-0.3422619047619051,0,0,False,False,Under a maximum 5% modularity-loss budget; realised loss may be lower than 5%.
stage3a,jpetstore,25,budgeted_balance_0.050,selected,0.031602319664048611,0.4226497308103741,0.012460733090601576,0.022222222222222254,-0.5166666666666675,0,0,False,False,Under a maximum 5% modularity-loss budget; realised loss may be lower than 5%.
stage3a,jpetstore,25,budgeted_semantic_0.050,selected,0.045676143455085895,-0.29099444873580588,0.11021369624073761,0.014814814814814836,-0.3422619047619051,0,0,False,False,Under a maximum 5% modularity-loss budget; realised loss may be lower than 5%.
stage3a,jpetstore,26,budgeted_balance_0.050,selected,0.035125947276601434,0.4226497308103741,-0.020017082707764516,0.032098765432098775,-0.25238095238095326,0,0,False,False,Under a maximum 5% modularity-loss budget; realised loss may be lower than 5%.
stage3a,jpetstore,26,budgeted_semantic_0.050,selected,0.011343184780135315,0.18350341907227391,0.077762761257623297,0,-0.50833333333333375,0,0,False,False,Under a maximum 5% modularity-loss budget; realised loss may be lower than 5%.
stage3a,jpetstore,27,budgeted_balance_0.050,selected,0,0,-1.8541243364555779e-16,0,-8.8817841970012523e-16,0,0,True,True,Under a maximum 5% modularity-loss budget; realised loss may be lower than 5%.
stage3a,jpetstore,27,budgeted_semantic_0.050,selected,0,0,-1.8541243364555779e-16,0,-8.8817841970012523e-16,0,0,True,True,Under a maximum 5% modularity-loss budget; realised loss may be lower than 5%.
stage3a,jpetstore,28,budgeted_balance_0.050,selected,0.040987167375759435,0.18350341907227391,0.056315626344756731,0.017283950617283994,-0.61785714285714377,0,0,False,False,Under a maximum 5% modularity-loss budget; realised loss may be lower than 5%.
stage3a,jpetstore,28,budgeted_semantic_0.050,selected,0.045676143455085895,-0.29099444873580588,0.11021369624073761,0.014814814814814836,-0.3422619047619051,0,0,False,False,Under a maximum 5% modularity-loss budget; realised loss may be lower than 5%.
stage3a,jpetstore,29,budgeted_balance_0.050,selected,0.016997538287558497,0.4226497308103741,0.10162745261926534,0,-0.88571428571428701,0,0,False,False,Under a maximum 5% modularity-loss budget; realised loss may be lower than 5%.
stage3a,jpetstore,29,budgeted_semantic_0.050,selected,0.016997538287558497,0.4226497308103741,0.10162745261926534,0,-0.88571428571428701,0,0,False,False,Under a maximum 5% modularity-loss budget; realised loss may be lower than 5%.
stage3a,daytrader,0,budgeted_balance_0.050,selected,0.021129629295837605,0.045452612865283244,0.0083750948976276229,0.0041512915129151007,0.16030484666848288,-1,-0.018867924528301883,False,True,Under a maximum 5% modularity-loss budget; realised loss may be lower than 5%.
stage3a,daytrader,0,budgeted_semantic_0.050,selected,0.021129629295837605,0.045452612865283244,0.0083750948976276229,0.0041512915129151007,0.16030484666848288,-1,-0.018867924528301883,False,True,Under a maximum 5% modularity-loss budget; realised loss may be lower than 5%.
stage3a,daytrader,2,budgeted_balance_0.050,selected,0.025749871778275632,0.12347072414632287,-1.9665766574074907e-16,0.014760147601476037,1.0551033814670179,-1,-0.037735849056603772,False,False,Under a maximum 5% modularity-loss budget; realised loss may be lower than 5%.
stage3a,daytrader,2,budgeted_semantic_0.050,selected,0,0.050140987905497966,-1.9665766574074907e-16,0,0.61398450034813745,-1,-0.018867924528301883,False,True,Under a maximum 5% modularity-loss budget; realised loss may be lower than 5%.
stage3a,daytrader,4,budgeted_balance_0.050,selected,0,0.045452612865283244,0.035283390627872266,0,0.55700814337178084,-1,-0.018867924528301883,False,False,Under a maximum 5% modularity-loss budget; realised loss may be lower than 5%.
stage3a,daytrader,4,budgeted_semantic_0.050,selected,0,0.045452612865283244,0.035283390627872266,0,0.55700814337178084,-1,-0.018867924528301883,False,False,Under a maximum 5% modularity-loss budget; realised loss may be lower than 5%.
stage3a,daytrader,5,budgeted_balance_0.050,selected,0.0207704446057571,0.29163165352641962,-0.027836821080867311,0.012453874538745413,1.7608505972142341,-2,-0.075471698113207544,False,False,Under a maximum 5% modularity-loss budget; realised loss may be lower than 5%.
stage3a,daytrader,5,budgeted_semantic_0.050,selected,0.015005137062059323,0.014842289637991675,0.040482009202516593,-0.005996309963099633,0.17554566645475855,0,-0.018867924528301883,False,False,Under a maximum 5% modularity-loss budget; realised loss may be lower than 5%.
stage3a,daytrader,7,budgeted_balance_0.050,selected,0.049331854209031856,0.25838015129043368,-0.089206488259650454,0.019833948339483376,1.2376386240022601,-2,-0.075471698113207544,False,False,Under a maximum 5% modularity-loss budget; realised loss may be lower than 5%.
stage3a,daytrader,7,budgeted_semantic_0.050,selected,0.035541914985309939,0.22655686329615304,-0.079800973189742413,0.01429889298892989,1.4656606020242391,-2,-0.075471698113207544,False,True,Under a maximum 5% modularity-loss budget; realised loss may be lower than 5%.
stage3a,daytrader,8,budgeted_balance_0.050,selected,0.024594319572779941,0.014842289637991675,0.019653036492670375,0.0041512915129151007,-0.12696444969172127,0,0,False,True,Under a maximum 5% modularity-loss budget; realised loss may be lower than 5%.
stage3a,daytrader,8,budgeted_semantic_0.050,selected,0.024594319572779941,0.014842289637991675,0.019653036492670375,0.0041512915129151007,-0.12696444969172127,0,0,False,True,Under a maximum 5% modularity-loss budget; realised loss may be lower than 5%.
stage3a,daytrader,10,budgeted_balance_0.050,selected,0.017004904378546608,0.18605897019501461,-0.026986471724355813,0.0055350553505534861,0.79389409692439994,-2,-0.056603773584905662,False,True,Under a maximum 5% modularity-loss budget; realised loss may be lower than 5%.
stage3a,daytrader,10,budgeted_semantic_0.050,selected,0.034004565184975251,0.055561391241184969,0.0027819283097145473,0.014760147601476037,-0.0026034571489104152,0,-0.018867924528301883,False,False,Under a maximum 5% modularity-loss budget; realised loss may be lower than 5%.
stage3a,daytrader,11,budgeted_balance_0.050,selected,0.015901132447715936,0.29163165352641962,-0.015186517535873178,0.0083025830258302569,1.4025447055750089,-2,-0.075471698113207544,False,True,Under a maximum 5% modularity-loss budget; realised loss may be lower than 5%.
stage3a,daytrader,11,budgeted_semantic_0.050,selected,0.024897135862592311,-0.047957196508657943,-0.0085035893696058292,-0.0023062730627306238,0.23160173160173159,0,0,False,False,Under a maximum 5% modularity-loss budget; realised loss may be lower than 5%.
stage3a,daytrader,12,budgeted_balance_0.050,selected,0.02359115868196263,0.23205980515593333,-0.071049333318057725,0.0096863468634686423,0.87124279760643386,-1,-0.075471698113207544,False,True,Under a maximum 5% modularity-loss budget; realised loss may be lower than 5%.
stage3a,daytrader,12,budgeted_semantic_0.050,selected,0.02359115868196263,0.23205980515593333,-0.071049333318057725,0.0096863468634686423,0.87124279760643386,-1,-0.075471698113207544,False,True,Under a maximum 5% modularity-loss budget; realised loss may be lower than 5%.
stage3a,daytrader,14,budgeted_balance_0.050,selected,0,0.16174074927348911,0.022900752358343678,0,1.3456509820146199,-2,-0.056603773584905662,False,True,Under a maximum 5% modularity-loss budget; realised loss may be lower than 5%.
stage3a,daytrader,14,budgeted_semantic_0.050,selected,0,0.16174074927348911,0.022900752358343678,0,1.3456509820146199,-2,-0.056603773584905662,False,True,Under a maximum 5% modularity-loss budget; realised loss may be lower than 5%.
stage3a,daytrader,15,budgeted_balance_0.050,selected,0.012058249531765432,0.02486264703742511,0.027769339347686845,-0.00645756457564578,0.22587412587412636,0,-0.018867924528301883,False,True,Under a maximum 5% modularity-loss budget; realised loss may be lower than 5%.
stage3a,daytrader,15,budgeted_semantic_0.050,selected,0.012058249531765432,0.02486264703742511,0.027769339347686845,-0.00645756457564578,0.22587412587412636,0,-0.018867924528301883,False,True,Under a maximum 5% modularity-loss budget; realised loss may be lower than 5%.
stage3a,daytrader,18,budgeted_balance_0.050,selected,0.025300235469160447,0.02486264703742511,-1.9665766574074907e-16,0.011531365313653119,-0.13621227257590807,0,0,False,True,Under a maximum 5% modularity-loss budget; realised loss may be lower than 5%.
stage3a,daytrader,18,budgeted_semantic_0.050,selected,0.025300235469160447,0.02486264703742511,-1.9665766574074907e-16,0.011531365313653119,-0.13621227257590807,0,0,False,True,Under a maximum 5% modularity-loss budget; realised loss may be lower than 5%.
stage3a,daytrader,21,budgeted_balance_0.050,selected,0.0052534038156819823,0.33486037985569195,-0.018862918607453212,0.0023062730627306238,-0.52972942461578754,-3,-0.056603773584905662,False,False,Under a maximum 5% modularity-loss budget; realised loss may be lower than 5%.
stage3a,daytrader,21,budgeted_semantic_0.050,selected,0.0020423713399457268,0.27327790731256824,0.033438216720389172,0.00092250922509223843,1.5979137655274025,-3,-0.056603773584905662,False,True,Under a maximum 5% modularity-loss budget; realised loss may be lower than 5%.
stage3a,daytrader,22,budgeted_balance_0.050,selected,0.0053438554347166618,0.054852619202395786,0.029224054876567842,0.00092250922509223843,0.89164683801047495,-1,-0.037735849056603772,False,True,Under a maximum 5% modularity-loss budget; realised loss may be lower than 5%.
stage3a,daytrader,22,budgeted_semantic_0.050,selected,0.0053438554347166618,0.054852619202395786,0.029224054876567842,0.00092250922509223843,0.89164683801047495,-1,-0.037735849056603772,False,True,Under a maximum 5% modularity-loss budget; realised loss may be lower than 5%.
stage3a,daytrader,23,budgeted_balance_0.050,selected,0.035621224013593994,0.15220875210934146,-0.010430529689826698,0.012453874538745413,0.62342875979239576,-2,-0.037735849056603772,False,False,Under a maximum 5% modularity-loss budget; realised loss may be lower than 5%.
stage3a,daytrader,23,budgeted_semantic_0.050,selected,0,0.14748271906915911,0.012647235681833737,0,0.80491024127387778,-2,-0.037735849056603772,False,True,Under a maximum 5% modularity-loss budget; realised loss may be lower than 5%.
stage3a,daytrader,25,budgeted_balance_0.050,selected,0.033318312684037087,0.11965915691704938,-0.0090762012822933093,0.0013837638376383854,1.7599958963595332,-2,-0.056603773584905662,False,True,Under a maximum 5% modularity-loss budget; realised loss may be lower than 5%.
stage3a,daytrader,25,budgeted_semantic_0.050,selected,0.033318312684037087,0.11965915691704938,-0.0090762012822933093,0.0013837638376383854,1.7599958963595332,-2,-0.056603773584905662,False,True,Under a maximum 5% modularity-loss budget; realised loss may be lower than 5%.
stage3a,daytrader,26,budgeted_balance_0.050,selected,0.02982543820696051,0.088515731661499439,-0.036118711486778428,0.011070110701107028,0.13104743741107416,-1,-0.018867924528301883,False,True,Under a maximum 5% modularity-loss budget; realised loss may be lower than 5%.
stage3a,daytrader,26,budgeted_semantic_0.050,selected,0.02982543820696051,0.088515731661499439,-0.036118711486778428,0.011070110701107028,0.13104743741107416,-1,-0.018867924528301883,False,True,Under a maximum 5% modularity-loss budget; realised loss may be lower than 5%.
stage3a,daytrader,27,budgeted_balance_0.050,selected,0.038787358403070168,0.098364581124150308,-0.012418022177116237,0.01429889298892989,0.1531969545605909,-1,-0.018867924528301883,False,True,Under a maximum 5% modularity-loss budget; realised loss may be lower than 5%.
stage3a,daytrader,27,budgeted_semantic_0.050,selected,0.038787358403070168,0.098364581124150308,-0.012418022177116237,0.01429889298892989,0.1531969545605909,-1,-0.018867924528301883,False,True,Under a maximum 5% modularity-loss budget; realised loss may be lower than 5%.
stage3a,daytrader,28,budgeted_balance_0.050,selected,0.0054503654933628484,0.029911638781585564,0.015025169584360398,0.0018450184501844769,-0.14500146318328166,0,0,False,False,Under a maximum 5% modularity-loss budget; realised loss may be lower than 5%.
stage3a,daytrader,28,budgeted_semantic_0.050,selected,0.0054503654933628484,0.029911638781585564,0.015025169584360398,0.0018450184501844769,-0.14500146318328166,0,0,False,False,Under a maximum 5% modularity-loss budget; realised loss may be lower than 5%.
stage3a,daytrader,29,budgeted_balance_0.050,selected,0.010964964745170698,0.075144798978162688,-0.040538465391339373,0.0032287822878228623,1.3766829130465492,-2,-0.037735849056603772,False,False,Under a maximum 5% modularity-loss budget; realised loss may be lower than 5%.
stage3a,daytrader,29,budgeted_semantic_0.050,selected,0.010964964745170698,0.075144798978162688,-0.040538465391339373,0.0032287822878228623,1.3766829130465492,-2,-0.037735849056603772,False,False,Under a maximum 5% modularity-loss budget; realised loss may be lower than 5%.
stage3a,xerces,0,budgeted_balance_0.050,selected,0.04182062882717253,0.057546343438631797,-0.038438875813853239,0.026944644140905832,-7.1618616179948953,-2,-0.006142506142506143,False,False,Under a maximum 5% modularity-loss budget; realised loss may be lower than 5%.
stage3a,xerces,0,budgeted_semantic_0.050,selected,0.0024766733078739936,0.025688210370229586,0.0075593362802048921,0.0019841840402587962,0.27050195787556497,-1,-0.0024570024570024582,False,False,Under a maximum 5% modularity-loss budget; realised loss may be lower than 5%.
stage3a,xerces,1,budgeted_balance_0.050,selected,0.03243881353653378,0.067325883219583688,-0.052300405485764381,0.022027318475916602,-4.5457269002714202,-2,-0.0098280098280098295,False,False,Under a maximum 5% modularity-loss budget; realised loss may be lower than 5%.
stage3a,xerces,1,budgeted_semantic_0.050,selected,0,0.02262723949420958,-5.7827142883908011e-16,0,0.2684152575551817,-1,-0.00122850122850123,False,True,Under a maximum 5% modularity-loss budget; realised loss may be lower than 5%.
stage3a,xerces,2,budgeted_balance_0.050,selected,0.046068682604788733,0.067516001159288949,-0.072727867401387106,0.031718188353702381,-6.4076984260819358,-2,-0.0073710073710073721,False,False,Under a maximum 5% modularity-loss budget; realised loss may be lower than 5%.
stage3a,xerces,2,budgeted_semantic_0.050,selected,0.0018031339416758969,-0.0046731201303503037,0.0094080599130249038,0.00097771387491013551,0.0083676290655656516,0,-0.00122850122850123,False,True,Under a maximum 5% modularity-loss budget; realised loss may be lower than 5%.
stage3a,xerces,3,budgeted_balance_0.050,selected,0.03164531424851242,0.076450297195737205,-0.048397565195400186,0.02113587347232207,0.84210165428836348,-3,-0.006142506142506143,False,False,Under a maximum 5% modularity-loss budget; realised loss may be lower than 5%.
stage3a,xerces,3,budgeted_semantic_0.050,selected,0.0062947576746639356,0.023727009852120964,0.011128230435417953,0.0036520488856937317,0.25674731247647742,-1,-0.0049140049140049148,False,False,Under a maximum 5% modularity-loss budget; realised loss may be lower than 5%.
stage3a,xerces,4,budgeted_balance_0.050,selected,0.045537990110954801,0.085096622223686719,-0.041739903647032506,0.02976276060388211,-6.9706522813412306,-3,-0.0073710073710073721,False,False,Under a maximum 5% modularity-loss budget; realised loss may be lower than 5%.
stage3a,xerces,4,budgeted_semantic_0.050,selected,0.0078409293760469765,-0.0011365197369436659,0.0039843576007761554,0.0043421998562185593,-0.025061524204270214,0,0,False,True,Under a maximum 5% modularity-loss budget; realised loss may be lower than 5%.
stage3a,xerces,5,budgeted_balance_0.050,selected,0.030730091234680002,0.06483078242825524,-0.055117530533951062,0.020790797987059656,-5.6957601435367664,-2,-0.0098280098280098295,False,False,Under a maximum 5% modularity-loss budget; realised loss may be lower than 5%.
stage3a,xerces,5,budgeted_semantic_0.050,selected,0.00055916211525341769,-0.0015691404082133712,0.0049305326705243709,0.00034507548526238607,0.0020903193151760036,0,0,False,True,Under a maximum 5% modularity-loss budget; realised loss may be lower than 5%.
stage3a,xerces,6,budgeted_balance_0.050,selected,0.036968919072401525,0.081575067567028758,-0.065517018297123558,0.025248023005032344,-4.417595348303692,-3,-0.006142506142506143,False,False,Under a maximum 5% modularity-loss budget; realised loss may be lower than 5%.
stage3a,xerces,6,budgeted_semantic_0.050,selected,0.0057360736990457583,-0.00048723797479215125,0.0039506890169693411,0.0036520488856937317,-0.0036144803745052911,0,0,False,True,Under a maximum 5% modularity-loss budget; realised loss may be lower than 5%.
stage3a,xerces,7,budgeted_balance_0.050,selected,0.041554275674435391,0.10326618949034221,-0.095340495093079458,0.030941768511861978,-6.8311173512856964,-3,-0.012285012285012286,False,False,Under a maximum 5% modularity-loss budget; realised loss may be lower than 5%.
stage3a,xerces,7,budgeted_semantic_0.050,selected,-0.00012448131021722532,-0.00029778474142148345,0.010097366443651662,-8.6268871315603457e-05,0.0012995427921236313,0,0,False,True,Under a maximum 5% modularity-loss budget; realised loss may be lower than 5%.
stage3a,xerces,8,budgeted_balance_0.050,selected,0.020632586537683208,0.086648265715133121,-0.037980907868365416,0.015643421998562196,-4.4614464030803944,-3,-0.006142506142506143,False,False,Under a maximum 5% modularity-loss budget; realised loss may be lower than 5%.
stage3a,xerces,8,budgeted_semantic_0.050,selected,-0.00012448131021722532,0.023968588722607858,0.010097366443651662,-8.6268871315603457e-05,0.26907377928746001,-1,-0.00122850122850123,False,True,Under a maximum 5% modularity-loss budget; realised loss may be lower than 5%.
stage3a,xerces,9,budgeted_balance_0.050,selected,0.034756811362549808,0.10326618949034221,-0.091101623235589596,0.025248023005032344,1.0076576253305536,-3,-0.011056511056511058,False,False,Under a maximum 5% modularity-loss budget; realised loss may be lower than 5%.
stage3a,xerces,9,budgeted_semantic_0.050,selected,0.004444269158523563,-0.0035136254280565835,0.0029068998668318477,0.0027318475916606744,0.015715104862957574,0,0,False,True,Under a maximum 5% modularity-loss budget; realised loss may be lower than 5%.
stage3a,xerces,10,budgeted_balance_0.050,selected,0.04365113173157837,0.12106600831170473,-0.035587195574917858,0.034680086268871313,1.1098732741137791,-4,-0.0073710073710073721,False,False,Under a maximum 5% modularity-loss budget; realised loss may be lower than 5%.
stage3a,xerces,10,budgeted_semantic_0.050,selected,0.0012817117315939129,0.00067711351248559088,0.0037663582084109391,0.0010927390366642642,-0.0016861339609999249,0,0,False,True,Under a maximum 5% modularity-loss budget; realised loss may be lower than 5%.
stage3a,xerces,11,budgeted_balance_0.050,selected,0.046664158331556384,0.045823841617737053,-0.058957248849150386,0.033386053199137317,-6.9951385134414306,-1,-0.0085995085995086012,False,False,Under a maximum 5% modularity-loss budget; realised loss may be lower than 5%.
stage3a,xerces,11,budgeted_semantic_0.050,selected,0.0058345304626843137,-0.0047000692018207401,0.0023580453981261948,0.0034219985621854743,-0.053901258170693467,0,0,False,True,Under a maximum 5% modularity-loss budget; realised loss may be lower than 5%.
stage3a,xerces,12,budgeted_balance_0.050,selected,0.045570631735074037,0.073593035076872579,-0.053745348713430077,0.034766355140186916,0.54624542850528712,-2,-0.011056511056511058,False,False,Under a maximum 5% modularity-loss budget; realised loss may be lower than 5%.
stage3a,xerces,12,budgeted_semantic_0.050,selected,0.001770636696975886,-0.0033787135031864471,0.0066561065194496293,0.00086268871315600681,0.0018107385021721711,0,0,False,False,Under a maximum 5% modularity-loss budget; realised loss may be lower than 5%.
stage3a,xerces,13,budgeted_balance_0.050,selected,0.03692994537946559,0.11865461867982403,-0.056618594267380924,0.024011502516175426,1.1370268243984043,-4,-0.0085995085995086012,False,False,Under a maximum 5% modularity-loss budget; realised loss may be lower than 5%.
stage3a,xerces,13,budgeted_semantic_0.050,selected,0,0.050157767357782684,-5.7827142883908011e-16,0,0.54942916258144336,-2,-0.0024570024570024582,False,True,Under a maximum 5% modularity-loss budget; realised loss may be lower than 5%.
stage3a,xerces,14,budgeted_balance_0.050,selected,0.027881470291953842,0.086434089241591447,-0.032561302219832319,0.019583033788641263,0.89467933906195718,-3,-0.011056511056511058,False,False,Under a maximum 5% modularity-loss budget; realised loss may be lower than 5%.
stage3a,xerces,14,budgeted_semantic_0.050,selected,0.00048331229358501834,0.024935502732477539,0.010097366443651662,0.00031631919482386084,0.35735191769224528,-1,-0.0024570024570024582,False,True,Under a maximum 5% modularity-loss budget; realised loss may be lower than 5%.
stage3a,xerces,15,budgeted_balance_0.050,selected,0.022713862742946237,0.07056317707802455,-0.085990197275973276,0.015988497483824582,-5.6314825269003395,-2,-0.011056511056511058,False,False,Under a maximum 5% modularity-loss budget; realised loss may be lower than 5%.
stage3a,xerces,15,budgeted_semantic_0.050,selected,0.031220234987367628,-2.7075004316964572e-05,0.014050270284132544,0.019468008626887134,-0.011663276788937083,0,0,False,False,Under a maximum 5% modularity-loss budget; realised loss may be lower than 5%.
stage3a,xerces,16,budgeted_balance_0.050,selected,0.04648555786481931,0.10714712433131683,-0.073207115230988981,0.036290438533429198,0.78136263171323961,-3,-0.0098280098280098295,False,False,Under a maximum 5% modularity-loss budget; realised loss may be lower than 5%.
stage3a,xerces,16,budgeted_semantic_0.050,selected,0.0016994557682167544,0.024693684361826139,0.0086090010181107957,0.00094895758447161027,0.32549995680983557,-1,-0.0049140049140049148,False,False,Under a maximum 5% modularity-loss budget; realised loss may be lower than 5%.
stage3a,xerces,17,budgeted_balance_0.050,selected,0.013994825239106914,0.042862722943647728,-0.043067387278756544,0.010294751976994976,0.12531418075559486,-1,-0.0073710073710073721,False,False,Under a maximum 5% modularity-loss budget; realised loss may be lower than 5%.
stage3a,xerces,17,budgeted_semantic_0.050,selected,0.00013665293277538055,-0.00046017542365868187,0.0029850469733204376,0.00017253774263120691,0.0022748560522973804,0,0,False,True,Under a maximum 5% modularity-loss budget; realised loss may be lower than 5%.
stage3a,xerces,18,budgeted_balance_0.050,selected,0.032827022919137763,0.03939234441712846,-0.038012875385665494,0.023896477354421269,0.19614153742018914,-1,-0.011056511056511058,False,False,Under a maximum 5% modularity-loss budget; realised loss may be lower than 5%.
stage3a,xerces,18,budgeted_semantic_0.050,selected,0.0014885068113328381,0.022546817075403978,0.0048885188475944058,0.00089144500359453205,0.26758585325323025,-1,-0.00122850122850123,False,False,Under a maximum 5% modularity-loss budget; realised loss may be lower than 5%.
stage3a,xerces,19,budgeted_balance_0.050,selected,0.020449818443380157,0.072336217507177558,-0.061776452928706177,0.014924514737598843,0.48576857810968121,-2,-0.0073710073710073721,False,False,Under a maximum 5% modularity-loss budget; realised loss may be lower than 5%.
stage3a,xerces,19,budgeted_semantic_0.050,selected,0.00016229496764605917,0.0019242026078503563,0.0033443657533646768,0.00031631919482386084,-0.0014431436629731564,0,0,False,True,Under a maximum 5% modularity-loss budget; realised loss may be lower than 5%.
stage3a,xerces,20,budgeted_balance_0.050,selected,0.03566509541398926,0.079985462197648322,-0.065451328457635891,0.026283249460819558,0.48885956302070177,-2,-0.0098280098280098295,False,False,Under a maximum 5% modularity-loss budget; realised loss may be lower than 5%.
stage3a,xerces,20,budgeted_semantic_0.050,selected,0.037680873989451774,-0.003054850848658312,0.0098610998603336827,0.022890007189072609,-0.012564527002600911,0,-0.00122850122850123,False,False,Under a maximum 5% modularity-loss budget; realised loss may be lower than 5%.
stage3a,xerces,21,budgeted_balance_0.050,selected,0.044433176919003947,0.059793560051006861,-0.098309301759844217,0.033184759166067584,-4.8340315471232032,-1,-0.0085995085995086012,False,False,Under a maximum 5% modularity-loss budget; realised loss may be lower than 5%.
stage3a,xerces,21,budgeted_semantic_0.050,selected,0.0069854794417938239,0.0020598496745794421,2.5755740005529411e-06,0.0053774263120057453,-0.0036146781625134849,0,0,False,False,Under a maximum 5% modularity-loss budget; realised loss may be lower than 5%.
stage3a,xerces,22,budgeted_balance_0.050,selected,0.041901874438999114,0.12228513328577605,-0.13374091559319884,0.029475197699496775,0.81115360899039146,-3,-0.011056511056511058,False,False,Under a maximum 5% modularity-loss budget; realised loss may be lower than 5%.
stage3a,xerces,22,budgeted_semantic_0.050,selected,0.0013643230102217724,-0.0022447363594929625,0.010365911217172074,0.00080517613227892859,0.001212268929782212,0,0,False,True,Under a maximum 5% modularity-loss budget; realised loss may be lower than 5%.
stage3a,xerces,23,budgeted_balance_0.050,selected,0.010130367577888568,0.080749991959836218,-0.026420138187991458,0.0075629043853343014,0.7807560495873922,-3,-0.006142506142506143,False,False,Under a maximum 5% modularity-loss budget; realised loss may be lower than 5%.
stage3a,xerces,23,budgeted_semantic_0.050,selected,0.00052044030502706583,-0.0028658826678621802,0.0044566929297694411,0.00011502516175412869,-0.00050743567839894865,0,0,False,True,Under a maximum 5% modularity-loss budget; realised loss may be lower than 5%.
stage3a,xerces,24,budgeted_balance_0.050,selected,0.034194614779415052,0.041522269238429874,-0.046039346634720396,0.024701653486700226,-5.8934121583793733,-1,-0.006142506142506143,False,False,Under a maximum 5% modularity-loss budget; realised loss may be lower than 5%.
stage3a,xerces,24,budgeted_semantic_0.050,selected,-0.00079464244801206725,-5.4149275618214842e-05,0.0049895538283219144,-0.00017253774263120691,5.3322803804434216e-05,0,0,False,True,Under a maximum 5% modularity-loss budget; realised loss may be lower than 5%.
stage3a,xerces,25,budgeted_balance_0.050,selected,0.04643775515163797,0.076550546619240656,-0.067106505961617269,0.033846153846153831,-4.3743561261584061,-2,-0.0098280098280098295,False,False,Under a maximum 5% modularity-loss budget; realised loss may be lower than 5%.
stage3a,xerces,25,budgeted_semantic_0.050,selected,5.2485981530280233e-05,-0.00029778474142148345,0.0049556817821257001,2.8756290438525234e-05,0.00034739800999439296,0,0,False,True,Under a maximum 5% modularity-loss budget; realised loss may be lower than 5%.
stage3a,xerces,26,budgeted_balance_0.050,selected,0.0218437798607969,0.027842014934891662,-0.029024591097457506,0.014291876347951121,0.11193289604647028,-1,-0.006142506142506143,False,False,Under a maximum 5% modularity-loss budget; realised loss may be lower than 5%.
stage3a,xerces,26,budgeted_semantic_0.050,selected,0.0024915243874471444,0.023324511188157128,0.0094294314414484076,0.0012365204888569459,0.24508000907056804,-1,-0.00122850122850123,False,True,Under a maximum 5% modularity-loss budget; realised loss may be lower than 5%.
stage3a,xerces,27,budgeted_balance_0.050,selected,0.028909406755803991,0.059241000785858429,-0.033084644915485219,0.021365923795830327,-4.5306857731579226,-2,-0.0049140049140049148,False,False,Under a maximum 5% modularity-loss budget; realised loss may be lower than 5%.
stage3a,xerces,27,budgeted_semantic_0.050,selected,0.0013697881775037589,0.024210227401416561,0.010087368225057075,0.0010352264557872137,0.26901895591828051,-1,-0.00122850122850123,False,False,Under a maximum 5% modularity-loss budget; realised loss may be lower than 5%.
stage3a,xerces,28,budgeted_balance_0.050,selected,0.049371253692361436,0.045219905955457454,-0.071327427139825747,0.038389647735442123,0.1291746367962876,-1,-0.006142506142506143,False,False,Under a maximum 5% modularity-loss budget; realised loss may be lower than 5%.
stage3a,xerces,28,budgeted_semantic_0.050,selected,0.00026689066918960622,-0.0021366716139808156,0.0067146995909388579,0.00014378145219265392,0.0031475104895068995,0,0,False,True,Under a maximum 5% modularity-loss budget; realised loss may be lower than 5%.
stage3a,xerces,29,budgeted_balance_0.050,selected,0.030925095328511554,0.05526471849022907,-0.029990244889339886,0.021941049604600998,0.51791287945769326,-2,-0.006142506142506143,False,False,Under a maximum 5% modularity-loss budget; realised loss may be lower than 5%.
stage3a,xerces,29,budgeted_semantic_0.050,selected,0.00044454923209636576,-0.0015691404082133712,0.0034737793440440855,0.00023005032350825738,0.0020060420897429765,0,0,False,False,Under a maximum 5% modularity-loss budget; realised loss may be lower than 5%.
stage3b,jpetstore,0,budgeted_balance_0.050,selected,0.031602319664048611,0.4226497308103741,0.050736939407772401,0.022222222222222254,-0.5166666666666675,0,0,False,False,Under a maximum 5% modularity-loss budget; realised loss may be lower than 5%.
stage3b,jpetstore,0,budgeted_semantic_0.050,selected,0.011343184780135315,0.18350341907227391,0.090951864225554277,0,-0.50833333333333375,0,0,False,False,Under a maximum 5% modularity-loss budget; realised loss may be lower than 5%.
stage3b,jpetstore,1,budgeted_balance_0.050,selected,0.012536115459140486,0.4226497308103741,-0.040214924817782098,0.022222222222222254,-0.25833333333333375,0,0,False,False,Under a maximum 5% modularity-loss budget; realised loss may be lower than 5%.
stage3b,jpetstore,1,budgeted_semantic_0.050,selected,0.044752139345336159,-0.82574185835055391,0.039292749726941412,0.019753086419753096,1.301785714285713,0,0,False,False,Under a maximum 5% modularity-loss budget; realised loss may be lower than 5%.
stage3b,jpetstore,2,budgeted_balance_0.050,selected,0.029375056026368689,0.4226497308103741,-0.088249230481501906,0.012345679012345678,-0.78571428571428648,0,0,False,False,Under a maximum 5% modularity-loss budget; realised loss may be lower than 5%.
stage3b,jpetstore,2,budgeted_semantic_0.050,selected,0.011343184780135315,0.18350341907227391,0.090951864225554277,0,-0.50833333333333375,0,0,False,False,Under a maximum 5% modularity-loss budget; realised loss may be lower than 5%.
stage3b,jpetstore,3,budgeted_balance_0.050,selected,0.017983602374828593,1,-0.087957748147336645,0.022222222222222254,-0.57738095238095344,0,0,False,False,Under a maximum 5% modularity-loss budget; realised loss may be lower than 5%.
stage3b,jpetstore,3,budgeted_semantic_0.050,selected,0.011343184780135315,0.18350341907227391,0.090951864225554277,0,-0.50833333333333375,0,0,False,False,Under a maximum 5% modularity-loss budget; realised loss may be lower than 5%.
stage3b,jpetstore,4,budgeted_balance_0.050,selected,0,0,0,0,-8.8817841970012523e-16,0,0,True,True,Under a maximum 5% modularity-loss budget; realised loss may be lower than 5%.
stage3b,jpetstore,4,budgeted_semantic_0.050,selected,0.031822977361899395,-0.50000000000000033,0.0075265852722174549,0.06419753086419755,2.529285714285713,1,0,False,False,Under a maximum 5% modularity-loss budget; realised loss may be lower than 5%.
stage3b,jpetstore,5,budgeted_balance_0.050,selected,0,0,0,0,-8.8817841970012523e-16,0,0,True,True,Under a maximum 5% modularity-loss budget; realised loss may be lower than 5%.
stage3b,jpetstore,5,budgeted_semantic_0.050,selected,0.026168623854476335,-0.63299316185545251,0.055269408601771784,0.06419753086419755,2.8311904761904767,1,0,False,False,Under a maximum 5% modularity-loss budget; realised loss may be lower than 5%.
stage3b,jpetstore,6,budgeted_balance_0.050,selected,0.039270174664358976,0.4226497308103741,0.0031554594957945918,0.012345679012345678,-0.65238095238095273,0,0,False,False,Under a maximum 5% modularity-loss budget; realised loss may be lower than 5%.
stage3b,jpetstore,6,budgeted_semantic_0.050,selected,0.011343184780135315,0.18350341907227391,0.090951864225554277,0,-0.50833333333333375,0,0,False,False,Under a maximum 5% modularity-loss budget; realised loss may be lower than 5%.
stage3b,jpetstore,7,budgeted_balance_0.050,selected,0.029375056026368689,0.4226497308103741,-0.088249230481501906,0.012345679012345678,-0.78571428571428648,0,0,False,False,Under a maximum 5% modularity-loss budget; realised loss may be lower than 5%.
stage3b,jpetstore,7,budgeted_semantic_0.050,selected,0.027499465594638055,-0.41421356237309515,0.0016300684563680114,0.009876543209876576,1.0821428571428564,0,0,False,False,Under a maximum 5% modularity-loss budget; realised loss may be lower than 5%.
stage3b,jpetstore,8,budgeted_balance_0.050,selected,0,0,0,0,-8.8817841970012523e-16,0,0,True,True,Under a maximum 5% modularity-loss budget; realised loss may be lower than 5%.
stage3b,jpetstore,8,budgeted_semantic_0.050,selected,0.026168623854476335,-0.63299316185545251,0.055269408601771784,0.06419753086419755,2.8311904761904767,1,0,False,False,Under a maximum 5% modularity-loss budget; realised loss may be lower than 5%.
stage3b,jpetstore,9,budgeted_balance_0.050,selected,0.011343184780135315,0.18350341907227391,0.090951864225554277,0,-0.50833333333333375,0,0,False,False,Under a maximum 5% modularity-loss budget; realised loss may be lower than 5%.
stage3b,jpetstore,9,budgeted_semantic_0.050,selected,0.011343184780135315,0.18350341907227391,0.090951864225554277,0,-0.50833333333333375,0,0,False,False,Under a maximum 5% modularity-loss budget; realised loss may be lower than 5%.
stage3b,jpetstore,10,budgeted_balance_0.050,selected,0.039270174664358976,0.4226497308103741,0.0031554594957945918,0.012345679012345678,-0.65238095238095273,0,0,False,False,Under a maximum 5% modularity-loss budget; realised loss may be lower than 5%.
stage3b,jpetstore,10,budgeted_semantic_0.050,selected,0.047117314044173006,-0.29099444873580588,0.049839580500017119,0.019753086419753096,-0.18511904761904852,0,0,False,False,Under a maximum 5% modularity-loss budget; realised loss may be lower than 5%.
stage3b,jpetstore,11,budgeted_balance_0.050,selected,0.0032409099371815543,0.4226497308103741,-0.047742823329554547,0,-0.66071428571428648,0,0,False,False,Under a maximum 5% modularity-loss budget; realised loss may be lower than 5%.
stage3b,jpetstore,11,budgeted_semantic_0.050,selected,0.045676143455085895,-0.29099444873580588,0.12995893088697802,0.014814814814814836,-0.3422619047619051,0,0,False,False,Under a maximum 5% modularity-loss budget; realised loss may be lower than 5%.
stage3b,jpetstore,12,budgeted_balance_0.050,selected,0.011343184780135315,0.18350341907227391,0.090951864225554277,0,-0.50833333333333375,0,0,False,True,Under a maximum 5% modularity-loss budget; realised loss may be lower than 5%.
stage3b,jpetstore,12,budgeted_semantic_0.050,selected,0.045676143455085895,-0.29099444873580588,0.12995893088697802,0.014814814814814836,-0.3422619047619051,0,0,False,False,Under a maximum 5% modularity-loss budget; realised loss may be lower than 5%.
stage3b,jpetstore,13,budgeted_balance_0.050,selected,0.0032409099371815543,0.4226497308103741,-0.047742823329554547,0,-0.66071428571428648,0,0,False,False,Under a maximum 5% modularity-loss budget; realised loss may be lower than 5%.
stage3b,jpetstore,13,budgeted_semantic_0.050,selected,0.045676143455085895,-0.29099444873580588,0.12995893088697802,0.014814814814814836,-0.3422619047619051,0,0,False,False,Under a maximum 5% modularity-loss budget; realised loss may be lower than 5%.
stage3b,jpetstore,14,budgeted_balance_0.050,selected,0.041504333855096942,0.4226497308103741,-0.033678396939986137,0.032098765432098775,-0.58333333333333393,0,0,False,False,Under a maximum 5% modularity-loss budget; realised loss may be lower than 5%.
stage3b,jpetstore,14,budgeted_semantic_0.050,selected,0.045676143455085895,-0.29099444873580588,0.12995893088697802,0.014814814814814836,-0.3422619047619051,0,0,False,False,Under a maximum 5% modularity-loss budget; realised loss may be lower than 5%.
stage3b,jpetstore,15,budgeted_balance_0.050,selected,0.017983602374828593,1,-0.087957748147336645,0.022222222222222254,-0.57738095238095344,0,0,False,False,Under a maximum 5% modularity-loss budget; realised loss may be lower than 5%.
stage3b,jpetstore,15,budgeted_semantic_0.050,selected,0.026168623854476335,-0.63299316185545251,0.055269408601771784,0.06419753086419755,2.8311904761904767,1,0,False,False,Under a maximum 5% modularity-loss budget; realised loss may be lower than 5%.
stage3b,jpetstore,16,budgeted_balance_0.050,selected,0.032422890477930746,1,0.009096966405044123,0.022222222222222254,-0.57738095238095255,0,0,False,False,Under a maximum 5% modularity-loss budget; realised loss may be lower than 5%.
stage3b,jpetstore,16,budgeted_semantic_0.050,selected,0.011343184780135315,0.18350341907227391,0.090951864225554277,0,-0.50833333333333375,0,0,False,False,Under a maximum 5% modularity-loss budget; realised loss may be lower than 5%.
stage3b,jpetstore,17,budgeted_balance_0.050,selected,0.011343184780135315,0.18350341907227391,0.090951864225554277,0,-0.50833333333333375,0,0,False,False,Under a maximum 5% modularity-loss budget; realised loss may be lower than 5%.
stage3b,jpetstore,17,budgeted_semantic_0.050,selected,0.011343184780135315,0.18350341907227391,0.090951864225554277,0,-0.50833333333333375,0,0,False,False,Under a maximum 5% modularity-loss budget; realised loss may be lower than 5%.
stage3b,jpetstore,18,budgeted_balance_0.050,selected,0,0,0,0,-8.8817841970012523e-16,0,0,True,True,Under a maximum 5% modularity-loss budget; realised loss may be lower than 5%.
stage3b,jpetstore,18,budgeted_semantic_0.050,selected,0.045676143455085895,-0.29099444873580588,0.12995893088697802,0.014814814814814836,-0.3422619047619051,0,0,False,False,Under a maximum 5% modularity-loss budget; realised loss may be lower than 5%.
stage3b,jpetstore,19,budgeted_balance_0.050,selected,0.012536115459140486,0.4226497308103741,-0.040214924817782098,0.022222222222222254,-0.25833333333333375,0,0,False,False,Under a maximum 5% modularity-loss budget; realised loss may be lower than 5%.
stage3b,jpetstore,19,budgeted_semantic_0.050,selected,0.011343184780135315,0.18350341907227391,0.090951864225554277,0,-0.50833333333333375,0,0,False,False,Under a maximum 5% modularity-loss budget; realised loss may be lower than 5%.
stage3b,jpetstore,20,budgeted_balance_0.050,selected,0.0032409099371815543,0.4226497308103741,-0.047742823329554547,0,-0.66071428571428648,0,0,False,False,Under a maximum 5% modularity-loss budget; realised loss may be lower than 5%.
stage3b,jpetstore,20,budgeted_semantic_0.050,selected,0.011343184780135315,0.18350341907227391,0.090951864225554277,0,-0.50833333333333375,0,0,False,False,Under a maximum 5% modularity-loss budget; realised loss may be lower than 5%.
stage3b,jpetstore,21,budgeted_balance_0.050,selected,0.017983602374828593,1,-0.087957748147336645,0.022222222222222254,-0.57738095238095344,0,0,False,False,Under a maximum 5% modularity-loss budget; realised loss may be lower than 5%.
stage3b,jpetstore,21,budgeted_semantic_0.050,selected,0.045676143455085895,-0.29099444873580588,0.12995893088697802,0.014814814814814836,-0.3422619047619051,0,0,False,False,Under a maximum 5% modularity-loss budget; realised loss may be lower than 5%.
stage3b,jpetstore,22,budgeted_balance_0.050,selected,0,0,0,0,-8.8817841970012523e-16,0,0,True,True,Under a maximum 5% modularity-loss budget; realised loss may be lower than 5%.
stage3b,jpetstore,22,budgeted_semantic_0.050,selected,0.045676143455085895,-0.29099444873580588,0.12995893088697802,0.014814814814814836,-0.3422619047619051,0,0,False,False,Under a maximum 5% modularity-loss budget; realised loss may be lower than 5%.
stage3b,jpetstore,23,budgeted_balance_0.050,selected,0.011343184780135315,0.18350341907227391,0.090951864225554277,0,-0.50833333333333375,0,0,False,False,Under a maximum 5% modularity-loss budget; realised loss may be lower than 5%.
stage3b,jpetstore,23,budgeted_semantic_0.050,selected,0.045676143455085895,-0.29099444873580588,0.12995893088697802,0.014814814814814836,-0.3422619047619051,0,0,False,False,Under a maximum 5% modularity-loss budget; realised loss may be lower than 5%.
stage3b,jpetstore,24,budgeted_balance_0.050,selected,0.011343184780135315,0.18350341907227391,0.090951864225554277,0,-0.50833333333333375,0,0,False,False,Under a maximum 5% modularity-loss budget; realised loss may be lower than 5%.
stage3b,jpetstore,24,budgeted_semantic_0.050,selected,0.011343184780135315,0.18350341907227391,0.090951864225554277,0,-0.50833333333333375,0,0,False,False,Under a maximum 5% modularity-loss budget; realised loss may be lower than 5%.
stage3b,jpetstore,25,budgeted_balance_0.050,selected,0.011343184780135315,0.18350341907227391,0.090951864225554277,0,-0.50833333333333375,0,0,False,False,Under a maximum 5% modularity-loss budget; realised loss may be lower than 5%.
stage3b,jpetstore,25,budgeted_semantic_0.050,selected,0.045676143455085895,-0.29099444873580588,0.12995893088697802,0.014814814814814836,-0.3422619047619051,0,0,False,False,Under a maximum 5% modularity-loss budget; realised loss may be lower than 5%.
stage3b,jpetstore,26,budgeted_balance_0.050,selected,0.012536115459140486,0.4226497308103741,-0.040214924817782098,0.022222222222222254,-0.25833333333333375,0,0,False,False,Under a maximum 5% modularity-loss budget; realised loss may be lower than 5%.
stage3b,jpetstore,26,budgeted_semantic_0.050,selected,0.011343184780135315,0.18350341907227391,0.090951864225554277,0,-0.50833333333333375,0,0,False,False,Under a maximum 5% modularity-loss budget; realised loss may be lower than 5%.
stage3b,jpetstore,27,budgeted_balance_0.050,selected,0.011343184780135315,0.18350341907227391,0.090951864225554277,0,-0.50833333333333375,0,0,False,False,Under a maximum 5% modularity-loss budget; realised loss may be lower than 5%.
stage3b,jpetstore,27,budgeted_semantic_0.050,selected,0.011343184780135315,0.18350341907227391,0.090951864225554277,0,-0.50833333333333375,0,0,False,False,Under a maximum 5% modularity-loss budget; realised loss may be lower than 5%.
stage3b,jpetstore,28,budgeted_balance_0.050,selected,0.029375056026368689,0.4226497308103741,-0.088249230481501906,0.012345679012345678,-0.78571428571428648,0,0,False,False,Under a maximum 5% modularity-loss budget; realised loss may be lower than 5%.
stage3b,jpetstore,28,budgeted_semantic_0.050,selected,0.045676143455085895,-0.29099444873580588,0.12995893088697802,0.014814814814814836,-0.3422619047619051,0,0,False,False,Under a maximum 5% modularity-loss budget; realised loss may be lower than 5%.
stage3b,jpetstore,29,budgeted_balance_0.050,selected,0.017983602374828593,1,-0.087957748147336645,0.022222222222222254,-0.57738095238095344,0,0,False,False,Under a maximum 5% modularity-loss budget; realised loss may be lower than 5%.
stage3b,jpetstore,29,budgeted_semantic_0.050,selected,0.045676143455085895,-0.29099444873580588,0.12995893088697802,0.014814814814814836,-0.3422619047619051,0,0,False,False,Under a maximum 5% modularity-loss budget; realised loss may be lower than 5%.
stage3b,daytrader,0,budgeted_balance_0.050,selected,0.035770665818955882,0.050140987905497966,-0.033509728488347969,0.012453874538745413,0.73065116701480459,-1,-0.018867924528301883,False,False,Under a maximum 5% modularity-loss budget; realised loss may be lower than 5%.
stage3b,daytrader,0,budgeted_semantic_0.050,selected,0.035770665818955882,0.050140987905497966,-0.033509728488347969,0.012453874538745413,0.73065116701480459,-1,-0.018867924528301883,False,False,Under a maximum 5% modularity-loss budget; realised loss may be lower than 5%.
stage3b,daytrader,1,budgeted_balance_0.050,selected,0.039261573956488237,0.29732653387224017,-0.028492940728913896,0.018911439114391138,1.2187223550859914,-2,-0.075471698113207544,False,False,Under a maximum 5% modularity-loss budget; realised loss may be lower than 5%.
stage3b,daytrader,1,budgeted_semantic_0.050,selected,0.035986963168821835,0.21112648125860581,-0.0075643239680265421,0.015221402214022128,1.8324234687871064,-2,-0.056603773584905662,False,False,Under a maximum 5% modularity-loss budget; realised loss may be lower than 5%.
stage3b,daytrader,5,budgeted_balance_0.050,selected,0.034884829854277953,0.092688429637158246,-0.027463163082884875,0.015682656826568275,-1.987412587412587,0,0,False,True,Under a maximum 5% modularity-loss budget; realised loss may be lower than 5%.
stage3b,daytrader,5,budgeted_semantic_0.050,selected,0.043180160944891792,0.060775395795628934,0.010939153465525915,0.0073800738007380184,-1.8666454757363846,0,0,False,False,Under a maximum 5% modularity-loss budget; realised loss may be lower than 5%.
stage3b,daytrader,6,budgeted_balance_0.050,selected,0.032421989575123218,0.060775395795628934,-0.040063918301174339,0.011992619926199266,-0.11750623114259362,0,-0.018867924528301883,False,True,Under a maximum 5% modularity-loss budget; realised loss may be lower than 5%.
stage3b,daytrader,6,budgeted_semantic_0.050,selected,0.032421989575123218,0.060775395795628934,-0.040063918301174339,0.011992619926199266,-0.11750623114259362,0,-0.018867924528301883,False,True,Under a maximum 5% modularity-loss budget; realised loss may be lower than 5%.
stage3b,daytrader,7,budgeted_balance_0.050,selected,0.0087312030229193295,-0.033803656406766795,0.038402316548410788,-0.0083025830258302569,0.13446553446553455,0,0,False,True,Under a maximum 5% modularity-loss budget; realised loss may be lower than 5%.
stage3b,daytrader,7,budgeted_semantic_0.050,selected,0.0087312030229193295,-0.033803656406766795,0.038402316548410788,-0.0083025830258302569,0.13446553446553455,0,0,False,True,Under a maximum 5% modularity-loss budget; realised loss may be lower than 5%.
stage3b,daytrader,9,budgeted_balance_0.050,selected,0.0096671806459753123,0.13371688890327044,0.031801084432966115,0.0046125461254612476,0.48548522184885812,-1,-0.037735849056603772,False,True,Under a maximum 5% modularity-loss budget; realised loss may be lower than 5%.
stage3b,daytrader,9,budgeted_semantic_0.050,selected,0.0096671806459753123,0.13371688890327044,0.031801084432966115,0.0046125461254612476,0.48548522184885812,-1,-0.037735849056603772,False,True,Under a maximum 5% modularity-loss budget; realised loss may be lower than 5%.
stage3b,daytrader,10,budgeted_balance_0.050,selected,0.010462237268361135,0.27327790731256824,0.060255846257892764,0.0041512915129151007,1.8800170788807149,-3,-0.056603773584905662,False,True,Under a maximum 5% modularity-loss budget; realised loss may be lower than 5%.
stage3b,daytrader,10,budgeted_semantic_0.050,selected,0.010462237268361135,0.27327790731256824,0.060255846257892764,0.0041512915129151007,1.8800170788807149,-3,-0.056603773584905662,False,True,Under a maximum 5% modularity-loss budget; realised loss may be lower than 5%.
stage3b,daytrader,11,budgeted_balance_0.050,selected,0.029593082417483391,0.28037708287107549,0.002365594532385273,0.017988929889298899,-0.47083993447629791,-2,-0.056603773584905662,False,True,Under a maximum 5% modularity-loss budget; realised loss may be lower than 5%.
stage3b,daytrader,11,budgeted_semantic_0.050,selected,0.029593082417483391,0.28037708287107549,0.002365594532385273,0.017988929889298899,-0.47083993447629791,-2,-0.056603773584905662,False,True,Under a maximum 5% modularity-loss budget; realised loss may be lower than 5%.
stage3b,daytrader,14,budgeted_balance_0.050,selected,0,0.13345925823256455,0.013674640748186756,0,1.0771324634961008,-2,-0.037735849056603772,False,True,Under a maximum 5% modularity-loss budget; realised loss may be lower than 5%.
stage3b,daytrader,14,budgeted_semantic_0.050,selected,0,0.13345925823256455,0.013674640748186756,0,1.0771324634961008,-2,-0.037735849056603772,False,True,Under a maximum 5% modularity-loss budget; realised loss may be lower than 5%.
stage3b,daytrader,15,budgeted_balance_0.050,selected,0.038299378472842406,0.092688429637158246,-0.0080590420366502772,0.010608856088560881,-1.4290235017507742,0,-0.018867924528301883,False,False,Under a maximum 5% modularity-loss budget; realised loss may be lower than 5%.
stage3b,daytrader,15,budgeted_semantic_0.050,selected,0.0087312030229193295,-0.033803656406766795,0.038402316548410788,-0.0083025830258302569,0.13446553446553455,0,0,False,True,Under a maximum 5% modularity-loss budget; realised loss may be lower than 5%.
stage3b,daytrader,16,budgeted_balance_0.050,selected,0.03874737616567063,0.13810839262866545,-0.047748330106146437,0.0069188191881918715,1.5890557254193611,-2,-0.056603773584905662,False,False,Under a maximum 5% modularity-loss budget; realised loss may be lower than 5%.
stage3b,daytrader,16,budgeted_semantic_0.050,selected,0,0.10332957161348442,0,0,0.65407774044137756,-1,-0.037735849056603772,False,True,Under a maximum 5% modularity-loss budget; realised loss may be lower than 5%.
stage3b,daytrader,17,budgeted_balance_0.050,selected,0.011802953114272216,0.069130590714864243,0.037608718488732221,0.0069188191881918715,0.46213634849998542,-1,-0.018867924528301883,False,False,Under a maximum 5% modularity-loss budget; realised loss may be lower than 5%.
stage3b,daytrader,17,budgeted_semantic_0.050,selected,0.0038219086274786239,0.036144275763816805,0.05699385338909576,0.00092250922509223843,0.72891290527654196,-1,-0.018867924528301883,False,True,Under a maximum 5% modularity-loss budget; realised loss may be lower than 5%.
stage3b,daytrader,18,budgeted_balance_0.050,selected,0.035874226368285571,0.11460259124584538,0.01114627990072236,0.017066420664206661,-0.01959151959151928,0,-0.018867924528301883,False,True,Under a maximum 5% modularity-loss budget; realised loss may be lower than 5%.
stage3b,daytrader,18,budgeted_semantic_0.050,selected,0.035874226368285571,0.11460259124584538,0.01114627990072236,0.017066420664206661,-0.01959151959151928,0,-0.018867924528301883,False,True,Under a maximum 5% modularity-loss budget; realised loss may be lower than 5%.
stage3b,daytrader,19,budgeted_balance_0.050,selected,0.037360123617212845,0.11839229650760019,-0.065813651147409349,0.01429889298892989,0.23557846194209908,-1,-0.037735849056603772,False,True,Under a maximum 5% modularity-loss budget; realised loss may be lower than 5%.
stage3b,daytrader,19,budgeted_semantic_0.050,selected,0.037360123617212845,0.11839229650760019,-0.065813651147409349,0.01429889298892989,0.23557846194209908,-1,-0.037735849056603772,False,True,Under a maximum 5% modularity-loss budget; realised loss may be lower than 5%.
stage3b,daytrader,23,budgeted_balance_0.050,selected,0.045315277966673839,0.026924977198571537,0.035709298590154863,0.011070110701107028,0.64272242908606714,-1,-0.018867924528301883,False,True,Under a maximum 5% modularity-loss budget; realised loss may be lower than 5%.
stage3b,daytrader,23,budgeted_semantic_0.050,selected,0.045315277966673839,0.026924977198571537,0.035709298590154863,0.011070110701107028,0.64272242908606714,-1,-0.018867924528301883,False,True,Under a maximum 5% modularity-loss budget; realised loss may be lower than 5%.
stage3b,daytrader,25,budgeted_balance_0.050,selected,0,0.27820907261372219,0.014384248152669782,0,2.0526749765386141,-3,-0.056603773584905662,False,True,Under a maximum 5% modularity-loss budget; realised loss may be lower than 5%.
stage3b,daytrader,25,budgeted_semantic_0.050,selected,0.036385802373044111,0.045218798437493705,0.024937260505789732,0.0096863468634686423,0.26193150284059374,0,-0.018867924528301883,False,False,Under a maximum 5% modularity-loss budget; realised loss may be lower than 5%.
stage3b,daytrader,26,budgeted_balance_0.050,selected,0.0045553532774785148,0.17624552895208606,-0.013218950099442534,0.0018450184501844769,-0.94710996074632359,-2,-0.037735849056603772,False,True,Under a maximum 5% modularity-loss budget; realised loss may be lower than 5%.
stage3b,daytrader,26,budgeted_semantic_0.050,selected,0.028709868238864532,0.14931750089371504,0.060478674150830532,0.032749077490774881,0.47903500539864208,-1,-0.037735849056603772,False,False,Under a maximum 5% modularity-loss budget; realised loss may be lower than 5%.
stage3b,daytrader,27,budgeted_balance_0.050,selected,0.033109880692348173,0.14931750089371504,-0.0018318998151211309,0.013837638376383743,0.52805376441740126,-1,-0.037735849056603772,False,False,Under a maximum 5% modularity-loss budget; realised loss may be lower than 5%.
stage3b,daytrader,27,budgeted_semantic_0.050,selected,0.033109880692348173,0.14931750089371504,-0.0018318998151211309,0.013837638376383743,0.52805376441740126,-1,-0.037735849056603772,False,False,Under a maximum 5% modularity-loss budget; realised loss may be lower than 5%.
stage3b,daytrader,28,budgeted_balance_0.050,selected,0,0.10332957161348442,0,0,0.65407774044137756,-1,-0.037735849056603772,False,False,Under a maximum 5% modularity-loss budget; realised loss may be lower than 5%.
stage3b,daytrader,28,budgeted_semantic_0.050,selected,0,0.10332957161348442,0,0,0.65407774044137756,-1,-0.037735849056603772,False,False,Under a maximum 5% modularity-loss budget; realised loss may be lower than 5%.
stage3b,xerces,0,budgeted_balance_0.050,selected,0.045476736986073074,0.073839133654952427,-0.10857810944994234,0.031861969805895035,-6.8008560161012603,-2,-0.0098280098280098295,False,False,Under a maximum 5% modularity-loss budget; realised loss may be lower than 5%.
stage3b,xerces,0,budgeted_semantic_0.050,selected,0.0026676491534058412,0.022975813138548344,0.0033415021718517656,0.0014953271028037285,0.243139852348774,-1,-0.0024570024570024582,False,True,Under a maximum 5% modularity-loss budget; realised loss may be lower than 5%.
stage3b,xerces,1,budgeted_balance_0.050,selected,0.048056085936720304,0.081611205324245942,-0.093201065264049449,0.03459381739755571,-4.3108918597864996,-2,-0.0098280098280098295,False,False,Under a maximum 5% modularity-loss budget; realised loss may be lower than 5%.
stage3b,xerces,1,budgeted_semantic_0.050,selected,0,0.02262723949420958,0.0031418271449038674,0,0.2684152575551817,-1,-0.00122850122850123,False,True,Under a maximum 5% modularity-loss budget; realised loss may be lower than 5%.
stage3b,xerces,2,budgeted_balance_0.050,selected,0.049130540699437605,0.10939593022010985,-0.094357285390701401,0.036002875629043862,-5.8674704909212556,-3,-0.013513513513513514,False,False,Under a maximum 5% modularity-loss budget; realised loss may be lower than 5%.
stage3b,xerces,2,budgeted_semantic_0.050,selected,0.0015230803695861629,-0.0034326804498101965,0.010991353483924146,0.00080517613227892859,0.0022988679117510458,0,0,False,True,Under a maximum 5% modularity-loss budget; realised loss may be lower than 5%.
stage3b,xerces,3,budgeted_balance_0.050,selected,0.027739037807273416,0.078173074284996147,-0.043459829790965229,0.018921639108554988,0.83110761745938078,-3,-0.0036855036855036865,False,False,Under a maximum 5% modularity-loss budget; realised loss may be lower than 5%.
stage3b,xerces,3,budgeted_semantic_0.050,selected,0.0014325063472287666,-0.0011365197369436659,0.0029261989862314954,0.00051761322789359299,-0.00065497550142090688,0,0,False,True,Under a maximum 5% modularity-loss budget; realised loss may be lower than 5%.
stage3b,xerces,4,budgeted_balance_0.050,selected,0.049608124067667438,0.08362671003135394,-0.1000739457855173,0.036721782890007187,-7.1215637039502244,-2,-0.0098280098280098295,False,False,Under a maximum 5% modularity-loss budget; realised loss may be lower than 5%.
stage3b,xerces,4,budgeted_semantic_0.050,selected,4.5376388915137663e-06,0.0014902558277043836,0.0037625088758327287,5.7512580877078223e-05,0.00018079126936321188,0,0,False,True,Under a maximum 5% modularity-loss budget; realised loss may be lower than 5%.
stage3b,xerces,5,budgeted_balance_0.050,selected,0.045019169230495974,0.066321617207580341,-0.049822578337329039,0.031804457225017985,0.51355437709754348,-2,-0.0085995085995086012,False,False,Under a maximum 5% modularity-loss budget; realised loss may be lower than 5%.
stage3b,xerces,5,budgeted_semantic_0.050,selected,0.0015374233086057,0.0014360257397606328,0.0034123299650195837,0.0011502516175413424,0.0023537449283015377,0,-0.00122850122850123,False,True,Under a maximum 5% modularity-loss budget; realised loss may be lower than 5%.
stage3b,xerces,6,budgeted_balance_0.050,selected,0.03932443429677826,0.065616562499297038,-0.021779876299679753,0.030424155283968357,0.62175479067906281,-2,-0.0085995085995086012,False,False,Under a maximum 5% modularity-loss budget; realised loss may be lower than 5%.
stage3b,xerces,6,budgeted_semantic_0.050,selected,0.0057360736990457583,-0.00048723797479215125,0.0056614427022607756,0.0036520488856937317,-0.0036144803745052911,0,0,False,False,Under a maximum 5% modularity-loss budget; realised loss may be lower than 5%.
stage3b,xerces,7,budgeted_balance_0.050,selected,0.044732459829679931,0.094338346188909725,-0.058143639001738127,0.035226455787203459,-6.6625679009406911,-3,-0.0085995085995086012,False,False,Under a maximum 5% modularity-loss budget; realised loss may be lower than 5%.
stage3b,xerces,7,budgeted_semantic_0.050,selected,0.0043510381798398667,-0.0015421070910384784,0.011551653087644446,0.0028756290438533283,0.00128151136836685,0,0,False,True,Under a maximum 5% modularity-loss budget; realised loss may be lower than 5%.
stage3b,xerces,8,budgeted_balance_0.050,selected,0.030309990875933265,0.040074498007718048,-0.034791564450900835,0.022372393961179016,-5.7188647631437517,-1,-0.0073710073710073721,False,False,Under a maximum 5% modularity-loss budget; realised loss may be lower than 5%.
stage3b,xerces,8,budgeted_semantic_0.050,selected,0.00013611729138012131,-0.00043311214046049576,0.0066988841235804319,0.00011502516175412869,0.00080245784471166814,0,0,False,True,Under a maximum 5% modularity-loss budget; realised loss may be lower than 5%.
stage3b,xerces,9,budgeted_balance_0.050,selected,0.041913487919473316,0.11581704484884142,-0.11166451939874629,0.030165348670021574,-4.4752433702267789,-3,-0.012285012285012286,False,False,Under a maximum 5% modularity-loss budget; realised loss may be lower than 5%.
stage3b,xerces,9,budgeted_semantic_0.050,selected,0.0065454878492012761,-0.00313582631470959,0.004244378636153642,0.0031919482386772169,-0.001989316227206217,0,0,False,True,Under a maximum 5% modularity-loss budget; realised loss may be lower than 5%.
stage3b,xerces,10,budgeted_balance_0.050,selected,0.039633863768027619,0.057304498220679491,-0.03731590880334431,0.030424155283968357,-4.3786343261537635,-2,-0.006142506142506143,False,False,Under a maximum 5% modularity-loss budget; realised loss may be lower than 5%.
stage3b,xerces,10,budgeted_semantic_0.050,selected,0.0012817117315939129,0.00067711351248559088,0.0038132651118482114,0.0010927390366642642,-0.0016861339609999249,0,0,False,True,Under a maximum 5% modularity-loss budget; realised loss may be lower than 5%.
stage3b,xerces,11,budgeted_balance_0.050,selected,0.030990242322579662,0.10506791096353524,-0.091210549067980887,0.022947519769949687,-5.7314307761082466,-3,-0.012285012285012286,False,False,Under a maximum 5% modularity-loss budget; realised loss may be lower than 5%.
stage3b,xerces,11,budgeted_semantic_0.050,selected,8.6812657226800579e-05,0.024801151790352409,0.0029734559288139544,5.7512580877078223e-05,0.27172396101409113,-1,-0.0024570024570024582,False,False,Under a maximum 5% modularity-loss budget; realised loss may be lower than 5%.
stage3b,xerces,12,budgeted_balance_0.050,selected,0.046268672476228664,0.080803200295402097,-0.02743684237978293,0.0295039539899353,0.84024268899044863,-3,-0.0036855036855036865,False,False,Under a maximum 5% modularity-loss budget; realised loss may be lower than 5%.
stage3b,xerces,12,budgeted_semantic_0.050,selected,0.0026093611192819876,0.024613091560880582,0.0065431107844596869,0.0016391085549964102,0.27631725287707809,-1,-0.0036855036855036865,False,False,Under a maximum 5% modularity-loss budget; realised loss may be lower than 5%.
stage3b,xerces,13,budgeted_balance_0.050,selected,0.017353043654974892,0.091050004918583741,-0.066242385021530167,0.01276779295470884,-4.3831614825042786,-3,-0.0085995085995086012,False,False,Under a maximum 5% modularity-loss budget; realised loss may be lower than 5%.
stage3b,xerces,13,budgeted_semantic_0.050,selected,0,0.050157767357782684,0,0,0.54942916258144336,-2,-0.0024570024570024582,False,True,Under a maximum 5% modularity-loss budget; realised loss may be lower than 5%.
stage3b,xerces,14,budgeted_balance_0.050,selected,0.019356931866488195,0.038547146129808738,-0.060641664473428329,0.013687994248741925,-5.9497269215932871,-1,-0.006142506142506143,False,False,Under a maximum 5% modularity-loss budget; realised loss may be lower than 5%.
stage3b,xerces,14,budgeted_semantic_0.050,selected,0.00047066815656375408,0.00010830734862210951,0.007016856357277894,0.00017253774263120691,-0.0010192851504324807,0,0,False,True,Under a maximum 5% modularity-loss budget; realised loss may be lower than 5%.
stage3b,xerces,15,budgeted_balance_0.050,selected,0.043385172340893827,0.10070633296986638,-0.074635833392484627,0.031948238677210639,-5.495378511500542,-3,-0.0073710073710073721,False,False,Under a maximum 5% modularity-loss budget; realised loss may be lower than 5%.
stage3b,xerces,15,budgeted_semantic_0.050,selected,0.031220234987367628,-2.7075004316964572e-05,0.0091937764365522343,0.019468008626887134,-0.011663276788937083,0,0,False,False,Under a maximum 5% modularity-loss budget; realised loss may be lower than 5%.
stage3b,xerces,16,budgeted_balance_0.050,selected,0.039216617871652155,0.10095111009772946,-0.12527286410913993,0.028037383177570097,-5.6637080557441362,-3,-0.012285012285012286,False,False,Under a maximum 5% modularity-loss budget; realised loss may be lower than 5%.
stage3b,xerces,16,budgeted_semantic_0.050,selected,0.0010874082842081659,-0.0018124074362733625,0.0044777475460794644,0.00046010064701654252,0.00089927576212645022,0,0,False,True,Under a maximum 5% modularity-loss budget; realised loss may be lower than 5%.
stage3b,xerces,17,budgeted_balance_0.050,selected,0.035485183657115199,0.093043149948224185,-0.021051325914874745,0.028756290438533422,0.8389599739942124,-3,-0.011056511056511058,False,False,Under a maximum 5% modularity-loss budget; realised loss may be lower than 5%.
stage3b,xerces,17,budgeted_semantic_0.050,selected,0.012757187356558343,-0.0024338216322027022,0.0029085195601391244,0.0037095614665708099,-0.0063524070499685337,0,0,False,False,Under a maximum 5% modularity-loss budget; realised loss may be lower than 5%.
stage3b,xerces,18,budgeted_balance_0.050,selected,0.029453279028054277,0.11707739264528418,-0.072517492796970368,0.02251617541337167,-5.5893551044831682,-4,-0.011056511056511058,False,False,Under a maximum 5% modularity-loss budget; realised loss may be lower than 5%.
stage3b,xerces,18,budgeted_semantic_0.050,selected,0.0032256224822721446,0.025634426255366511,0.006316287359708293,0.0020416966211358745,0.28779994132870357,-1,-0.0036855036855036865,False,True,Under a maximum 5% modularity-loss budget; realised loss may be lower than 5%.
stage3b,xerces,19,budgeted_balance_0.050,selected,0.020945622994337703,0.049648489731981167,-0.053459031954496923,0.016448598130841124,-5.7128971782891309,-1,-0.006142506142506143,False,False,Under a maximum 5% modularity-loss budget; realised loss may be lower than 5%.
stage3b,xerces,19,budgeted_semantic_0.050,selected,0.00018770199532337886,0.00013538601891340752,0.0088694152324282991,0.00031631919482386084,0.00052853755302173511,0,0,False,True,Under a maximum 5% modularity-loss budget; realised loss may be lower than 5%.
stage3b,xerces,20,budgeted_balance_0.050,selected,0.044351275037089764,0.09504068480777958,-0.064947714014226193,0.030337886412652754,-6.8957283821374942,-3,-0.0098280098280098295,False,False,Under a maximum 5% modularity-loss budget; realised loss may be lower than 5%.
stage3b,xerces,20,budgeted_semantic_0.050,selected,9.9403042601962052e-06,0.00037912706049758528,0.0074492848562826477,0,-0.00086919219381442758,0,0,False,True,Under a maximum 5% modularity-loss budget; realised loss may be lower than 5%.
stage3b,xerces,21,budgeted_balance_0.050,selected,0.044056520390018401,0.078087806348191388,-0.11988581267182206,0.032350826743350103,0.31995294064337187,-2,-0.0098280098280098295,False,False,Under a maximum 5% modularity-loss budget; realised loss may be lower than 5%.
stage3b,xerces,21,budgeted_semantic_0.050,selected,0.0059476282994675791,-0.0022177212655036934,0.0013229900493397649,0.0037958303378864133,-0.024665872937157829,0,0,False,True,Under a maximum 5% modularity-loss budget; realised loss may be lower than 5%.
stage3b,xerces,22,budgeted_balance_0.050,selected,0.017376736255175738,0.090834791505320922,-0.04033018721259779,0.01112868439971243,-7.0364113265144512,-3,-0.0073710073710073721,False,False,Under a maximum 5% modularity-loss budget; realised loss may be lower than 5%.
stage3b,xerces,22,budgeted_semantic_0.050,selected,0.0004536701362756303,-0.00043311214046049576,0.0044638288799976594,0.00031631919482386084,0.00072321623889060049,0,0,False,True,Under a maximum 5% modularity-loss budget; realised loss may be lower than 5%.
stage3b,xerces,23,budgeted_balance_0.050,selected,0.045871977833901532,0.11801269490114014,-0.087780255433006465,0.032034507548526242,-6.8708232119709596,-4,-0.0098280098280098295,False,False,Under a maximum 5% modularity-loss budget; realised loss may be lower than 5%.
stage3b,xerces,23,budgeted_semantic_0.050,selected,0.0040000186855718885,-0.0025148472602359731,0.0048890165212967258,0.0022429906542056066,-0.0013725447019297121,0,0,False,False,Under a maximum 5% modularity-loss budget; realised loss may be lower than 5%.
stage3b,xerces,24,budgeted_balance_0.050,selected,0.022421194409734432,0.061208477358061793,-0.06736530444871866,0.016304816678648443,-6.3954968320663363,-2,-0.0073710073710073721,False,False,Under a maximum 5% modularity-loss budget; realised loss may be lower than 5%.
stage3b,xerces,24,budgeted_semantic_0.050,selected,-0.00079464244801206725,0.025715103541066559,0.00620388499192748,-0.00017253774263120691,0.26901394477004459,-1,-0.0024570024570024582,False,True,Under a maximum 5% modularity-loss budget; realised loss may be lower than 5%.
stage3b,xerces,25,budgeted_balance_0.050,selected,0.020204646563975494,0.09088859008232307,-0.038131536601212393,0.013975557153127233,-4.3814530037851949,-3,-0.0049140049140049148,False,False,Under a maximum 5% modularity-loss budget; realised loss may be lower than 5%.
stage3b,xerces,25,budgeted_semantic_0.050,selected,0.00027039327640011987,0.052961845204613105,0.0087891681529175762,0.00017253774263120691,0.55943851818930845,-2,-0.0049140049140049148,False,False,Under a maximum 5% modularity-loss budget; realised loss may be lower than 5%.
stage3b,xerces,26,budgeted_balance_0.050,selected,0.034764739730227208,0.038819709534459422,-0.082020930533807865,0.023781452192667141,-6.7352182721386287,-1,-0.0098280098280098295,False,False,Under a maximum 5% modularity-loss budget; realised loss may be lower than 5%.
stage3b,xerces,26,budgeted_semantic_0.050,selected,0.0015505237095925235,-0.0029738688450227126,0.0039122318684995756,0.00057512580877067121,0.0013943575138029018,0,0,False,True,Under a maximum 5% modularity-loss budget; realised loss may be lower than 5%.
stage3b,xerces,27,budgeted_balance_0.050,selected,0.022963914146707121,0.064451676539323599,-0.042045368113936041,0.015700934579439246,-4.4505626434097758,-2,-0.0085995085995086012,False,False,Under a maximum 5% modularity-loss budget; realised loss may be lower than 5%.
stage3b,xerces,27,budgeted_semantic_0.050,selected,0.00071706569848456784,0.0016529637661661252,0.0033173284770094133,0.00060388209920919644,-0.00079049418562426865,0,0,False,True,Under a maximum 5% modularity-loss budget; realised loss may be lower than 5%.
stage3b,xerces,28,budgeted_balance_0.050,selected,0.04641884332277052,0.10184919697608422,-0.13042761410428158,0.0301941049604601,-6.8762054371119978,-3,-0.0098280098280098295,False,False,Under a maximum 5% modularity-loss budget; realised loss may be lower than 5%.
stage3b,xerces,28,budgeted_semantic_0.050,selected,0.01801155318612847,-0.00078487773797993759,0.0055453539186057074,0.012192667145938169,-0.019098042599363652,0,0,False,True,Under a maximum 5% modularity-loss budget; realised loss may be lower than 5%.
stage3b,xerces,29,budgeted_balance_0.050,selected,0.033403632443434535,0.058648869017333405,-0.048405225018264331,0.024816678648454354,0.48297921625336926,-2,-0.0098280098280098295,False,False,Under a maximum 5% modularity-loss budget; realised loss may be lower than 5%.
stage3b,xerces,29,budgeted_semantic_0.050,selected,0.00044454923209636576,-0.0015691404082133712,0.0028263755860205488,0.00023005032350825738,0.0020060420897429765,0,0,False,True,Under a maximum 5% modularity-loss budget; realised loss may be lower than 5%.
