experiment_id,experiment_name,representation_id,subject,seed,input_hash,input_aggregate_sha256,embedding_aggregate_sha256,embedding_file_sha256,class_mapping_sha256,graph_sha256,config_hash,path,sha256,bytes
stage3_declaration_method_body,stage3_declaration_method_body,declaration_method_body_v1,jpetstore,7,2d9007f75a14f4a4ed6152563241b898837b6c12b66a98a2464b4cc3f969a921,2d9007f75a14f4a4ed6152563241b898837b6c12b66a98a2464b4cc3f969a921,e7615e77d4f3258df46e499fd94c2dbb59bee03c0d2f6c3bb822c3aff4577139,6ca1abf13b753a89a7f78e93486a3c24ae4367d4a32edfa367306a79e3297b04,83c4643fdad9661f2e409563f8e496b792575ecc72ac548ba8c2f13fb46e019f,2dcf34b9e931cfdb0eec205f7da5bd0f24f6956be98d838369e12573026a9214,c1af2191baefddee68a7f41c97c29f7799df4bcf5372d9e9cf44a52a3b510286,config_snapshot.yml,c1af2191baefddee68a7f41c97c29f7799df4bcf5372d9e9cf44a52a3b510286,1452
stage3_declaration_method_body,stage3_declaration_method_body,declaration_method_body_v1,jpetstore,7,2d9007f75a14f4a4ed6152563241b898837b6c12b66a98a2464b4cc3f969a921,2d9007f75a14f4a4ed6152563241b898837b6c12b66a98a2464b4cc3f969a921,e7615e77d4f3258df46e499fd94c2dbb59bee03c0d2f6c3bb822c3aff4577139,6ca1abf13b753a89a7f78e93486a3c24ae4367d4a32edfa367306a79e3297b04,83c4643fdad9661f2e409563f8e496b792575ecc72ac548ba8c2f13fb46e019f,2dcf34b9e931cfdb0eec205f7da5bd0f24f6956be98d838369e12573026a9214,c1af2191baefddee68a7f41c97c29f7799df4bcf5372d9e9cf44a52a3b510286,graph_provenance.json,bf23c0350eb5c6d2c1375da7a66bcdd224a9ffa69009d300799ccc2b2df91c96,3887
stage3_declaration_method_body,stage3_declaration_method_body,declaration_method_body_v1,jpetstore,7,2d9007f75a14f4a4ed6152563241b898837b6c12b66a98a2464b4cc3f969a921,2d9007f75a14f4a4ed6152563241b898837b6c12b66a98a2464b4cc3f969a921,e7615e77d4f3258df46e499fd94c2dbb59bee03c0d2f6c3bb822c3aff4577139,6ca1abf13b753a89a7f78e93486a3c24ae4367d4a32edfa367306a79e3297b04,83c4643fdad9661f2e409563f8e496b792575ecc72ac548ba8c2f13fb46e019f,2dcf34b9e931cfdb0eec205f7da5bd0f24f6956be98d838369e12573026a9214,c1af2191baefddee68a7f41c97c29f7799df4bcf5372d9e9cf44a52a3b510286,objective_redundancy.json,975def327306647b7b25638f66e5ce09257565436097ac50def2ae40c651a804,1128
stage3_declaration_method_body,stage3_declaration_method_body,declaration_method_body_v1,jpetstore,7,2d9007f75a14f4a4ed6152563241b898837b6c12b66a98a2464b4cc3f969a921,2d9007f75a14f4a4ed6152563241b898837b6c12b66a98a2464b4cc3f969a921,e7615e77d4f3258df46e499fd94c2dbb59bee03c0d2f6c3bb822c3aff4577139,6ca1abf13b753a89a7f78e93486a3c24ae4367d4a32edfa367306a79e3297b04,83c4643fdad9661f2e409563f8e496b792575ecc72ac548ba8c2f13fb46e019f,2dcf34b9e931cfdb0eec205f7da5bd0f24f6956be98d838369e12573026a9214,c1af2191baefddee68a7f41c97c29f7799df4bcf5372d9e9cf44a52a3b510286,pareto_front_4d.csv,fa80b2272969f5f46cc1bc822e7ae220492e9c76892cff3d211bf0ca11cd8f29,84738
stage3_declaration_method_body,stage3_declaration_method_body,declaration_method_body_v1,jpetstore,7,2d9007f75a14f4a4ed6152563241b898837b6c12b66a98a2464b4cc3f969a921,2d9007f75a14f4a4ed6152563241b898837b6c12b66a98a2464b4cc3f969a921,e7615e77d4f3258df46e499fd94c2dbb59bee03c0d2f6c3bb822c3aff4577139,6ca1abf13b753a89a7f78e93486a3c24ae4367d4a32edfa367306a79e3297b04,83c4643fdad9661f2e409563f8e496b792575ecc72ac548ba8c2f13fb46e019f,2dcf34b9e931cfdb0eec205f7da5bd0f24f6956be98d838369e12573026a9214,c1af2191baefddee68a7f41c97c29f7799df4bcf5372d9e9cf44a52a3b510286,partition_labels.csv,8080f7fb7560e8796fac0720c10350c017cf7e2d9d96ed4cf7662722a881fef5,1586033
stage3_declaration_method_body,stage3_declaration_method_body,declaration_method_body_v1,jpetstore,7,2d9007f75a14f4a4ed6152563241b898837b6c12b66a98a2464b4cc3f969a921,2d9007f75a14f4a4ed6152563241b898837b6c12b66a98a2464b4cc3f969a921,e7615e77d4f3258df46e499fd94c2dbb59bee03c0d2f6c3bb822c3aff4577139,6ca1abf13b753a89a7f78e93486a3c24ae4367d4a32edfa367306a79e3297b04,83c4643fdad9661f2e409563f8e496b792575ecc72ac548ba8c2f13fb46e019f,2dcf34b9e931cfdb0eec205f7da5bd0f24f6956be98d838369e12573026a9214,c1af2191baefddee68a7f41c97c29f7799df4bcf5372d9e9cf44a52a3b510286,posthoc_metrics.csv,e609ce7813f5a03b4f447db0864fb61c529a0f4092c72dd27959554ed04bbf67,73752
stage3_declaration_method_body,stage3_declaration_method_body,declaration_method_body_v1,jpetstore,7,2d9007f75a14f4a4ed6152563241b898837b6c12b66a98a2464b4cc3f969a921,2d9007f75a14f4a4ed6152563241b898837b6c12b66a98a2464b4cc3f969a921,e7615e77d4f3258df46e499fd94c2dbb59bee03c0d2f6c3bb822c3aff4577139,6ca1abf13b753a89a7f78e93486a3c24ae4367d4a32edfa367306a79e3297b04,83c4643fdad9661f2e409563f8e496b792575ecc72ac548ba8c2f13fb46e019f,2dcf34b9e931cfdb0eec205f7da5bd0f24f6956be98d838369e12573026a9214,c1af2191baefddee68a7f41c97c29f7799df4bcf5372d9e9cf44a52a3b510286,projected_front_3d.csv,862a8de0cbe8a79ed1e755531a5392fc3c779f38a611c4982240bbf4759d7af0,41359
stage3_declaration_method_body,stage3_declaration_method_body,declaration_method_body_v1,jpetstore,7,2d9007f75a14f4a4ed6152563241b898837b6c12b66a98a2464b4cc3f969a921,2d9007f75a14f4a4ed6152563241b898837b6c12b66a98a2464b4cc3f969a921,e7615e77d4f3258df46e499fd94c2dbb59bee03c0d2f6c3bb822c3aff4577139,6ca1abf13b753a89a7f78e93486a3c24ae4367d4a32edfa367306a79e3297b04,83c4643fdad9661f2e409563f8e496b792575ecc72ac548ba8c2f13fb46e019f,2dcf34b9e931cfdb0eec205f7da5bd0f24f6956be98d838369e12573026a9214,c1af2191baefddee68a7f41c97c29f7799df4bcf5372d9e9cf44a52a3b510286,projected_hypervolume.json,8dfeba4e06f0a4008e638faca2f578794cbe5f9742878f3e4294c7c21e125a5c,1239
stage3_declaration_method_body,stage3_declaration_method_body,declaration_method_body_v1,jpetstore,7,2d9007f75a14f4a4ed6152563241b898837b6c12b66a98a2464b4cc3f969a921,2d9007f75a14f4a4ed6152563241b898837b6c12b66a98a2464b4cc3f969a921,e7615e77d4f3258df46e499fd94c2dbb59bee03c0d2f6c3bb822c3aff4577139,6ca1abf13b753a89a7f78e93486a3c24ae4367d4a32edfa367306a79e3297b04,83c4643fdad9661f2e409563f8e496b792575ecc72ac548ba8c2f13fb46e019f,2dcf34b9e931cfdb0eec205f7da5bd0f24f6956be98d838369e12573026a9214,c1af2191baefddee68a7f41c97c29f7799df4bcf5372d9e9cf44a52a3b510286,run.log,145d0b758d967431aab7bb38a3a5dcdfe5b2a0b92a0faebe13dcf35b05b95746,184
stage3_declaration_method_body,stage3_declaration_method_body,declaration_method_body_v1,jpetstore,7,2d9007f75a14f4a4ed6152563241b898837b6c12b66a98a2464b4cc3f969a921,2d9007f75a14f4a4ed6152563241b898837b6c12b66a98a2464b4cc3f969a921,e7615e77d4f3258df46e499fd94c2dbb59bee03c0d2f6c3bb822c3aff4577139,6ca1abf13b753a89a7f78e93486a3c24ae4367d4a32edfa367306a79e3297b04,83c4643fdad9661f2e409563f8e496b792575ecc72ac548ba8c2f13fb46e019f,2dcf34b9e931cfdb0eec205f7da5bd0f24f6956be98d838369e12573026a9214,c1af2191baefddee68a7f41c97c29f7799df4bcf5372d9e9cf44a52a3b510286,run_metadata.json,f1a7b66fcc25d8746ecfacb99a8b334a240b422fb8d9e5456a4a2275922d8b3e,5957
stage3_declaration_method_body,stage3_declaration_method_body,declaration_method_body_v1,jpetstore,7,2d9007f75a14f4a4ed6152563241b898837b6c12b66a98a2464b4cc3f969a921,2d9007f75a14f4a4ed6152563241b898837b6c12b66a98a2464b4cc3f969a921,e7615e77d4f3258df46e499fd94c2dbb59bee03c0d2f6c3bb822c3aff4577139,6ca1abf13b753a89a7f78e93486a3c24ae4367d4a32edfa367306a79e3297b04,83c4643fdad9661f2e409563f8e496b792575ecc72ac548ba8c2f13fb46e019f,2dcf34b9e931cfdb0eec205f7da5bd0f24f6956be98d838369e12573026a9214,c1af2191baefddee68a7f41c97c29f7799df4bcf5372d9e9cf44a52a3b510286,run_metrics.json,b4ce813c524a20a5dda754f1478e92306613f6f363f34cdb0a7f74045d6d1712,1079
stage3_declaration_method_body,stage3_declaration_method_body,declaration_method_body_v1,jpetstore,7,2d9007f75a14f4a4ed6152563241b898837b6c12b66a98a2464b4cc3f969a921,2d9007f75a14f4a4ed6152563241b898837b6c12b66a98a2464b4cc3f969a921,e7615e77d4f3258df46e499fd94c2dbb59bee03c0d2f6c3bb822c3aff4577139,6ca1abf13b753a89a7f78e93486a3c24ae4367d4a32edfa367306a79e3297b04,83c4643fdad9661f2e409563f8e496b792575ecc72ac548ba8c2f13fb46e019f,2dcf34b9e931cfdb0eec205f7da5bd0f24f6956be98d838369e12573026a9214,c1af2191baefddee68a7f41c97c29f7799df4bcf5372d9e9cf44a52a3b510286,selected_partition.csv,9068bbacf1c8a0ac75f24ba0115abbf1d2b7ab55b8a0dc6697d4894b8a09d683,15647
stage3_declaration_method_body,stage3_declaration_method_body,declaration_method_body_v1,jpetstore,7,2d9007f75a14f4a4ed6152563241b898837b6c12b66a98a2464b4cc3f969a921,2d9007f75a14f4a4ed6152563241b898837b6c12b66a98a2464b4cc3f969a921,e7615e77d4f3258df46e499fd94c2dbb59bee03c0d2f6c3bb822c3aff4577139,6ca1abf13b753a89a7f78e93486a3c24ae4367d4a32edfa367306a79e3297b04,83c4643fdad9661f2e409563f8e496b792575ecc72ac548ba8c2f13fb46e019f,2dcf34b9e931cfdb0eec205f7da5bd0f24f6956be98d838369e12573026a9214,c1af2191baefddee68a7f41c97c29f7799df4bcf5372d9e9cf44a52a3b510286,selected_solution.json,06c076cb22247a772f4b148d54e31e734c55fa1947a7a868ddfe06bc8d665555,31084
