experiment_id,experiment_name,representation_id,subject,seed,input_hash,input_aggregate_sha256,embedding_aggregate_sha256,embedding_file_sha256,class_mapping_sha256,graph_sha256,config_hash,solution_id,original_solution_id,coupling,cohesion,imbalance,original_f_semantic,pymoo_f0_coupling,pymoo_f1_negative_cohesion,pymoo_f2_imbalance,feasible,is_injected_seed,label_vector
stage3_declaration_method_body,stage3_declaration_method_body,declaration_method_body_v1,daytrader,25,da53d434b820e3c25bc69df63ced807cd0113d412fa36acc9694d1a97631d655,da53d434b820e3c25bc69df63ced807cd0113d412fa36acc9694d1a97631d655,db7ef8d78036796c5c5c79cc95f54eb1b9b9974de5e6f035d1929391b415f66c,422f35b2dac5ab2c9d80f631cc3154a7ba6ccadc124837c2e795833c3034f61c,6a995ce5caedd3fa567a09491378a629f7cdef61e41107cf25360bbd75d311d1,c7761509fe91acb398ee5bc3a0c71e3a368a34aae316b04c5907d34bced1714d,c1af2191baefddee68a7f41c97c29f7799df4bcf5372d9e9cf44a52a3b510286,seed25_solution000,seed25_solution000,0.174354243542435422,2.8197478991596636178,1.5554312336245246229,0.49252743729609937962,0.174354243542435422,-2.8197478991596636178,1.5554312336245246229,True,False,"[0, 0, 0, 0, 1, 0, 0, 0, 2, 0, 3, 4, 5, 0, 0, 0, 0, 0, 6, 4, 1, 1, 0, 7, 7, 0, 8, 9, 0, 0, 0, 0, 10, 4, 11, 12, 4, 4, 4, 4, 4, 4, 10, 13, 0, 14, 14, 12, 15, 15, 15, 0, 16]"
stage3_declaration_method_body,stage3_declaration_method_body,declaration_method_body_v1,daytrader,25,da53d434b820e3c25bc69df63ced807cd0113d412fa36acc9694d1a97631d655,da53d434b820e3c25bc69df63ced807cd0113d412fa36acc9694d1a97631d655,db7ef8d78036796c5c5c79cc95f54eb1b9b9974de5e6f035d1929391b415f66c,422f35b2dac5ab2c9d80f631cc3154a7ba6ccadc124837c2e795833c3034f61c,6a995ce5caedd3fa567a09491378a629f7cdef61e41107cf25360bbd75d311d1,c7761509fe91acb398ee5bc3a0c71e3a368a34aae316b04c5907d34bced1714d,c1af2191baefddee68a7f41c97c29f7799df4bcf5372d9e9cf44a52a3b510286,seed25_solution002,seed25_solution002,0.17527675276752768818,3.9135854341736697748,1.5319081607686368951,0.50799023277659738351,0.17527675276752768818,-3.9135854341736697748,1.5319081607686368951,True,False,"[0, 0, 0, 0, 1, 0, 0, 0, 2, 0, 3, 4, 5, 0, 0, 0, 0, 0, 6, 7, 8, 8, 0, 9, 9, 0, 10, 11, 0, 0, 0, 0, 12, 7, 13, 1, 7, 7, 7, 7, 7, 7, 12, 14, 0, 15, 15, 1, 16, 16, 16, 0, 12]"
stage3_declaration_method_body,stage3_declaration_method_body,declaration_method_body_v1,daytrader,25,da53d434b820e3c25bc69df63ced807cd0113d412fa36acc9694d1a97631d655,da53d434b820e3c25bc69df63ced807cd0113d412fa36acc9694d1a97631d655,db7ef8d78036796c5c5c79cc95f54eb1b9b9974de5e6f035d1929391b415f66c,422f35b2dac5ab2c9d80f631cc3154a7ba6ccadc124837c2e795833c3034f61c,6a995ce5caedd3fa567a09491378a629f7cdef61e41107cf25360bbd75d311d1,c7761509fe91acb398ee5bc3a0c71e3a368a34aae316b04c5907d34bced1714d,c1af2191baefddee68a7f41c97c29f7799df4bcf5372d9e9cf44a52a3b510286,seed25_solution003,seed25_solution003,0.1757380073800738074,2.2133082706766917802,1.3626769875673803156,0.50530641675047283101,0.1757380073800738074,-2.2133082706766917802,1.3626769875673803156,True,False,"[0, 0, 0, 0, 1, 0, 0, 2, 3, 0, 4, 5, 6, 0, 0, 0, 0, 0, 7, 8, 1, 1, 0, 2, 2, 0, 9, 10, 0, 0, 0, 0, 11, 8, 12, 1, 8, 8, 8, 8, 8, 8, 11, 13, 0, 5, 5, 1, 14, 14, 14, 0, 14]"
stage3_declaration_method_body,stage3_declaration_method_body,declaration_method_body_v1,daytrader,25,da53d434b820e3c25bc69df63ced807cd0113d412fa36acc9694d1a97631d655,da53d434b820e3c25bc69df63ced807cd0113d412fa36acc9694d1a97631d655,db7ef8d78036796c5c5c79cc95f54eb1b9b9974de5e6f035d1929391b415f66c,422f35b2dac5ab2c9d80f631cc3154a7ba6ccadc124837c2e795833c3034f61c,6a995ce5caedd3fa567a09491378a629f7cdef61e41107cf25360bbd75d311d1,c7761509fe91acb398ee5bc3a0c71e3a368a34aae316b04c5907d34bced1714d,c1af2191baefddee68a7f41c97c29f7799df4bcf5372d9e9cf44a52a3b510286,seed25_solution004,seed25_solution004,0.18265682656826567887,3.9913690476190475387,1.46235544450253796,0.53195919323626639219,0.18265682656826567887,-3.9913690476190475387,1.46235544450253796,True,False,"[0, 0, 0, 0, 1, 0, 0, 0, 1, 0, 2, 3, 4, 0, 0, 0, 0, 0, 5, 6, 7, 7, 0, 8, 8, 0, 6, 9, 0, 0, 0, 0, 10, 11, 12, 13, 11, 11, 11, 11, 11, 11, 12, 6, 0, 14, 14, 3, 3, 3, 3, 0, 15]"
stage3_declaration_method_body,stage3_declaration_method_body,declaration_method_body_v1,daytrader,25,da53d434b820e3c25bc69df63ced807cd0113d412fa36acc9694d1a97631d655,da53d434b820e3c25bc69df63ced807cd0113d412fa36acc9694d1a97631d655,db7ef8d78036796c5c5c79cc95f54eb1b9b9974de5e6f035d1929391b415f66c,422f35b2dac5ab2c9d80f631cc3154a7ba6ccadc124837c2e795833c3034f61c,6a995ce5caedd3fa567a09491378a629f7cdef61e41107cf25360bbd75d311d1,c7761509fe91acb398ee5bc3a0c71e3a368a34aae316b04c5907d34bced1714d,c1af2191baefddee68a7f41c97c29f7799df4bcf5372d9e9cf44a52a3b510286,seed25_solution005,seed25_solution005,0.18957564575645757809,1.2091836734693877098,1.3549482117266971049,0.5430484843007845619,0.18957564575645757809,-1.2091836734693877098,1.3549482117266971049,True,False,"[0, 0, 0, 0, 1, 0, 0, 0, 2, 0, 3, 3, 4, 0, 0, 0, 0, 0, 5, 6, 1, 1, 0, 3, 3, 0, 4, 2, 0, 0, 0, 0, 7, 6, 4, 8, 6, 6, 9, 6, 6, 6, 10, 5, 0, 11, 12, 1, 3, 3, 13, 0, 8]"
stage3_declaration_method_body,stage3_declaration_method_body,declaration_method_body_v1,daytrader,25,da53d434b820e3c25bc69df63ced807cd0113d412fa36acc9694d1a97631d655,da53d434b820e3c25bc69df63ced807cd0113d412fa36acc9694d1a97631d655,db7ef8d78036796c5c5c79cc95f54eb1b9b9974de5e6f035d1929391b415f66c,422f35b2dac5ab2c9d80f631cc3154a7ba6ccadc124837c2e795833c3034f61c,6a995ce5caedd3fa567a09491378a629f7cdef61e41107cf25360bbd75d311d1,c7761509fe91acb398ee5bc3a0c71e3a368a34aae316b04c5907d34bced1714d,c1af2191baefddee68a7f41c97c29f7799df4bcf5372d9e9cf44a52a3b510286,seed25_solution006,seed25_solution006,0.19557195571955718338,2.5751700680272109345,1.3214283996145756994,0.5764162231399212466,0.19557195571955718338,-2.5751700680272109345,1.3214283996145756994,True,False,"[0, 0, 0, 0, 1, 0, 0, 0, 1, 0, 2, 2, 3, 0, 0, 0, 0, 0, 4, 4, 1, 1, 0, 5, 5, 0, 6, 3, 0, 0, 0, 0, 7, 8, 6, 9, 8, 8, 10, 8, 8, 11, 12, 4, 0, 12, 13, 2, 2, 2, 2, 0, 13]"
stage3_declaration_method_body,stage3_declaration_method_body,declaration_method_body_v1,daytrader,25,da53d434b820e3c25bc69df63ced807cd0113d412fa36acc9694d1a97631d655,da53d434b820e3c25bc69df63ced807cd0113d412fa36acc9694d1a97631d655,db7ef8d78036796c5c5c79cc95f54eb1b9b9974de5e6f035d1929391b415f66c,422f35b2dac5ab2c9d80f631cc3154a7ba6ccadc124837c2e795833c3034f61c,6a995ce5caedd3fa567a09491378a629f7cdef61e41107cf25360bbd75d311d1,c7761509fe91acb398ee5bc3a0c71e3a368a34aae316b04c5907d34bced1714d,c1af2191baefddee68a7f41c97c29f7799df4bcf5372d9e9cf44a52a3b510286,seed25_solution008,seed25_solution008,0.21217712177121772488,3.192982456140351033,1.3066633730702477134,0.59856146945457822106,0.21217712177121772488,-3.192982456140351033,1.3066633730702477134,True,False,"[0, 0, 0, 0, 1, 0, 2, 0, 3, 0, 4, 5, 5, 0, 0, 0, 0, 0, 6, 5, 6, 6, 0, 7, 7, 0, 8, 9, 0, 0, 0, 0, 10, 5, 2, 11, 1, 1, 5, 5, 9, 1, 10, 12, 0, 13, 13, 11, 14, 14, 14, 0, 1]"
stage3_declaration_method_body,stage3_declaration_method_body,declaration_method_body_v1,daytrader,25,da53d434b820e3c25bc69df63ced807cd0113d412fa36acc9694d1a97631d655,da53d434b820e3c25bc69df63ced807cd0113d412fa36acc9694d1a97631d655,db7ef8d78036796c5c5c79cc95f54eb1b9b9974de5e6f035d1929391b415f66c,422f35b2dac5ab2c9d80f631cc3154a7ba6ccadc124837c2e795833c3034f61c,6a995ce5caedd3fa567a09491378a629f7cdef61e41107cf25360bbd75d311d1,c7761509fe91acb398ee5bc3a0c71e3a368a34aae316b04c5907d34bced1714d,c1af2191baefddee68a7f41c97c29f7799df4bcf5372d9e9cf44a52a3b510286,seed25_solution009,seed25_solution009,0.21771217712177121095,4.1976190476190478051,1.2516987389148666043,0.61218184793068652905,0.21771217712177121095,-4.1976190476190478051,1.2516987389148666043,True,False,"[0, 0, 0, 0, 1, 0, 0, 0, 1, 0, 2, 3, 4, 0, 0, 0, 0, 0, 4, 5, 6, 6, 0, 7, 7, 0, 5, 8, 0, 0, 9, 0, 3, 5, 10, 11, 5, 12, 12, 12, 12, 1, 10, 10, 0, 13, 12, 2, 2, 2, 2, 0, 2]"
stage3_declaration_method_body,stage3_declaration_method_body,declaration_method_body_v1,daytrader,25,da53d434b820e3c25bc69df63ced807cd0113d412fa36acc9694d1a97631d655,da53d434b820e3c25bc69df63ced807cd0113d412fa36acc9694d1a97631d655,db7ef8d78036796c5c5c79cc95f54eb1b9b9974de5e6f035d1929391b415f66c,422f35b2dac5ab2c9d80f631cc3154a7ba6ccadc124837c2e795833c3034f61c,6a995ce5caedd3fa567a09491378a629f7cdef61e41107cf25360bbd75d311d1,c7761509fe91acb398ee5bc3a0c71e3a368a34aae316b04c5907d34bced1714d,c1af2191baefddee68a7f41c97c29f7799df4bcf5372d9e9cf44a52a3b510286,seed25_solution012,seed25_solution012,0.24769372693726937618,1.9194265425468430841,1.2153345596368239079,0.64456962728421041131,0.24769372693726937618,-1.9194265425468430841,1.2153345596368239079,True,False,"[0, 0, 0, 0, 1, 0, 2, 0, 3, 0, 4, 2, 5, 0, 0, 0, 0, 0, 6, 3, 3, 3, 0, 7, 7, 0, 2, 8, 0, 0, 0, 0, 6, 2, 2, 2, 1, 1, 5, 5, 1, 2, 9, 10, 0, 11, 11, 12, 13, 13, 6, 2, 7]"
stage3_declaration_method_body,stage3_declaration_method_body,declaration_method_body_v1,daytrader,25,da53d434b820e3c25bc69df63ced807cd0113d412fa36acc9694d1a97631d655,da53d434b820e3c25bc69df63ced807cd0113d412fa36acc9694d1a97631d655,db7ef8d78036796c5c5c79cc95f54eb1b9b9974de5e6f035d1929391b415f66c,422f35b2dac5ab2c9d80f631cc3154a7ba6ccadc124837c2e795833c3034f61c,6a995ce5caedd3fa567a09491378a629f7cdef61e41107cf25360bbd75d311d1,c7761509fe91acb398ee5bc3a0c71e3a368a34aae316b04c5907d34bced1714d,c1af2191baefddee68a7f41c97c29f7799df4bcf5372d9e9cf44a52a3b510286,seed25_solution013,seed25_solution013,0.24769372693726937618,1.616905901116427291,1.0641576341285716722,0.61927373559860388053,0.24769372693726937618,-1.616905901116427291,1.0641576341285716722,True,False,"[0, 0, 0, 0, 1, 0, 0, 1, 2, 0, 1, 1, 3, 0, 0, 0, 0, 0, 0, 1, 1, 2, 0, 4, 2, 0, 2, 5, 0, 0, 1, 1, 6, 4, 1, 1, 6, 4, 4, 4, 4, 6, 7, 0, 0, 8, 8, 1, 5, 7, 9, 0, 3]"
stage3_declaration_method_body,stage3_declaration_method_body,declaration_method_body_v1,daytrader,25,da53d434b820e3c25bc69df63ced807cd0113d412fa36acc9694d1a97631d655,da53d434b820e3c25bc69df63ced807cd0113d412fa36acc9694d1a97631d655,db7ef8d78036796c5c5c79cc95f54eb1b9b9974de5e6f035d1929391b415f66c,422f35b2dac5ab2c9d80f631cc3154a7ba6ccadc124837c2e795833c3034f61c,6a995ce5caedd3fa567a09491378a629f7cdef61e41107cf25360bbd75d311d1,c7761509fe91acb398ee5bc3a0c71e3a368a34aae316b04c5907d34bced1714d,c1af2191baefddee68a7f41c97c29f7799df4bcf5372d9e9cf44a52a3b510286,seed25_solution014,seed25_solution014,0.25369003690036900922,1.7557416267942580479,1.1117675368042443385,0.60465917252095491286,0.25369003690036900922,-1.7557416267942580479,1.1117675368042443385,True,False,"[0, 0, 1, 0, 1, 0, 2, 0, 1, 0, 3, 2, 3, 0, 0, 0, 0, 0, 4, 5, 1, 1, 0, 6, 2, 0, 7, 1, 0, 0, 0, 6, 4, 5, 3, 8, 5, 3, 0, 5, 1, 5, 3, 0, 0, 0, 9, 1, 4, 10, 3, 3, 4]"
stage3_declaration_method_body,stage3_declaration_method_body,declaration_method_body_v1,daytrader,25,da53d434b820e3c25bc69df63ced807cd0113d412fa36acc9694d1a97631d655,da53d434b820e3c25bc69df63ced807cd0113d412fa36acc9694d1a97631d655,db7ef8d78036796c5c5c79cc95f54eb1b9b9974de5e6f035d1929391b415f66c,422f35b2dac5ab2c9d80f631cc3154a7ba6ccadc124837c2e795833c3034f61c,6a995ce5caedd3fa567a09491378a629f7cdef61e41107cf25360bbd75d311d1,c7761509fe91acb398ee5bc3a0c71e3a368a34aae316b04c5907d34bced1714d,c1af2191baefddee68a7f41c97c29f7799df4bcf5372d9e9cf44a52a3b510286,seed25_solution017,seed25_solution017,0.2841328413284132659,6.1479591836734694965,0.78250722088029134316,0.61053816139183347822,0.2841328413284132659,-6.1479591836734694965,0.78250722088029134316,True,False,"[0, 0, 0, 1, 0, 0, 2, 0, 3, 0, 2, 4, 3, 0, 0, 4, 4, 0, 0, 3, 5, 5, 0, 2, 2, 0, 2, 2, 0, 0, 4, 4, 6, 3, 3, 0, 3, 4, 4, 1, 3, 3, 0, 0, 0, 0, 2, 2, 6, 6, 6, 0, 1]"
stage3_declaration_method_body,stage3_declaration_method_body,declaration_method_body_v1,daytrader,25,da53d434b820e3c25bc69df63ced807cd0113d412fa36acc9694d1a97631d655,da53d434b820e3c25bc69df63ced807cd0113d412fa36acc9694d1a97631d655,db7ef8d78036796c5c5c79cc95f54eb1b9b9974de5e6f035d1929391b415f66c,422f35b2dac5ab2c9d80f631cc3154a7ba6ccadc124837c2e795833c3034f61c,6a995ce5caedd3fa567a09491378a629f7cdef61e41107cf25360bbd75d311d1,c7761509fe91acb398ee5bc3a0c71e3a368a34aae316b04c5907d34bced1714d,c1af2191baefddee68a7f41c97c29f7799df4bcf5372d9e9cf44a52a3b510286,seed25_solution022,seed25_solution022,0.34178966789667897253,1.4222901281724811273,0.75988794587178365436,0.72903933461899406154,0.34178966789667897253,-1.4222901281724811273,0.75988794587178365436,True,False,"[0, 0, 1, 2, 0, 0, 2, 0, 1, 0, 2, 3, 2, 0, 1, 0, 0, 0, 1, 0, 2, 1, 0, 0, 2, 0, 1, 4, 5, 0, 3, 0, 4, 2, 1, 2, 1, 4, 5, 6, 1, 1, 3, 1, 0, 2, 1, 5, 0, 5, 2, 5, 2]"
stage3_declaration_method_body,stage3_declaration_method_body,declaration_method_body_v1,daytrader,25,da53d434b820e3c25bc69df63ced807cd0113d412fa36acc9694d1a97631d655,da53d434b820e3c25bc69df63ced807cd0113d412fa36acc9694d1a97631d655,db7ef8d78036796c5c5c79cc95f54eb1b9b9974de5e6f035d1929391b415f66c,422f35b2dac5ab2c9d80f631cc3154a7ba6ccadc124837c2e795833c3034f61c,6a995ce5caedd3fa567a09491378a629f7cdef61e41107cf25360bbd75d311d1,c7761509fe91acb398ee5bc3a0c71e3a368a34aae316b04c5907d34bced1714d,c1af2191baefddee68a7f41c97c29f7799df4bcf5372d9e9cf44a52a3b510286,seed25_solution023,seed25_solution023,0.35562730627306271547,3.7840909090909091717,0.78068531568215848715,0.68274411885500851938,0.35562730627306271547,-3.7840909090909091717,0.78068531568215848715,True,False,"[0, 0, 1, 0, 2, 0, 3, 0, 1, 0, 3, 4, 3, 3, 5, 0, 0, 0, 4, 5, 5, 5, 0, 6, 6, 0, 7, 8, 0, 0, 0, 9, 8, 4, 1, 2, 1, 7, 4, 2, 7, 4, 3, 3, 0, 8, 7, 2, 10, 10, 10, 0, 8]"
stage3_declaration_method_body,stage3_declaration_method_body,declaration_method_body_v1,daytrader,25,da53d434b820e3c25bc69df63ced807cd0113d412fa36acc9694d1a97631d655,da53d434b820e3c25bc69df63ced807cd0113d412fa36acc9694d1a97631d655,db7ef8d78036796c5c5c79cc95f54eb1b9b9974de5e6f035d1929391b415f66c,422f35b2dac5ab2c9d80f631cc3154a7ba6ccadc124837c2e795833c3034f61c,6a995ce5caedd3fa567a09491378a629f7cdef61e41107cf25360bbd75d311d1,c7761509fe91acb398ee5bc3a0c71e3a368a34aae316b04c5907d34bced1714d,c1af2191baefddee68a7f41c97c29f7799df4bcf5372d9e9cf44a52a3b510286,seed25_solution024,seed25_solution024,0.36116236162361625706,1.6887344681462328477,0.73994986985387090073,0.66971638445491632474,0.36116236162361625706,-1.6887344681462328477,0.73994986985387090073,True,False,"[0, 0, 1, 0, 0, 0, 2, 0, 3, 0, 1, 4, 4, 0, 1, 0, 0, 0, 1, 0, 1, 1, 0, 0, 2, 0, 1, 1, 3, 1, 4, 0, 5, 2, 1, 2, 2, 6, 3, 6, 1, 1, 1, 1, 0, 2, 2, 3, 2, 3, 3, 6, 2]"
stage3_declaration_method_body,stage3_declaration_method_body,declaration_method_body_v1,daytrader,25,da53d434b820e3c25bc69df63ced807cd0113d412fa36acc9694d1a97631d655,da53d434b820e3c25bc69df63ced807cd0113d412fa36acc9694d1a97631d655,db7ef8d78036796c5c5c79cc95f54eb1b9b9974de5e6f035d1929391b415f66c,422f35b2dac5ab2c9d80f631cc3154a7ba6ccadc124837c2e795833c3034f61c,6a995ce5caedd3fa567a09491378a629f7cdef61e41107cf25360bbd75d311d1,c7761509fe91acb398ee5bc3a0c71e3a368a34aae316b04c5907d34bced1714d,c1af2191baefddee68a7f41c97c29f7799df4bcf5372d9e9cf44a52a3b510286,seed25_solution026,seed25_solution026,0.41789667896678966974,8.5934523809523817306,0.64455437179391406044,0.56052835612303653079,0.41789667896678966974,-8.5934523809523817306,0.64455437179391406044,True,False,"[0, 1, 2, 0, 0, 0, 3, 3, 2, 4, 2, 4, 2, 4, 4, 2, 4, 2, 1, 2, 5, 5, 0, 3, 3, 1, 6, 0, 1, 1, 1, 4, 7, 2, 2, 0, 2, 4, 4, 2, 2, 2, 0, 0, 1, 0, 0, 7, 7, 7, 7, 0, 0]"
stage3_declaration_method_body,stage3_declaration_method_body,declaration_method_body_v1,daytrader,25,da53d434b820e3c25bc69df63ced807cd0113d412fa36acc9694d1a97631d655,da53d434b820e3c25bc69df63ced807cd0113d412fa36acc9694d1a97631d655,db7ef8d78036796c5c5c79cc95f54eb1b9b9974de5e6f035d1929391b415f66c,422f35b2dac5ab2c9d80f631cc3154a7ba6ccadc124837c2e795833c3034f61c,6a995ce5caedd3fa567a09491378a629f7cdef61e41107cf25360bbd75d311d1,c7761509fe91acb398ee5bc3a0c71e3a368a34aae316b04c5907d34bced1714d,c1af2191baefddee68a7f41c97c29f7799df4bcf5372d9e9cf44a52a3b510286,seed25_solution028,seed25_solution028,0.4303505535055350828,8.9499084249084255305,0.68732096604101833304,0.57311060693686721734,0.4303505535055350828,-8.9499084249084255305,0.68732096604101833304,True,False,"[0, 1, 2, 0, 0, 0, 2, 3, 2, 4, 2, 4, 2, 4, 4, 2, 4, 2, 1, 2, 5, 5, 0, 3, 3, 1, 6, 0, 1, 1, 1, 4, 7, 2, 2, 0, 2, 4, 4, 2, 2, 2, 0, 0, 1, 0, 0, 7, 7, 7, 7, 0, 0]"
stage3_declaration_method_body,stage3_declaration_method_body,declaration_method_body_v1,daytrader,25,da53d434b820e3c25bc69df63ced807cd0113d412fa36acc9694d1a97631d655,da53d434b820e3c25bc69df63ced807cd0113d412fa36acc9694d1a97631d655,db7ef8d78036796c5c5c79cc95f54eb1b9b9974de5e6f035d1929391b415f66c,422f35b2dac5ab2c9d80f631cc3154a7ba6ccadc124837c2e795833c3034f61c,6a995ce5caedd3fa567a09491378a629f7cdef61e41107cf25360bbd75d311d1,c7761509fe91acb398ee5bc3a0c71e3a368a34aae316b04c5907d34bced1714d,c1af2191baefddee68a7f41c97c29f7799df4bcf5372d9e9cf44a52a3b510286,seed25_solution030,seed25_solution030,0.44003690036900366955,8.2784840159840165086,0.64012058315801412256,0.59907135132445343828,0.44003690036900366955,-8.2784840159840165086,0.64012058315801412256,True,False,"[0, 1, 2, 0, 0, 0, 3, 3, 2, 4, 2, 4, 2, 4, 4, 2, 4, 2, 0, 2, 5, 5, 0, 3, 3, 1, 6, 0, 1, 1, 1, 4, 7, 2, 2, 0, 2, 4, 4, 3, 2, 2, 0, 0, 1, 0, 0, 7, 7, 7, 7, 0, 0]"
stage3_declaration_method_body,stage3_declaration_method_body,declaration_method_body_v1,daytrader,25,da53d434b820e3c25bc69df63ced807cd0113d412fa36acc9694d1a97631d655,da53d434b820e3c25bc69df63ced807cd0113d412fa36acc9694d1a97631d655,db7ef8d78036796c5c5c79cc95f54eb1b9b9974de5e6f035d1929391b415f66c,422f35b2dac5ab2c9d80f631cc3154a7ba6ccadc124837c2e795833c3034f61c,6a995ce5caedd3fa567a09491378a629f7cdef61e41107cf25360bbd75d311d1,c7761509fe91acb398ee5bc3a0c71e3a368a34aae316b04c5907d34bced1714d,c1af2191baefddee68a7f41c97c29f7799df4bcf5372d9e9cf44a52a3b510286,seed25_solution031,seed25_solution031,0.44972324723247231182,2.7346677132391414844,0.55073658563495941909,0.69434101492091993002,0.44972324723247231182,-2.7346677132391414844,0.55073658563495941909,True,False,"[0, 0, 1, 1, 1, 0, 0, 1, 1, 0, 0, 2, 2, 2, 0, 3, 0, 0, 4, 4, 1, 3, 0, 3, 2, 0, 2, 2, 5, 3, 1, 4, 2, 6, 2, 3, 2, 6, 1, 6, 5, 2, 0, 3, 0, 6, 4, 2, 2, 6, 2, 2, 3]"
stage3_declaration_method_body,stage3_declaration_method_body,declaration_method_body_v1,daytrader,25,da53d434b820e3c25bc69df63ced807cd0113d412fa36acc9694d1a97631d655,da53d434b820e3c25bc69df63ced807cd0113d412fa36acc9694d1a97631d655,db7ef8d78036796c5c5c79cc95f54eb1b9b9974de5e6f035d1929391b415f66c,422f35b2dac5ab2c9d80f631cc3154a7ba6ccadc124837c2e795833c3034f61c,6a995ce5caedd3fa567a09491378a629f7cdef61e41107cf25360bbd75d311d1,c7761509fe91acb398ee5bc3a0c71e3a368a34aae316b04c5907d34bced1714d,c1af2191baefddee68a7f41c97c29f7799df4bcf5372d9e9cf44a52a3b510286,seed25_solution033,seed25_solution033,0.47832103321033209165,2.148039215686274428,0.0962079153508072632,0.7101355186351431259,0.47832103321033209165,-2.148039215686274428,0.0962079153508072632,True,False,"[0, 0, 1, 2, 0, 1, 2, 2, 0, 1, 0, 1, 2, 1, 2, 0, 1, 1, 1, 0, 2, 2, 1, 1, 2, 1, 2, 1, 2, 0, 2, 0, 2, 0, 2, 0, 1, 2, 1, 1, 1, 0, 0, 1, 0, 0, 1, 1, 2, 1, 2, 0, 0]"
stage3_declaration_method_body,stage3_declaration_method_body,declaration_method_body_v1,daytrader,25,da53d434b820e3c25bc69df63ced807cd0113d412fa36acc9694d1a97631d655,da53d434b820e3c25bc69df63ced807cd0113d412fa36acc9694d1a97631d655,db7ef8d78036796c5c5c79cc95f54eb1b9b9974de5e6f035d1929391b415f66c,422f35b2dac5ab2c9d80f631cc3154a7ba6ccadc124837c2e795833c3034f61c,6a995ce5caedd3fa567a09491378a629f7cdef61e41107cf25360bbd75d311d1,c7761509fe91acb398ee5bc3a0c71e3a368a34aae316b04c5907d34bced1714d,c1af2191baefddee68a7f41c97c29f7799df4bcf5372d9e9cf44a52a3b510286,seed25_solution034,seed25_solution034,0.48708487084870849548,2.2701519069166127274,0.53232965961003331223,0.71430209611856665397,0.48708487084870849548,-2.2701519069166127274,0.53232965961003331223,True,False,"[0, 0, 1, 2, 0, 1, 1, 3, 1, 1, 3, 3, 3, 0, 1, 0, 0, 1, 4, 3, 0, 3, 1, 0, 0, 1, 0, 0, 2, 0, 1, 0, 3, 3, 3, 3, 2, 2, 0, 1, 3, 1, 2, 0, 0, 1, 0, 3, 2, 4, 3, 1, 3]"
stage3_declaration_method_body,stage3_declaration_method_body,declaration_method_body_v1,daytrader,25,da53d434b820e3c25bc69df63ced807cd0113d412fa36acc9694d1a97631d655,da53d434b820e3c25bc69df63ced807cd0113d412fa36acc9694d1a97631d655,db7ef8d78036796c5c5c79cc95f54eb1b9b9974de5e6f035d1929391b415f66c,422f35b2dac5ab2c9d80f631cc3154a7ba6ccadc124837c2e795833c3034f61c,6a995ce5caedd3fa567a09491378a629f7cdef61e41107cf25360bbd75d311d1,c7761509fe91acb398ee5bc3a0c71e3a368a34aae316b04c5907d34bced1714d,c1af2191baefddee68a7f41c97c29f7799df4bcf5372d9e9cf44a52a3b510286,seed25_solution035,seed25_solution035,0.4986162361623616146,33.105699855699853629,1.0207878486584134325,0.62569595354155849165,0.4986162361623616146,-33.105699855699853629,1.0207878486584134325,True,False,"[0, 0, 1, 2, 0, 3, 1, 0, 1, 0, 2, 4, 2, 0, 0, 0, 0, 0, 1, 5, 2, 1, 3, 0, 1, 0, 1, 6, 6, 0, 6, 0, 2, 2, 2, 0, 1, 6, 0, 0, 1, 0, 6, 0, 0, 0, 2, 2, 7, 2, 2, 1, 2]"
stage3_declaration_method_body,stage3_declaration_method_body,declaration_method_body_v1,daytrader,25,da53d434b820e3c25bc69df63ced807cd0113d412fa36acc9694d1a97631d655,da53d434b820e3c25bc69df63ced807cd0113d412fa36acc9694d1a97631d655,db7ef8d78036796c5c5c79cc95f54eb1b9b9974de5e6f035d1929391b415f66c,422f35b2dac5ab2c9d80f631cc3154a7ba6ccadc124837c2e795833c3034f61c,6a995ce5caedd3fa567a09491378a629f7cdef61e41107cf25360bbd75d311d1,c7761509fe91acb398ee5bc3a0c71e3a368a34aae316b04c5907d34bced1714d,c1af2191baefddee68a7f41c97c29f7799df4bcf5372d9e9cf44a52a3b510286,seed25_solution036,seed25_solution036,0.50184501845018447685,33.185343567251464947,0.94245235801827742517,0.68107448464732323057,0.50184501845018447685,-33.185343567251464947,0.94245235801827742517,True,False,"[0, 0, 1, 2, 0, 3, 1, 4, 1, 0, 2, 2, 5, 0, 0, 0, 0, 0, 1, 5, 2, 1, 3, 0, 1, 0, 1, 6, 5, 0, 5, 0, 2, 2, 2, 0, 1, 5, 0, 0, 1, 0, 6, 0, 0, 0, 2, 2, 7, 4, 2, 2, 2]"
stage3_declaration_method_body,stage3_declaration_method_body,declaration_method_body_v1,daytrader,25,da53d434b820e3c25bc69df63ced807cd0113d412fa36acc9694d1a97631d655,da53d434b820e3c25bc69df63ced807cd0113d412fa36acc9694d1a97631d655,db7ef8d78036796c5c5c79cc95f54eb1b9b9974de5e6f035d1929391b415f66c,422f35b2dac5ab2c9d80f631cc3154a7ba6ccadc124837c2e795833c3034f61c,6a995ce5caedd3fa567a09491378a629f7cdef61e41107cf25360bbd75d311d1,c7761509fe91acb398ee5bc3a0c71e3a368a34aae316b04c5907d34bced1714d,c1af2191baefddee68a7f41c97c29f7799df4bcf5372d9e9cf44a52a3b510286,seed25_solution037,seed25_solution037,0.5064575645756457245,2.4785768153415213,0.5083846635965086902,0.72236677481811351065,0.5064575645756457245,-2.4785768153415213,0.5083846635965086902,True,False,"[0, 0, 1, 2, 0, 1, 1, 3, 1, 1, 3, 3, 3, 0, 1, 0, 0, 1, 4, 3, 0, 3, 1, 0, 0, 1, 0, 0, 2, 0, 1, 0, 3, 3, 3, 3, 2, 2, 0, 1, 3, 1, 2, 0, 0, 1, 0, 3, 2, 4, 3, 2, 3]"
stage3_declaration_method_body,stage3_declaration_method_body,declaration_method_body_v1,daytrader,25,da53d434b820e3c25bc69df63ced807cd0113d412fa36acc9694d1a97631d655,da53d434b820e3c25bc69df63ced807cd0113d412fa36acc9694d1a97631d655,db7ef8d78036796c5c5c79cc95f54eb1b9b9974de5e6f035d1929391b415f66c,422f35b2dac5ab2c9d80f631cc3154a7ba6ccadc124837c2e795833c3034f61c,6a995ce5caedd3fa567a09491378a629f7cdef61e41107cf25360bbd75d311d1,c7761509fe91acb398ee5bc3a0c71e3a368a34aae316b04c5907d34bced1714d,c1af2191baefddee68a7f41c97c29f7799df4bcf5372d9e9cf44a52a3b510286,seed25_solution039,seed25_solution039,0.51522140221402212834,14.496938775510203712,0.8642250936300971409,0.62880758466716768496,0.51522140221402212834,-14.496938775510203712,0.8642250936300971409,True,False,"[0, 0, 1, 2, 0, 3, 0, 0, 1, 0, 2, 2, 2, 0, 3, 0, 0, 0, 4, 5, 2, 2, 3, 1, 1, 0, 1, 4, 5, 0, 5, 0, 2, 2, 2, 0, 1, 5, 0, 0, 1, 0, 4, 0, 0, 0, 1, 6, 0, 2, 2, 1, 2]"
stage3_declaration_method_body,stage3_declaration_method_body,declaration_method_body_v1,daytrader,25,da53d434b820e3c25bc69df63ced807cd0113d412fa36acc9694d1a97631d655,da53d434b820e3c25bc69df63ced807cd0113d412fa36acc9694d1a97631d655,db7ef8d78036796c5c5c79cc95f54eb1b9b9974de5e6f035d1929391b415f66c,422f35b2dac5ab2c9d80f631cc3154a7ba6ccadc124837c2e795833c3034f61c,6a995ce5caedd3fa567a09491378a629f7cdef61e41107cf25360bbd75d311d1,c7761509fe91acb398ee5bc3a0c71e3a368a34aae316b04c5907d34bced1714d,c1af2191baefddee68a7f41c97c29f7799df4bcf5372d9e9cf44a52a3b510286,seed25_solution040,seed25_solution040,0.51752767527675280768,44.16599277915067745,0.76059035361307059109,0.65481776010516279385,0.51752767527675280768,-44.16599277915067745,0.76059035361307059109,True,False,"[0, 0, 1, 2, 0, 3, 1, 4, 1, 0, 1, 2, 2, 0, 0, 0, 0, 0, 1, 5, 2, 2, 3, 0, 1, 0, 1, 1, 0, 1, 4, 0, 4, 2, 2, 0, 1, 5, 0, 0, 1, 0, 2, 0, 0, 0, 2, 2, 5, 2, 2, 2, 2]"
stage3_declaration_method_body,stage3_declaration_method_body,declaration_method_body_v1,daytrader,25,da53d434b820e3c25bc69df63ced807cd0113d412fa36acc9694d1a97631d655,da53d434b820e3c25bc69df63ced807cd0113d412fa36acc9694d1a97631d655,db7ef8d78036796c5c5c79cc95f54eb1b9b9974de5e6f035d1929391b415f66c,422f35b2dac5ab2c9d80f631cc3154a7ba6ccadc124837c2e795833c3034f61c,6a995ce5caedd3fa567a09491378a629f7cdef61e41107cf25360bbd75d311d1,c7761509fe91acb398ee5bc3a0c71e3a368a34aae316b04c5907d34bced1714d,c1af2191baefddee68a7f41c97c29f7799df4bcf5372d9e9cf44a52a3b510286,seed25_solution041,seed25_solution041,0.52167896678966785284,17.11314562630352043,0.69913235145844920826,0.65965214173256336849,0.52167896678966785284,-17.11314562630352043,0.69913235145844920826,True,False,"[0, 0, 1, 2, 0, 3, 3, 4, 1, 0, 1, 2, 2, 0, 0, 0, 0, 0, 0, 4, 2, 2, 3, 1, 1, 0, 4, 1, 0, 1, 4, 0, 4, 4, 2, 0, 1, 2, 0, 2, 1, 0, 2, 0, 0, 0, 1, 1, 5, 2, 2, 2, 2]"
stage3_declaration_method_body,stage3_declaration_method_body,declaration_method_body_v1,daytrader,25,da53d434b820e3c25bc69df63ced807cd0113d412fa36acc9694d1a97631d655,da53d434b820e3c25bc69df63ced807cd0113d412fa36acc9694d1a97631d655,db7ef8d78036796c5c5c79cc95f54eb1b9b9974de5e6f035d1929391b415f66c,422f35b2dac5ab2c9d80f631cc3154a7ba6ccadc124837c2e795833c3034f61c,6a995ce5caedd3fa567a09491378a629f7cdef61e41107cf25360bbd75d311d1,c7761509fe91acb398ee5bc3a0c71e3a368a34aae316b04c5907d34bced1714d,c1af2191baefddee68a7f41c97c29f7799df4bcf5372d9e9cf44a52a3b510286,seed25_solution043,seed25_solution043,0.53505535055350550433,44.156618819776717544,0.74641662056047097806,0.66519032772895214656,0.53505535055350550433,-44.156618819776717544,0.74641662056047097806,True,False,"[0, 0, 1, 2, 0, 3, 0, 4, 1, 0, 1, 1, 2, 0, 0, 0, 0, 0, 0, 4, 2, 2, 3, 1, 1, 0, 4, 1, 0, 1, 4, 0, 4, 4, 2, 0, 1, 2, 0, 2, 1, 0, 2, 0, 0, 0, 1, 1, 5, 2, 2, 2, 2]"
stage3_declaration_method_body,stage3_declaration_method_body,declaration_method_body_v1,daytrader,25,da53d434b820e3c25bc69df63ced807cd0113d412fa36acc9694d1a97631d655,da53d434b820e3c25bc69df63ced807cd0113d412fa36acc9694d1a97631d655,db7ef8d78036796c5c5c79cc95f54eb1b9b9974de5e6f035d1929391b415f66c,422f35b2dac5ab2c9d80f631cc3154a7ba6ccadc124837c2e795833c3034f61c,6a995ce5caedd3fa567a09491378a629f7cdef61e41107cf25360bbd75d311d1,c7761509fe91acb398ee5bc3a0c71e3a368a34aae316b04c5907d34bced1714d,c1af2191baefddee68a7f41c97c29f7799df4bcf5372d9e9cf44a52a3b510286,seed25_solution044,seed25_solution044,0.53597785977859779827,53.209245395127744871,0.63593583193783831398,0.63565350379856400131,0.53597785977859779827,-53.209245395127744871,0.63593583193783831398,True,False,"[0, 0, 1, 2, 0, 3, 1, 0, 1, 0, 1, 2, 2, 0, 0, 0, 0, 0, 2, 4, 2, 2, 3, 1, 1, 0, 1, 1, 0, 0, 4, 2, 2, 4, 2, 0, 1, 4, 2, 2, 1, 2, 2, 0, 0, 0, 2, 1, 0, 2, 2, 2, 2]"
stage3_declaration_method_body,stage3_declaration_method_body,declaration_method_body_v1,daytrader,25,da53d434b820e3c25bc69df63ced807cd0113d412fa36acc9694d1a97631d655,da53d434b820e3c25bc69df63ced807cd0113d412fa36acc9694d1a97631d655,db7ef8d78036796c5c5c79cc95f54eb1b9b9974de5e6f035d1929391b415f66c,422f35b2dac5ab2c9d80f631cc3154a7ba6ccadc124837c2e795833c3034f61c,6a995ce5caedd3fa567a09491378a629f7cdef61e41107cf25360bbd75d311d1,c7761509fe91acb398ee5bc3a0c71e3a368a34aae316b04c5907d34bced1714d,c1af2191baefddee68a7f41c97c29f7799df4bcf5372d9e9cf44a52a3b510286,seed25_solution045,seed25_solution045,0.5475092250922509729,3.2636163836163829544,0.35096368373091085813,0.79418437312697309771,0.5475092250922509729,-3.2636163836163829544,0.35096368373091085813,True,False,"[0, 0, 1, 0, 0, 2, 0, 2, 2, 2, 3, 1, 0, 4, 2, 4, 4, 2, 1, 0, 3, 2, 2, 1, 1, 1, 0, 0, 2, 0, 1, 4, 1, 1, 4, 1, 4, 2, 1, 1, 4, 4, 0, 0, 1, 0, 1, 1, 4, 2, 3, 4, 3]"
stage3_declaration_method_body,stage3_declaration_method_body,declaration_method_body_v1,daytrader,25,da53d434b820e3c25bc69df63ced807cd0113d412fa36acc9694d1a97631d655,da53d434b820e3c25bc69df63ced807cd0113d412fa36acc9694d1a97631d655,db7ef8d78036796c5c5c79cc95f54eb1b9b9974de5e6f035d1929391b415f66c,422f35b2dac5ab2c9d80f631cc3154a7ba6ccadc124837c2e795833c3034f61c,6a995ce5caedd3fa567a09491378a629f7cdef61e41107cf25360bbd75d311d1,c7761509fe91acb398ee5bc3a0c71e3a368a34aae316b04c5907d34bced1714d,c1af2191baefddee68a7f41c97c29f7799df4bcf5372d9e9cf44a52a3b510286,seed25_solution046,seed25_solution046,0.55027675276752763267,20.377139001349526382,0.59844345385485686606,0.66045753959821396073,0.55027675276752763267,-20.377139001349526382,0.59844345385485686606,True,False,"[0, 0, 1, 2, 0, 3, 3, 4, 1, 0, 1, 2, 2, 0, 0, 0, 0, 0, 0, 4, 2, 0, 3, 1, 1, 0, 1, 1, 0, 1, 4, 0, 2, 4, 2, 0, 1, 2, 2, 2, 1, 1, 0, 0, 0, 0, 1, 1, 0, 2, 2, 2, 2]"
stage3_declaration_method_body,stage3_declaration_method_body,declaration_method_body_v1,daytrader,25,da53d434b820e3c25bc69df63ced807cd0113d412fa36acc9694d1a97631d655,da53d434b820e3c25bc69df63ced807cd0113d412fa36acc9694d1a97631d655,db7ef8d78036796c5c5c79cc95f54eb1b9b9974de5e6f035d1929391b415f66c,422f35b2dac5ab2c9d80f631cc3154a7ba6ccadc124837c2e795833c3034f61c,6a995ce5caedd3fa567a09491378a629f7cdef61e41107cf25360bbd75d311d1,c7761509fe91acb398ee5bc3a0c71e3a368a34aae316b04c5907d34bced1714d,c1af2191baefddee68a7f41c97c29f7799df4bcf5372d9e9cf44a52a3b510286,seed25_solution047,seed25_solution047,0.55027675276752763267,18.953906485671190296,0.56161796475989500532,0.66053203855844067061,0.55027675276752763267,-18.953906485671190296,0.56161796475989500532,True,False,"[0, 0, 1, 2, 1, 3, 1, 4, 1, 0, 1, 2, 2, 0, 0, 0, 0, 0, 2, 4, 2, 0, 3, 1, 1, 0, 1, 1, 0, 0, 3, 1, 2, 2, 2, 0, 2, 4, 2, 2, 1, 2, 2, 0, 0, 0, 1, 1, 4, 2, 2, 2, 2]"
stage3_declaration_method_body,stage3_declaration_method_body,declaration_method_body_v1,daytrader,25,da53d434b820e3c25bc69df63ced807cd0113d412fa36acc9694d1a97631d655,da53d434b820e3c25bc69df63ced807cd0113d412fa36acc9694d1a97631d655,db7ef8d78036796c5c5c79cc95f54eb1b9b9974de5e6f035d1929391b415f66c,422f35b2dac5ab2c9d80f631cc3154a7ba6ccadc124837c2e795833c3034f61c,6a995ce5caedd3fa567a09491378a629f7cdef61e41107cf25360bbd75d311d1,c7761509fe91acb398ee5bc3a0c71e3a368a34aae316b04c5907d34bced1714d,c1af2191baefddee68a7f41c97c29f7799df4bcf5372d9e9cf44a52a3b510286,seed25_solution051,seed25_solution051,0.5618081180811808073,53.288256217466745568,0.67924528301886799575,0.65174514865970789579,0.5618081180811808073,-53.288256217466745568,0.67924528301886799575,True,False,"[0, 0, 1, 2, 0, 3, 1, 2, 2, 0, 1, 2, 2, 0, 0, 0, 0, 0, 0, 4, 1, 0, 3, 1, 1, 0, 1, 1, 2, 0, 2, 1, 2, 4, 1, 0, 1, 0, 2, 2, 1, 1, 0, 0, 0, 2, 1, 2, 0, 2, 2, 2, 2]"
stage3_declaration_method_body,stage3_declaration_method_body,declaration_method_body_v1,daytrader,25,da53d434b820e3c25bc69df63ced807cd0113d412fa36acc9694d1a97631d655,da53d434b820e3c25bc69df63ced807cd0113d412fa36acc9694d1a97631d655,db7ef8d78036796c5c5c79cc95f54eb1b9b9974de5e6f035d1929391b415f66c,422f35b2dac5ab2c9d80f631cc3154a7ba6ccadc124837c2e795833c3034f61c,6a995ce5caedd3fa567a09491378a629f7cdef61e41107cf25360bbd75d311d1,c7761509fe91acb398ee5bc3a0c71e3a368a34aae316b04c5907d34bced1714d,c1af2191baefddee68a7f41c97c29f7799df4bcf5372d9e9cf44a52a3b510286,seed25_solution052,seed25_solution052,0.56411439114391148664,3.9665578865578865475,0.15328374348369736002,0.86886998813360682981,0.56411439114391148664,-3.9665578865578865475,0.15328374348369736002,True,False,"[0, 1, 2, 0, 0, 3, 0, 4, 3, 3, 2, 2, 0, 0, 3, 0, 3, 3, 1, 0, 2, 2, 3, 1, 1, 1, 1, 1, 4, 1, 4, 4, 4, 2, 2, 1, 1, 3, 0, 0, 1, 3, 0, 0, 2, 0, 2, 2, 4, 4, 3, 4, 2]"
stage3_declaration_method_body,stage3_declaration_method_body,declaration_method_body_v1,daytrader,25,da53d434b820e3c25bc69df63ced807cd0113d412fa36acc9694d1a97631d655,da53d434b820e3c25bc69df63ced807cd0113d412fa36acc9694d1a97631d655,db7ef8d78036796c5c5c79cc95f54eb1b9b9974de5e6f035d1929391b415f66c,422f35b2dac5ab2c9d80f631cc3154a7ba6ccadc124837c2e795833c3034f61c,6a995ce5caedd3fa567a09491378a629f7cdef61e41107cf25360bbd75d311d1,c7761509fe91acb398ee5bc3a0c71e3a368a34aae316b04c5907d34bced1714d,c1af2191baefddee68a7f41c97c29f7799df4bcf5372d9e9cf44a52a3b510286,seed25_solution053,seed25_solution053,0.5682656826568265318,2.0732570806100221183,0.026683274761756508447,0.74123624330786719305,0.5682656826568265318,-2.0732570806100221183,0.026683274761756508447,True,False,"[0, 0, 1, 2, 0, 1, 2, 2, 0, 1, 0, 1, 2, 1, 2, 0, 1, 2, 1, 0, 2, 2, 1, 1, 2, 2, 2, 1, 2, 0, 2, 0, 2, 0, 2, 0, 1, 2, 1, 1, 1, 0, 0, 1, 0, 0, 1, 1, 2, 1, 2, 0, 0]"
stage3_declaration_method_body,stage3_declaration_method_body,declaration_method_body_v1,daytrader,25,da53d434b820e3c25bc69df63ced807cd0113d412fa36acc9694d1a97631d655,da53d434b820e3c25bc69df63ced807cd0113d412fa36acc9694d1a97631d655,db7ef8d78036796c5c5c79cc95f54eb1b9b9974de5e6f035d1929391b415f66c,422f35b2dac5ab2c9d80f631cc3154a7ba6ccadc124837c2e795833c3034f61c,6a995ce5caedd3fa567a09491378a629f7cdef61e41107cf25360bbd75d311d1,c7761509fe91acb398ee5bc3a0c71e3a368a34aae316b04c5907d34bced1714d,c1af2191baefddee68a7f41c97c29f7799df4bcf5372d9e9cf44a52a3b510286,seed25_solution054,seed25_solution054,0.5774907749077490271,7.2984371184371195085,0.24309620239104012818,0.81544020471692080232,0.5774907749077490271,-7.2984371184371195085,0.24309620239104012818,True,False,"[0, 1, 2, 0, 0, 3, 0, 2, 1, 3, 2, 2, 0, 0, 3, 0, 3, 3, 1, 0, 2, 2, 3, 1, 1, 1, 1, 1, 4, 1, 4, 4, 2, 2, 2, 1, 1, 4, 0, 0, 1, 0, 0, 1, 0, 3, 1, 2, 4, 4, 4, 4, 4]"
stage3_declaration_method_body,stage3_declaration_method_body,declaration_method_body_v1,daytrader,25,da53d434b820e3c25bc69df63ced807cd0113d412fa36acc9694d1a97631d655,da53d434b820e3c25bc69df63ced807cd0113d412fa36acc9694d1a97631d655,db7ef8d78036796c5c5c79cc95f54eb1b9b9974de5e6f035d1929391b415f66c,422f35b2dac5ab2c9d80f631cc3154a7ba6ccadc124837c2e795833c3034f61c,6a995ce5caedd3fa567a09491378a629f7cdef61e41107cf25360bbd75d311d1,c7761509fe91acb398ee5bc3a0c71e3a368a34aae316b04c5907d34bced1714d,c1af2191baefddee68a7f41c97c29f7799df4bcf5372d9e9cf44a52a3b510286,seed25_solution057,seed25_solution057,0.59547970479704792623,17.768916279798631308,0.46062474021636617971,0.67311934011881202622,0.59547970479704792623,-17.768916279798631308,0.46062474021636617971,True,False,"[0, 1, 2, 2, 0, 3, 1, 2, 2, 3, 1, 2, 2, 0, 0, 0, 4, 3, 1, 4, 2, 2, 3, 1, 1, 0, 1, 0, 0, 0, 1, 2, 2, 4, 2, 1, 4, 4, 2, 2, 1, 2, 0, 0, 0, 0, 1, 1, 0, 4, 2, 2, 2]"
stage3_declaration_method_body,stage3_declaration_method_body,declaration_method_body_v1,daytrader,25,da53d434b820e3c25bc69df63ced807cd0113d412fa36acc9694d1a97631d655,da53d434b820e3c25bc69df63ced807cd0113d412fa36acc9694d1a97631d655,db7ef8d78036796c5c5c79cc95f54eb1b9b9974de5e6f035d1929391b415f66c,422f35b2dac5ab2c9d80f631cc3154a7ba6ccadc124837c2e795833c3034f61c,6a995ce5caedd3fa567a09491378a629f7cdef61e41107cf25360bbd75d311d1,c7761509fe91acb398ee5bc3a0c71e3a368a34aae316b04c5907d34bced1714d,c1af2191baefddee68a7f41c97c29f7799df4bcf5372d9e9cf44a52a3b510286,seed25_solution058,seed25_solution058,0.60977859778597787166,11.022256077256077589,0.38017814489829970803,0.70251337261706781057,0.60977859778597787166,-11.022256077256077589,0.38017814489829970803,True,False,"[0, 1, 2, 2, 0, 3, 1, 2, 2, 3, 1, 2, 2, 0, 0, 0, 4, 3, 1, 4, 2, 2, 3, 1, 1, 0, 1, 0, 0, 0, 1, 2, 2, 4, 3, 1, 4, 4, 2, 2, 1, 2, 0, 4, 0, 0, 1, 1, 0, 4, 2, 2, 2]"
stage3_declaration_method_body,stage3_declaration_method_body,declaration_method_body_v1,daytrader,25,da53d434b820e3c25bc69df63ced807cd0113d412fa36acc9694d1a97631d655,da53d434b820e3c25bc69df63ced807cd0113d412fa36acc9694d1a97631d655,db7ef8d78036796c5c5c79cc95f54eb1b9b9974de5e6f035d1929391b415f66c,422f35b2dac5ab2c9d80f631cc3154a7ba6ccadc124837c2e795833c3034f61c,6a995ce5caedd3fa567a09491378a629f7cdef61e41107cf25360bbd75d311d1,c7761509fe91acb398ee5bc3a0c71e3a368a34aae316b04c5907d34bced1714d,c1af2191baefddee68a7f41c97c29f7799df4bcf5372d9e9cf44a52a3b510286,seed25_solution059,seed25_solution059,0.61439114391143911931,5.3929181929181924104,0.22798199950178441031,0.78557848717144884709,0.61439114391143911931,-5.3929181929181924104,0.22798199950178441031,True,False,"[0, 1, 2, 2, 0, 3, 0, 4, 2, 3, 2, 2, 0, 0, 4, 0, 3, 3, 1, 1, 1, 0, 3, 1, 2, 1, 1, 1, 4, 1, 2, 1, 2, 2, 1, 1, 4, 4, 2, 2, 2, 3, 0, 1, 0, 3, 4, 1, 4, 4, 4, 3, 2]"
stage3_declaration_method_body,stage3_declaration_method_body,declaration_method_body_v1,daytrader,25,da53d434b820e3c25bc69df63ced807cd0113d412fa36acc9694d1a97631d655,da53d434b820e3c25bc69df63ced807cd0113d412fa36acc9694d1a97631d655,db7ef8d78036796c5c5c79cc95f54eb1b9b9974de5e6f035d1929391b415f66c,422f35b2dac5ab2c9d80f631cc3154a7ba6ccadc124837c2e795833c3034f61c,6a995ce5caedd3fa567a09491378a629f7cdef61e41107cf25360bbd75d311d1,c7761509fe91acb398ee5bc3a0c71e3a368a34aae316b04c5907d34bced1714d,c1af2191baefddee68a7f41c97c29f7799df4bcf5372d9e9cf44a52a3b510286,seed25_solution060,seed25_solution060,0.61531365313653141325,12.953964303670185032,0.38942957435000558064,0.81193177654156523104,0.61531365313653141325,-12.953964303670185032,0.38942957435000558064,True,False,"[0, 1, 2, 0, 0, 3, 1, 4, 1, 3, 2, 0, 0, 0, 0, 4, 3, 3, 1, 0, 1, 0, 3, 0, 1, 1, 0, 0, 4, 1, 1, 1, 4, 4, 4, 1, 2, 2, 0, 1, 1, 2, 0, 0, 0, 0, 2, 4, 2, 4, 2, 4, 4]"
stage3_declaration_method_body,stage3_declaration_method_body,declaration_method_body_v1,daytrader,25,da53d434b820e3c25bc69df63ced807cd0113d412fa36acc9694d1a97631d655,da53d434b820e3c25bc69df63ced807cd0113d412fa36acc9694d1a97631d655,db7ef8d78036796c5c5c79cc95f54eb1b9b9974de5e6f035d1929391b415f66c,422f35b2dac5ab2c9d80f631cc3154a7ba6ccadc124837c2e795833c3034f61c,6a995ce5caedd3fa567a09491378a629f7cdef61e41107cf25360bbd75d311d1,c7761509fe91acb398ee5bc3a0c71e3a368a34aae316b04c5907d34bced1714d,c1af2191baefddee68a7f41c97c29f7799df4bcf5372d9e9cf44a52a3b510286,seed25_solution061,seed25_solution061,0.625,27.829490607431786486,0.43682403406755571096,0.69329403489171825825,0.625,-27.829490607431786486,0.43682403406755571096,True,False,"[0, 0, 1, 2, 0, 3, 4, 1, 4, 3, 1, 0, 2, 0, 0, 0, 0, 0, 2, 4, 1, 0, 3, 1, 1, 0, 1, 1, 0, 4, 4, 4, 2, 2, 2, 0, 4, 0, 1, 2, 1, 2, 2, 0, 0, 0, 1, 1, 4, 4, 1, 2, 2]"
stage3_declaration_method_body,stage3_declaration_method_body,declaration_method_body_v1,daytrader,25,da53d434b820e3c25bc69df63ced807cd0113d412fa36acc9694d1a97631d655,da53d434b820e3c25bc69df63ced807cd0113d412fa36acc9694d1a97631d655,db7ef8d78036796c5c5c79cc95f54eb1b9b9974de5e6f035d1929391b415f66c,422f35b2dac5ab2c9d80f631cc3154a7ba6ccadc124837c2e795833c3034f61c,6a995ce5caedd3fa567a09491378a629f7cdef61e41107cf25360bbd75d311d1,c7761509fe91acb398ee5bc3a0c71e3a368a34aae316b04c5907d34bced1714d,c1af2191baefddee68a7f41c97c29f7799df4bcf5372d9e9cf44a52a3b510286,seed25_solution062,seed25_solution062,0.6263837638376383854,3.3640404040404043862,0.07547169811320754429,0.87630960487198361619,0.6263837638376383854,-3.3640404040404043862,0.07547169811320754429,True,False,"[0, 1, 2, 0, 0, 3, 0, 4, 3, 3, 2, 2, 0, 1, 3, 4, 4, 3, 1, 2, 2, 3, 3, 1, 1, 1, 0, 0, 4, 1, 1, 1, 4, 2, 4, 1, 4, 3, 0, 1, 1, 3, 0, 0, 2, 0, 2, 2, 4, 4, 3, 4, 2]"
stage3_declaration_method_body,stage3_declaration_method_body,declaration_method_body_v1,daytrader,25,da53d434b820e3c25bc69df63ced807cd0113d412fa36acc9694d1a97631d655,da53d434b820e3c25bc69df63ced807cd0113d412fa36acc9694d1a97631d655,db7ef8d78036796c5c5c79cc95f54eb1b9b9974de5e6f035d1929391b415f66c,422f35b2dac5ab2c9d80f631cc3154a7ba6ccadc124837c2e795833c3034f61c,6a995ce5caedd3fa567a09491378a629f7cdef61e41107cf25360bbd75d311d1,c7761509fe91acb398ee5bc3a0c71e3a368a34aae316b04c5907d34bced1714d,c1af2191baefddee68a7f41c97c29f7799df4bcf5372d9e9cf44a52a3b510286,seed25_solution063,seed25_solution063,0.63007380073800733911,3.9983838383838383734,0.12796849024764656022,0.86535111643941708959,0.63007380073800733911,-3.9983838383838383734,0.12796849024764656022,True,False,"[0, 1, 2, 0, 0, 3, 0, 4, 3, 3, 2, 2, 0, 1, 3, 4, 4, 3, 1, 0, 2, 3, 3, 1, 1, 1, 0, 0, 4, 1, 1, 1, 4, 2, 4, 1, 4, 4, 0, 1, 1, 3, 0, 0, 2, 0, 2, 2, 4, 4, 3, 4, 2]"
stage3_declaration_method_body,stage3_declaration_method_body,declaration_method_body_v1,daytrader,25,da53d434b820e3c25bc69df63ced807cd0113d412fa36acc9694d1a97631d655,da53d434b820e3c25bc69df63ced807cd0113d412fa36acc9694d1a97631d655,db7ef8d78036796c5c5c79cc95f54eb1b9b9974de5e6f035d1929391b415f66c,422f35b2dac5ab2c9d80f631cc3154a7ba6ccadc124837c2e795833c3034f61c,6a995ce5caedd3fa567a09491378a629f7cdef61e41107cf25360bbd75d311d1,c7761509fe91acb398ee5bc3a0c71e3a368a34aae316b04c5907d34bced1714d,c1af2191baefddee68a7f41c97c29f7799df4bcf5372d9e9cf44a52a3b510286,seed25_solution064,seed25_solution064,0.6328413284132841099,9.1107792207792197559,0.28985455652334374266,0.86724139433112212849,0.6328413284132841099,-9.1107792207792197559,0.28985455652334374266,True,False,"[0, 1, 2, 3, 0, 2, 0, 3, 1, 2, 3, 3, 0, 0, 3, 4, 2, 2, 1, 0, 3, 0, 2, 1, 1, 3, 1, 3, 0, 1, 1, 4, 4, 3, 3, 4, 1, 4, 0, 0, 1, 1, 0, 0, 0, 0, 1, 3, 4, 3, 4, 4, 3]"
stage3_declaration_method_body,stage3_declaration_method_body,declaration_method_body_v1,daytrader,25,da53d434b820e3c25bc69df63ced807cd0113d412fa36acc9694d1a97631d655,da53d434b820e3c25bc69df63ced807cd0113d412fa36acc9694d1a97631d655,db7ef8d78036796c5c5c79cc95f54eb1b9b9974de5e6f035d1929391b415f66c,422f35b2dac5ab2c9d80f631cc3154a7ba6ccadc124837c2e795833c3034f61c,6a995ce5caedd3fa567a09491378a629f7cdef61e41107cf25360bbd75d311d1,c7761509fe91acb398ee5bc3a0c71e3a368a34aae316b04c5907d34bced1714d,c1af2191baefddee68a7f41c97c29f7799df4bcf5372d9e9cf44a52a3b510286,seed25_solution066,seed25_solution066,0.64714022140221405532,31.940902194211016507,0.45400790247230055074,0.71780094548555006817,0.64714022140221405532,-31.940902194211016507,0.45400790247230055074,True,False,"[0, 1, 2, 2, 2, 0, 2, 2, 2, 2, 1, 2, 2, 1, 2, 3, 1, 2, 3, 3, 1, 3, 0, 3, 1, 3, 1, 1, 2, 3, 2, 1, 2, 1, 1, 3, 1, 3, 2, 2, 1, 1, 3, 3, 3, 1, 3, 1, 1, 2, 1, 3, 3]"
stage3_declaration_method_body,stage3_declaration_method_body,declaration_method_body_v1,daytrader,25,da53d434b820e3c25bc69df63ced807cd0113d412fa36acc9694d1a97631d655,da53d434b820e3c25bc69df63ced807cd0113d412fa36acc9694d1a97631d655,db7ef8d78036796c5c5c79cc95f54eb1b9b9974de5e6f035d1929391b415f66c,422f35b2dac5ab2c9d80f631cc3154a7ba6ccadc124837c2e795833c3034f61c,6a995ce5caedd3fa567a09491378a629f7cdef61e41107cf25360bbd75d311d1,c7761509fe91acb398ee5bc3a0c71e3a368a34aae316b04c5907d34bced1714d,c1af2191baefddee68a7f41c97c29f7799df4bcf5372d9e9cf44a52a3b510286,seed25_solution068,seed25_solution068,0.64806273062730623824,4.2279420579420579074,0.19425717247145282696,0.82352592816329373004,0.64806273062730623824,-4.2279420579420579074,0.19425717247145282696,True,False,"[0, 1, 2, 2, 0, 3, 0, 4, 3, 3, 2, 2, 0, 0, 3, 0, 4, 0, 0, 0, 2, 3, 3, 1, 1, 0, 1, 1, 4, 1, 4, 1, 4, 2, 2, 1, 1, 3, 0, 0, 1, 3, 4, 1, 0, 0, 2, 2, 4, 4, 2, 4, 2]"
stage3_declaration_method_body,stage3_declaration_method_body,declaration_method_body_v1,daytrader,25,da53d434b820e3c25bc69df63ced807cd0113d412fa36acc9694d1a97631d655,da53d434b820e3c25bc69df63ced807cd0113d412fa36acc9694d1a97631d655,db7ef8d78036796c5c5c79cc95f54eb1b9b9974de5e6f035d1929391b415f66c,422f35b2dac5ab2c9d80f631cc3154a7ba6ccadc124837c2e795833c3034f61c,6a995ce5caedd3fa567a09491378a629f7cdef61e41107cf25360bbd75d311d1,c7761509fe91acb398ee5bc3a0c71e3a368a34aae316b04c5907d34bced1714d,c1af2191baefddee68a7f41c97c29f7799df4bcf5372d9e9cf44a52a3b510286,seed25_solution069,seed25_solution069,0.65083025830258300903,16.387239190548015699,0.41808527936151584914,0.72482409212824538969,0.65083025830258300903,-16.387239190548015699,0.41808527936151584914,True,False,"[0, 1, 2, 2, 2, 0, 2, 2, 2, 2, 1, 2, 2, 1, 2, 3, 1, 2, 3, 3, 1, 3, 0, 3, 1, 3, 1, 1, 2, 3, 2, 1, 2, 1, 1, 3, 1, 3, 2, 2, 1, 1, 3, 3, 3, 1, 3, 1, 1, 2, 1, 3, 0]"
stage3_declaration_method_body,stage3_declaration_method_body,declaration_method_body_v1,daytrader,25,da53d434b820e3c25bc69df63ced807cd0113d412fa36acc9694d1a97631d655,da53d434b820e3c25bc69df63ced807cd0113d412fa36acc9694d1a97631d655,db7ef8d78036796c5c5c79cc95f54eb1b9b9974de5e6f035d1929391b415f66c,422f35b2dac5ab2c9d80f631cc3154a7ba6ccadc124837c2e795833c3034f61c,6a995ce5caedd3fa567a09491378a629f7cdef61e41107cf25360bbd75d311d1,c7761509fe91acb398ee5bc3a0c71e3a368a34aae316b04c5907d34bced1714d,c1af2191baefddee68a7f41c97c29f7799df4bcf5372d9e9cf44a52a3b510286,seed25_solution070,seed25_solution070,0.65682656826568264208,31.881862745098040079,0.44769096293225180139,0.72741258820010690211,0.65682656826568264208,-31.881862745098040079,0.44769096293225180139,True,False,"[0, 1, 2, 2, 2, 0, 2, 2, 2, 2, 1, 2, 2, 1, 2, 3, 1, 2, 3, 3, 1, 3, 0, 3, 1, 3, 1, 1, 2, 3, 2, 1, 2, 1, 1, 3, 1, 3, 2, 2, 1, 3, 3, 3, 3, 1, 3, 1, 1, 2, 1, 3, 3]"
stage3_declaration_method_body,stage3_declaration_method_body,declaration_method_body_v1,daytrader,25,da53d434b820e3c25bc69df63ced807cd0113d412fa36acc9694d1a97631d655,da53d434b820e3c25bc69df63ced807cd0113d412fa36acc9694d1a97631d655,db7ef8d78036796c5c5c79cc95f54eb1b9b9974de5e6f035d1929391b415f66c,422f35b2dac5ab2c9d80f631cc3154a7ba6ccadc124837c2e795833c3034f61c,6a995ce5caedd3fa567a09491378a629f7cdef61e41107cf25360bbd75d311d1,c7761509fe91acb398ee5bc3a0c71e3a368a34aae316b04c5907d34bced1714d,c1af2191baefddee68a7f41c97c29f7799df4bcf5372d9e9cf44a52a3b510286,seed25_solution071,seed25_solution071,0.66651291512915133985,4.6150249750249745517,0.20321376630696241783,0.77441060681503770535,0.66651291512915133985,-4.6150249750249745517,0.20321376630696241783,True,False,"[0, 1, 0, 0, 2, 3, 0, 4, 0, 3, 2, 3, 0, 2, 4, 2, 4, 3, 4, 4, 1, 2, 3, 1, 2, 1, 1, 1, 4, 1, 2, 1, 0, 2, 1, 1, 4, 4, 0, 2, 2, 3, 1, 1, 0, 3, 4, 1, 4, 4, 4, 3, 1]"
stage3_declaration_method_body,stage3_declaration_method_body,declaration_method_body_v1,daytrader,25,da53d434b820e3c25bc69df63ced807cd0113d412fa36acc9694d1a97631d655,da53d434b820e3c25bc69df63ced807cd0113d412fa36acc9694d1a97631d655,db7ef8d78036796c5c5c79cc95f54eb1b9b9974de5e6f035d1929391b415f66c,422f35b2dac5ab2c9d80f631cc3154a7ba6ccadc124837c2e795833c3034f61c,6a995ce5caedd3fa567a09491378a629f7cdef61e41107cf25360bbd75d311d1,c7761509fe91acb398ee5bc3a0c71e3a368a34aae316b04c5907d34bced1714d,c1af2191baefddee68a7f41c97c29f7799df4bcf5372d9e9cf44a52a3b510286,seed25_solution072,seed25_solution072,0.66697416974169743131,52.932755871579402651,0.57415562470577130583,0.70301017962186129751,0.66697416974169743131,-52.932755871579402651,0.57415562470577130583,True,False,"[0, 1, 1, 2, 0, 3, 0, 2, 2, 0, 2, 2, 2, 0, 0, 0, 4, 0, 1, 4, 1, 0, 3, 1, 1, 0, 1, 1, 2, 0, 2, 2, 2, 4, 1, 1, 1, 0, 2, 2, 2, 2, 4, 0, 0, 2, 1, 1, 0, 2, 2, 4, 2]"
stage3_declaration_method_body,stage3_declaration_method_body,declaration_method_body_v1,daytrader,25,da53d434b820e3c25bc69df63ced807cd0113d412fa36acc9694d1a97631d655,da53d434b820e3c25bc69df63ced807cd0113d412fa36acc9694d1a97631d655,db7ef8d78036796c5c5c79cc95f54eb1b9b9974de5e6f035d1929391b415f66c,422f35b2dac5ab2c9d80f631cc3154a7ba6ccadc124837c2e795833c3034f61c,6a995ce5caedd3fa567a09491378a629f7cdef61e41107cf25360bbd75d311d1,c7761509fe91acb398ee5bc3a0c71e3a368a34aae316b04c5907d34bced1714d,c1af2191baefddee68a7f41c97c29f7799df4bcf5372d9e9cf44a52a3b510286,seed25_solution073,seed25_solution073,0.67389298892988924727,18.742014652014653109,0.43272999778036663754,0.73512403962897865384,0.67389298892988924727,-18.742014652014653109,0.43272999778036663754,True,False,"[0, 1, 1, 2, 0, 3, 0, 4, 2, 0, 2, 2, 0, 0, 0, 0, 4, 0, 1, 1, 1, 2, 3, 1, 1, 0, 1, 0, 0, 1, 2, 2, 2, 2, 2, 1, 4, 4, 2, 2, 2, 2, 4, 1, 0, 3, 1, 1, 4, 2, 2, 4, 4]"
stage3_declaration_method_body,stage3_declaration_method_body,declaration_method_body_v1,daytrader,25,da53d434b820e3c25bc69df63ced807cd0113d412fa36acc9694d1a97631d655,da53d434b820e3c25bc69df63ced807cd0113d412fa36acc9694d1a97631d655,db7ef8d78036796c5c5c79cc95f54eb1b9b9974de5e6f035d1929391b415f66c,422f35b2dac5ab2c9d80f631cc3154a7ba6ccadc124837c2e795833c3034f61c,6a995ce5caedd3fa567a09491378a629f7cdef61e41107cf25360bbd75d311d1,c7761509fe91acb398ee5bc3a0c71e3a368a34aae316b04c5907d34bced1714d,c1af2191baefddee68a7f41c97c29f7799df4bcf5372d9e9cf44a52a3b510286,seed25_solution074,seed25_solution074,0.67435424354243544975,65.9911858974358978,0.52661455611142882205,0.64065604980154300385,0.67435424354243544975,-65.9911858974358978,0.52661455611142882205,True,False,"[0, 1, 1, 2, 0, 3, 2, 2, 2, 2, 1, 1, 2, 1, 2, 0, 0, 2, 1, 0, 1, 0, 3, 0, 2, 0, 2, 1, 2, 0, 1, 1, 2, 1, 1, 0, 1, 2, 1, 1, 1, 2, 0, 0, 0, 1, 1, 1, 2, 1, 1, 2, 0]"
stage3_declaration_method_body,stage3_declaration_method_body,declaration_method_body_v1,daytrader,25,da53d434b820e3c25bc69df63ced807cd0113d412fa36acc9694d1a97631d655,da53d434b820e3c25bc69df63ced807cd0113d412fa36acc9694d1a97631d655,db7ef8d78036796c5c5c79cc95f54eb1b9b9974de5e6f035d1929391b415f66c,422f35b2dac5ab2c9d80f631cc3154a7ba6ccadc124837c2e795833c3034f61c,6a995ce5caedd3fa567a09491378a629f7cdef61e41107cf25360bbd75d311d1,c7761509fe91acb398ee5bc3a0c71e3a368a34aae316b04c5907d34bced1714d,c1af2191baefddee68a7f41c97c29f7799df4bcf5372d9e9cf44a52a3b510286,seed25_solution075,seed25_solution075,0.67619926199261992661,11.56446886446886424,0.37546695739872448794,0.75725534045822129325,0.67619926199261992661,-11.56446886446886424,0.37546695739872448794,True,False,"[0, 0, 1, 2, 1, 3, 1, 4, 1, 0, 4, 2, 1, 0, 1, 0, 4, 3, 1, 0, 2, 0, 3, 2, 1, 0, 4, 4, 2, 0, 3, 1, 1, 1, 1, 1, 2, 4, 2, 2, 2, 2, 0, 0, 0, 0, 4, 1, 4, 2, 2, 2, 2]"
stage3_declaration_method_body,stage3_declaration_method_body,declaration_method_body_v1,daytrader,25,da53d434b820e3c25bc69df63ced807cd0113d412fa36acc9694d1a97631d655,da53d434b820e3c25bc69df63ced807cd0113d412fa36acc9694d1a97631d655,db7ef8d78036796c5c5c79cc95f54eb1b9b9974de5e6f035d1929391b415f66c,422f35b2dac5ab2c9d80f631cc3154a7ba6ccadc124837c2e795833c3034f61c,6a995ce5caedd3fa567a09491378a629f7cdef61e41107cf25360bbd75d311d1,c7761509fe91acb398ee5bc3a0c71e3a368a34aae316b04c5907d34bced1714d,c1af2191baefddee68a7f41c97c29f7799df4bcf5372d9e9cf44a52a3b510286,seed25_solution076,seed25_solution076,0.68542435424354242191,20.351641691641692233,0.4073025121683567229,0.7500124511214678602,0.68542435424354242191,-20.351641691641692233,0.4073025121683567229,True,False,"[0, 0, 1, 2, 0, 3, 3, 4, 1, 1, 2, 2, 2, 0, 0, 4, 0, 0, 1, 4, 2, 2, 3, 1, 1, 0, 1, 1, 0, 1, 4, 0, 4, 2, 2, 0, 4, 2, 0, 2, 2, 1, 4, 0, 2, 0, 1, 1, 4, 2, 2, 4, 2]"
stage3_declaration_method_body,stage3_declaration_method_body,declaration_method_body_v1,daytrader,25,da53d434b820e3c25bc69df63ced807cd0113d412fa36acc9694d1a97631d655,da53d434b820e3c25bc69df63ced807cd0113d412fa36acc9694d1a97631d655,db7ef8d78036796c5c5c79cc95f54eb1b9b9974de5e6f035d1929391b415f66c,422f35b2dac5ab2c9d80f631cc3154a7ba6ccadc124837c2e795833c3034f61c,6a995ce5caedd3fa567a09491378a629f7cdef61e41107cf25360bbd75d311d1,c7761509fe91acb398ee5bc3a0c71e3a368a34aae316b04c5907d34bced1714d,c1af2191baefddee68a7f41c97c29f7799df4bcf5372d9e9cf44a52a3b510286,seed25_solution078,seed25_solution078,0.69418819188191882574,10.18437562437562427,0.29593183285581364794,0.75276983862663060521,0.69418819188191882574,-10.18437562437562427,0.29593183285581364794,True,False,"[0, 1, 0, 0, 2, 3, 1, 2, 0, 3, 0, 0, 0, 2, 3, 2, 4, 2, 4, 4, 2, 2, 3, 1, 1, 0, 0, 2, 4, 1, 1, 1, 0, 0, 4, 4, 1, 4, 0, 1, 4, 3, 1, 2, 2, 2, 1, 1, 4, 1, 4, 0, 1]"
stage3_declaration_method_body,stage3_declaration_method_body,declaration_method_body_v1,daytrader,25,da53d434b820e3c25bc69df63ced807cd0113d412fa36acc9694d1a97631d655,da53d434b820e3c25bc69df63ced807cd0113d412fa36acc9694d1a97631d655,db7ef8d78036796c5c5c79cc95f54eb1b9b9974de5e6f035d1929391b415f66c,422f35b2dac5ab2c9d80f631cc3154a7ba6ccadc124837c2e795833c3034f61c,6a995ce5caedd3fa567a09491378a629f7cdef61e41107cf25360bbd75d311d1,c7761509fe91acb398ee5bc3a0c71e3a368a34aae316b04c5907d34bced1714d,c1af2191baefddee68a7f41c97c29f7799df4bcf5372d9e9cf44a52a3b510286,seed25_solution079,seed25_solution079,0.69511070110701111968,5.2172693972693968689,0.22003592056019999346,0.85946799305762944243,0.69511070110701111968,-5.2172693972693968689,0.22003592056019999346,True,False,"[0, 1, 1, 2, 0, 3, 0, 4, 3, 3, 2, 2, 0, 0, 3, 4, 4, 0, 1, 0, 2, 2, 3, 1, 3, 0, 0, 0, 0, 1, 1, 2, 2, 2, 2, 4, 4, 4, 0, 1, 1, 3, 4, 0, 2, 0, 1, 1, 4, 2, 2, 4, 4]"
stage3_declaration_method_body,stage3_declaration_method_body,declaration_method_body_v1,daytrader,25,da53d434b820e3c25bc69df63ced807cd0113d412fa36acc9694d1a97631d655,da53d434b820e3c25bc69df63ced807cd0113d412fa36acc9694d1a97631d655,db7ef8d78036796c5c5c79cc95f54eb1b9b9974de5e6f035d1929391b415f66c,422f35b2dac5ab2c9d80f631cc3154a7ba6ccadc124837c2e795833c3034f61c,6a995ce5caedd3fa567a09491378a629f7cdef61e41107cf25360bbd75d311d1,c7761509fe91acb398ee5bc3a0c71e3a368a34aae316b04c5907d34bced1714d,c1af2191baefddee68a7f41c97c29f7799df4bcf5372d9e9cf44a52a3b510286,seed25_solution083,seed25_solution083,0.71125461254612543094,52.695707919531443508,0.50133321719194046118,0.7679885438573530454,0.71125461254612543094,-52.695707919531443508,0.50133321719194046118,True,False,"[0, 1, 2, 0, 0, 3, 1, 2, 1, 0, 1, 4, 2, 0, 0, 0, 4, 0, 0, 1, 4, 0, 3, 1, 1, 2, 1, 1, 2, 1, 1, 1, 2, 4, 2, 0, 2, 0, 0, 1, 1, 1, 4, 0, 0, 2, 1, 1, 4, 4, 2, 2, 4]"
stage3_declaration_method_body,stage3_declaration_method_body,declaration_method_body_v1,daytrader,25,da53d434b820e3c25bc69df63ced807cd0113d412fa36acc9694d1a97631d655,da53d434b820e3c25bc69df63ced807cd0113d412fa36acc9694d1a97631d655,db7ef8d78036796c5c5c79cc95f54eb1b9b9974de5e6f035d1929391b415f66c,422f35b2dac5ab2c9d80f631cc3154a7ba6ccadc124837c2e795833c3034f61c,6a995ce5caedd3fa567a09491378a629f7cdef61e41107cf25360bbd75d311d1,c7761509fe91acb398ee5bc3a0c71e3a368a34aae316b04c5907d34bced1714d,c1af2191baefddee68a7f41c97c29f7799df4bcf5372d9e9cf44a52a3b510286,seed25_solution084,seed25_solution084,0.72509225092250917388,65.617647058823536099,0.49020305874590869299,0.6436286252903412608,0.72509225092250917388,-65.617647058823536099,0.49020305874590869299,True,False,"[0, 1, 1, 2, 2, 3, 2, 2, 2, 2, 1, 0, 1, 0, 2, 0, 0, 0, 2, 0, 1, 0, 3, 0, 1, 0, 1, 1, 2, 0, 2, 1, 1, 1, 1, 0, 2, 0, 2, 2, 1, 2, 0, 0, 0, 1, 0, 1, 1, 2, 1, 2, 2]"
stage3_declaration_method_body,stage3_declaration_method_body,declaration_method_body_v1,daytrader,25,da53d434b820e3c25bc69df63ced807cd0113d412fa36acc9694d1a97631d655,da53d434b820e3c25bc69df63ced807cd0113d412fa36acc9694d1a97631d655,db7ef8d78036796c5c5c79cc95f54eb1b9b9974de5e6f035d1929391b415f66c,422f35b2dac5ab2c9d80f631cc3154a7ba6ccadc124837c2e795833c3034f61c,6a995ce5caedd3fa567a09491378a629f7cdef61e41107cf25360bbd75d311d1,c7761509fe91acb398ee5bc3a0c71e3a368a34aae316b04c5907d34bced1714d,c1af2191baefddee68a7f41c97c29f7799df4bcf5372d9e9cf44a52a3b510286,seed25_solution087,seed25_solution087,0.7357011070110701656,14.092329892329891194,0.37069590008280189908,0.81901196632759798444,0.7357011070110701656,-14.092329892329891194,0.37069590008280189908,True,False,"[0, 1, 2, 0, 0, 3, 0, 4, 1, 3, 1, 2, 0, 0, 1, 4, 4, 0, 2, 1, 4, 0, 3, 1, 1, 2, 0, 0, 4, 1, 1, 1, 2, 4, 2, 3, 2, 0, 0, 1, 1, 2, 4, 0, 0, 0, 1, 1, 4, 4, 2, 4, 4]"
stage3_declaration_method_body,stage3_declaration_method_body,declaration_method_body_v1,daytrader,25,da53d434b820e3c25bc69df63ced807cd0113d412fa36acc9694d1a97631d655,da53d434b820e3c25bc69df63ced807cd0113d412fa36acc9694d1a97631d655,db7ef8d78036796c5c5c79cc95f54eb1b9b9974de5e6f035d1929391b415f66c,422f35b2dac5ab2c9d80f631cc3154a7ba6ccadc124837c2e795833c3034f61c,6a995ce5caedd3fa567a09491378a629f7cdef61e41107cf25360bbd75d311d1,c7761509fe91acb398ee5bc3a0c71e3a368a34aae316b04c5907d34bced1714d,c1af2191baefddee68a7f41c97c29f7799df4bcf5372d9e9cf44a52a3b510286,seed25_solution089,seed25_solution089,0.76014760147601478923,30.354497354497350869,0.38759695441837993535,0.93432357032728763357,0.76014760147601478923,-30.354497354497350869,0.38759695441837993535,True,False,"[0, 0, 1, 2, 2, 3, 0, 4, 5, 5, 6, 1, 6, 2, 1, 5, 5, 4, 1, 5, 6, 6, 3, 7, 0, 7, 0, 0, 4, 7, 6, 5, 6, 4, 8, 0, 6, 8, 2, 8, 8, 1, 1, 5, 0, 6, 4, 0, 7, 4, 2, 5, 6]"
stage3_declaration_method_body,stage3_declaration_method_body,declaration_method_body_v1,daytrader,25,da53d434b820e3c25bc69df63ced807cd0113d412fa36acc9694d1a97631d655,da53d434b820e3c25bc69df63ced807cd0113d412fa36acc9694d1a97631d655,db7ef8d78036796c5c5c79cc95f54eb1b9b9974de5e6f035d1929391b415f66c,422f35b2dac5ab2c9d80f631cc3154a7ba6ccadc124837c2e795833c3034f61c,6a995ce5caedd3fa567a09491378a629f7cdef61e41107cf25360bbd75d311d1,c7761509fe91acb398ee5bc3a0c71e3a368a34aae316b04c5907d34bced1714d,c1af2191baefddee68a7f41c97c29f7799df4bcf5372d9e9cf44a52a3b510286,seed25_solution090,seed25_solution090,0.76937269372693728453,10.440476190476189799,0.26749899771241181234,0.91418690576225358768,0.76937269372693728453,-10.440476190476189799,0.26749899771241181234,True,False,"[0, 0, 1, 2, 2, 3, 0, 4, 2, 5, 2, 6, 5, 2, 1, 5, 5, 4, 1, 6, 6, 7, 3, 6, 0, 6, 0, 0, 4, 6, 7, 8, 7, 4, 8, 0, 9, 8, 3, 5, 9, 8, 1, 8, 7, 7, 8, 0, 8, 9, 2, 9, 9]"
stage3_declaration_method_body,stage3_declaration_method_body,declaration_method_body_v1,daytrader,25,da53d434b820e3c25bc69df63ced807cd0113d412fa36acc9694d1a97631d655,da53d434b820e3c25bc69df63ced807cd0113d412fa36acc9694d1a97631d655,db7ef8d78036796c5c5c79cc95f54eb1b9b9974de5e6f035d1929391b415f66c,422f35b2dac5ab2c9d80f631cc3154a7ba6ccadc124837c2e795833c3034f61c,6a995ce5caedd3fa567a09491378a629f7cdef61e41107cf25360bbd75d311d1,c7761509fe91acb398ee5bc3a0c71e3a368a34aae316b04c5907d34bced1714d,c1af2191baefddee68a7f41c97c29f7799df4bcf5372d9e9cf44a52a3b510286,seed25_solution091,seed25_solution091,0.77352398523985244072,52.531821511821512161,0.42442346713969780758,0.82887010485906409407,0.77352398523985244072,-52.531821511821512161,0.42442346713969780758,True,False,"[0, 0, 1, 2, 0, 3, 0, 4, 0, 1, 2, 2, 0, 0, 2, 4, 2, 0, 1, 0, 1, 2, 3, 1, 1, 0, 1, 0, 0, 1, 1, 2, 4, 2, 2, 4, 4, 4, 0, 1, 4, 1, 4, 0, 2, 0, 1, 1, 4, 2, 2, 4, 4]"
stage3_declaration_method_body,stage3_declaration_method_body,declaration_method_body_v1,daytrader,25,da53d434b820e3c25bc69df63ced807cd0113d412fa36acc9694d1a97631d655,da53d434b820e3c25bc69df63ced807cd0113d412fa36acc9694d1a97631d655,db7ef8d78036796c5c5c79cc95f54eb1b9b9974de5e6f035d1929391b415f66c,422f35b2dac5ab2c9d80f631cc3154a7ba6ccadc124837c2e795833c3034f61c,6a995ce5caedd3fa567a09491378a629f7cdef61e41107cf25360bbd75d311d1,c7761509fe91acb398ee5bc3a0c71e3a368a34aae316b04c5907d34bced1714d,c1af2191baefddee68a7f41c97c29f7799df4bcf5372d9e9cf44a52a3b510286,seed25_solution093,seed25_solution093,0.77905904059040587128,30.006701940035277687,0.37069590008280184357,0.93090066011898053855,0.77905904059040587128,-30.006701940035277687,0.37069590008280184357,True,False,"[0, 0, 1, 2, 2, 3, 0, 4, 2, 5, 6, 1, 7, 2, 1, 5, 5, 4, 1, 5, 6, 6, 3, 5, 0, 7, 0, 0, 4, 7, 0, 6, 6, 4, 5, 0, 7, 8, 2, 8, 7, 1, 1, 5, 6, 0, 4, 0, 7, 4, 2, 8, 6]"
stage3_declaration_method_body,stage3_declaration_method_body,declaration_method_body_v1,daytrader,25,da53d434b820e3c25bc69df63ced807cd0113d412fa36acc9694d1a97631d655,da53d434b820e3c25bc69df63ced807cd0113d412fa36acc9694d1a97631d655,db7ef8d78036796c5c5c79cc95f54eb1b9b9974de5e6f035d1929391b415f66c,422f35b2dac5ab2c9d80f631cc3154a7ba6ccadc124837c2e795833c3034f61c,6a995ce5caedd3fa567a09491378a629f7cdef61e41107cf25360bbd75d311d1,c7761509fe91acb398ee5bc3a0c71e3a368a34aae316b04c5907d34bced1714d,c1af2191baefddee68a7f41c97c29f7799df4bcf5372d9e9cf44a52a3b510286,seed25_solution094,seed25_solution094,0.78874538745387456906,10.431428571428572383,0.2075471698113207919,0.92193557789869196029,0.78874538745387456906,-10.431428571428572383,0.2075471698113207919,True,False,"[0, 1, 1, 2, 2, 3, 0, 4, 2, 5, 2, 6, 5, 2, 1, 5, 5, 4, 1, 7, 6, 7, 3, 6, 0, 6, 0, 0, 4, 6, 7, 8, 7, 4, 8, 0, 9, 8, 3, 5, 9, 8, 1, 8, 7, 7, 8, 0, 9, 9, 2, 9, 9]"
stage3_declaration_method_body,stage3_declaration_method_body,declaration_method_body_v1,daytrader,25,da53d434b820e3c25bc69df63ced807cd0113d412fa36acc9694d1a97631d655,da53d434b820e3c25bc69df63ced807cd0113d412fa36acc9694d1a97631d655,db7ef8d78036796c5c5c79cc95f54eb1b9b9974de5e6f035d1929391b415f66c,422f35b2dac5ab2c9d80f631cc3154a7ba6ccadc124837c2e795833c3034f61c,6a995ce5caedd3fa567a09491378a629f7cdef61e41107cf25360bbd75d311d1,c7761509fe91acb398ee5bc3a0c71e3a368a34aae316b04c5907d34bced1714d,c1af2191baefddee68a7f41c97c29f7799df4bcf5372d9e9cf44a52a3b510286,seed25_solution095,seed25_solution095,0.80258302583025831201,27.358095238095238244,0.35849056603773588048,0.88451176482731508344,0.80258302583025831201,-27.358095238095238244,0.35849056603773588048,True,False,"[0, 1, 1, 2, 2, 3, 0, 4, 2, 5, 6, 1, 7, 2, 1, 5, 7, 7, 1, 7, 6, 8, 3, 5, 1, 6, 0, 0, 4, 2, 0, 6, 8, 9, 5, 0, 7, 8, 2, 7, 7, 1, 8, 9, 6, 0, 4, 0, 8, 4, 2, 8, 9]"
stage3_declaration_method_body,stage3_declaration_method_body,declaration_method_body_v1,daytrader,25,da53d434b820e3c25bc69df63ced807cd0113d412fa36acc9694d1a97631d655,da53d434b820e3c25bc69df63ced807cd0113d412fa36acc9694d1a97631d655,db7ef8d78036796c5c5c79cc95f54eb1b9b9974de5e6f035d1929391b415f66c,422f35b2dac5ab2c9d80f631cc3154a7ba6ccadc124837c2e795833c3034f61c,6a995ce5caedd3fa567a09491378a629f7cdef61e41107cf25360bbd75d311d1,c7761509fe91acb398ee5bc3a0c71e3a368a34aae316b04c5907d34bced1714d,c1af2191baefddee68a7f41c97c29f7799df4bcf5372d9e9cf44a52a3b510286,seed25_solution098,seed25_solution098,0.85147601476014755928,29.569312169312166105,0.35298654592206990532,0.90535988117983667856,0.85147601476014755928,-29.569312169312166105,0.35298654592206990532,True,False,"[0, 1, 1, 2, 2, 3, 0, 4, 5, 6, 7, 1, 7, 2, 1, 6, 8, 8, 6, 5, 7, 6, 3, 6, 1, 7, 0, 0, 0, 2, 0, 5, 5, 4, 6, 0, 7, 4, 2, 8, 8, 1, 1, 5, 0, 0, 4, 0, 6, 4, 2, 5, 7]"
