experiment_id,experiment_name,representation_id,subject,seed,input_hash,input_aggregate_sha256,embedding_aggregate_sha256,embedding_file_sha256,class_mapping_sha256,graph_sha256,config_hash,solution_id,coupling,cohesion,imbalance,f_semantic,pymoo_f0_coupling,pymoo_f1_negative_cohesion,pymoo_f2_imbalance,pymoo_f3_f_semantic,feasible,is_injected_seed,injected_seed_name,injected_seed_category,label_vector
stage3_declaration_method_body,stage3_declaration_method_body,declaration_method_body_v1,daytrader,19,da53d434b820e3c25bc69df63ced807cd0113d412fa36acc9694d1a97631d655,da53d434b820e3c25bc69df63ced807cd0113d412fa36acc9694d1a97631d655,db7ef8d78036796c5c5c79cc95f54eb1b9b9974de5e6f035d1929391b415f66c,422f35b2dac5ab2c9d80f631cc3154a7ba6ccadc124837c2e795833c3034f61c,6a995ce5caedd3fa567a09491378a629f7cdef61e41107cf25360bbd75d311d1,c7761509fe91acb398ee5bc3a0c71e3a368a34aae316b04c5907d34bced1714d,c1af2191baefddee68a7f41c97c29f7799df4bcf5372d9e9cf44a52a3b510286,seed19_solution000,0.174354243542435422,2.55426065162907312,1.6431351741190369786,0.50030432589065332305,0.174354243542435422,-2.55426065162907312,1.6431351741190369786,0.50030432589065332305,True,False,,,"[0, 0, 0, 0, 1, 0, 0, 0, 2, 0, 3, 4, 5, 0, 0, 0, 0, 0, 6, 7, 1, 1, 0, 8, 8, 0, 9, 10, 0, 0, 0, 0, 11, 7, 12, 13, 7, 7, 7, 7, 7, 7, 14, 15, 0, 16, 16, 17, 18, 18, 18, 0, 17]"
stage3_declaration_method_body,stage3_declaration_method_body,declaration_method_body_v1,daytrader,19,da53d434b820e3c25bc69df63ced807cd0113d412fa36acc9694d1a97631d655,da53d434b820e3c25bc69df63ced807cd0113d412fa36acc9694d1a97631d655,db7ef8d78036796c5c5c79cc95f54eb1b9b9974de5e6f035d1929391b415f66c,422f35b2dac5ab2c9d80f631cc3154a7ba6ccadc124837c2e795833c3034f61c,6a995ce5caedd3fa567a09491378a629f7cdef61e41107cf25360bbd75d311d1,c7761509fe91acb398ee5bc3a0c71e3a368a34aae316b04c5907d34bced1714d,c1af2191baefddee68a7f41c97c29f7799df4bcf5372d9e9cf44a52a3b510286,seed19_solution001,0.17619926199261992661,3.3431077694235593611,1.6056592687843986855,0.51104122593279766029,0.17619926199261992661,-3.3431077694235593611,1.6056592687843986855,0.51104122593279766029,True,False,,,"[0, 0, 0, 0, 1, 0, 0, 0, 2, 0, 3, 4, 5, 0, 0, 0, 0, 0, 6, 7, 1, 1, 0, 8, 8, 0, 9, 10, 0, 0, 0, 0, 11, 7, 12, 13, 7, 14, 14, 7, 7, 7, 5, 15, 0, 16, 16, 17, 17, 17, 17, 0, 18]"
stage3_declaration_method_body,stage3_declaration_method_body,declaration_method_body_v1,daytrader,19,da53d434b820e3c25bc69df63ced807cd0113d412fa36acc9694d1a97631d655,da53d434b820e3c25bc69df63ced807cd0113d412fa36acc9694d1a97631d655,db7ef8d78036796c5c5c79cc95f54eb1b9b9974de5e6f035d1929391b415f66c,422f35b2dac5ab2c9d80f631cc3154a7ba6ccadc124837c2e795833c3034f61c,6a995ce5caedd3fa567a09491378a629f7cdef61e41107cf25360bbd75d311d1,c7761509fe91acb398ee5bc3a0c71e3a368a34aae316b04c5907d34bced1714d,c1af2191baefddee68a7f41c97c29f7799df4bcf5372d9e9cf44a52a3b510286,seed19_solution002,0.18404059040590406426,2.6971988795518209159,1.4959301617294187281,0.54483623337659770058,0.18404059040590406426,-2.6971988795518209159,1.4959301617294187281,0.54483623337659770058,True,False,,,"[0, 0, 0, 0, 1, 0, 0, 0, 2, 0, 3, 4, 5, 0, 0, 0, 0, 0, 6, 7, 1, 1, 0, 8, 8, 0, 9, 10, 0, 0, 0, 0, 11, 7, 11, 12, 7, 13, 13, 7, 7, 7, 10, 13, 0, 12, 14, 12, 15, 16, 12, 0, 14]"
stage3_declaration_method_body,stage3_declaration_method_body,declaration_method_body_v1,daytrader,19,da53d434b820e3c25bc69df63ced807cd0113d412fa36acc9694d1a97631d655,da53d434b820e3c25bc69df63ced807cd0113d412fa36acc9694d1a97631d655,db7ef8d78036796c5c5c79cc95f54eb1b9b9974de5e6f035d1929391b415f66c,422f35b2dac5ab2c9d80f631cc3154a7ba6ccadc124837c2e795833c3034f61c,6a995ce5caedd3fa567a09491378a629f7cdef61e41107cf25360bbd75d311d1,c7761509fe91acb398ee5bc3a0c71e3a368a34aae316b04c5907d34bced1714d,c1af2191baefddee68a7f41c97c29f7799df4bcf5372d9e9cf44a52a3b510286,seed19_solution003,0.1881918819188191927,3.4146031746031746401,1.3743829321867406801,0.56120159054072604743,0.1881918819188191927,-3.4146031746031746401,1.3743829321867406801,0.56120159054072604743,True,False,,,"[0, 0, 0, 0, 1, 0, 0, 0, 2, 0, 3, 4, 5, 0, 0, 0, 0, 0, 6, 7, 8, 8, 0, 9, 9, 0, 10, 11, 0, 0, 0, 0, 7, 7, 9, 12, 6, 13, 13, 7, 7, 7, 5, 14, 0, 12, 12, 1, 12, 13, 1, 0, 14]"
stage3_declaration_method_body,stage3_declaration_method_body,declaration_method_body_v1,daytrader,19,da53d434b820e3c25bc69df63ced807cd0113d412fa36acc9694d1a97631d655,da53d434b820e3c25bc69df63ced807cd0113d412fa36acc9694d1a97631d655,db7ef8d78036796c5c5c79cc95f54eb1b9b9974de5e6f035d1929391b415f66c,422f35b2dac5ab2c9d80f631cc3154a7ba6ccadc124837c2e795833c3034f61c,6a995ce5caedd3fa567a09491378a629f7cdef61e41107cf25360bbd75d311d1,c7761509fe91acb398ee5bc3a0c71e3a368a34aae316b04c5907d34bced1714d,c1af2191baefddee68a7f41c97c29f7799df4bcf5372d9e9cf44a52a3b510286,seed19_solution004,0.19234317343173432113,2.6858465608465613705,1.5868137660381846921,0.48830095376926518913,0.19234317343173432113,-2.6858465608465613705,1.5868137660381846921,0.48830095376926518913,True,False,,,"[0, 0, 0, 0, 1, 0, 0, 0, 2, 0, 3, 0, 4, 0, 0, 0, 0, 0, 5, 6, 1, 1, 0, 7, 7, 0, 8, 9, 0, 0, 0, 0, 10, 6, 11, 12, 6, 6, 6, 6, 6, 6, 13, 4, 0, 14, 14, 15, 16, 16, 16, 17, 15]"
stage3_declaration_method_body,stage3_declaration_method_body,declaration_method_body_v1,daytrader,19,da53d434b820e3c25bc69df63ced807cd0113d412fa36acc9694d1a97631d655,da53d434b820e3c25bc69df63ced807cd0113d412fa36acc9694d1a97631d655,db7ef8d78036796c5c5c79cc95f54eb1b9b9974de5e6f035d1929391b415f66c,422f35b2dac5ab2c9d80f631cc3154a7ba6ccadc124837c2e795833c3034f61c,6a995ce5caedd3fa567a09491378a629f7cdef61e41107cf25360bbd75d311d1,c7761509fe91acb398ee5bc3a0c71e3a368a34aae316b04c5907d34bced1714d,c1af2191baefddee68a7f41c97c29f7799df4bcf5372d9e9cf44a52a3b510286,seed19_solution005,0.19418819188191882574,1.4490740740740739589,1.5908469055268934511,0.47377741359808223098,0.19418819188191882574,-1.4490740740740739589,1.5908469055268934511,0.47377741359808223098,True,False,,,"[0, 0, 0, 0, 1, 0, 0, 0, 2, 0, 3, 4, 5, 0, 0, 0, 0, 0, 6, 7, 1, 1, 0, 8, 0, 0, 4, 9, 0, 0, 0, 10, 11, 7, 12, 13, 7, 7, 7, 7, 7, 7, 14, 10, 0, 15, 15, 15, 16, 16, 16, 0, 17]"
stage3_declaration_method_body,stage3_declaration_method_body,declaration_method_body_v1,daytrader,19,da53d434b820e3c25bc69df63ced807cd0113d412fa36acc9694d1a97631d655,da53d434b820e3c25bc69df63ced807cd0113d412fa36acc9694d1a97631d655,db7ef8d78036796c5c5c79cc95f54eb1b9b9974de5e6f035d1929391b415f66c,422f35b2dac5ab2c9d80f631cc3154a7ba6ccadc124837c2e795833c3034f61c,6a995ce5caedd3fa567a09491378a629f7cdef61e41107cf25360bbd75d311d1,c7761509fe91acb398ee5bc3a0c71e3a368a34aae316b04c5907d34bced1714d,c1af2191baefddee68a7f41c97c29f7799df4bcf5372d9e9cf44a52a3b510286,seed19_solution006,0.19695571955719556878,2.2327276524644950051,1.5081362345956654814,0.53906596881184976056,0.19695571955719556878,-2.2327276524644950051,1.5081362345956654814,0.53906596881184976056,True,False,,,"[0, 0, 0, 0, 1, 0, 0, 0, 2, 0, 3, 4, 5, 0, 0, 0, 0, 0, 6, 7, 1, 1, 0, 8, 8, 0, 4, 9, 5, 0, 0, 0, 10, 7, 11, 12, 7, 7, 7, 7, 7, 7, 13, 9, 0, 14, 15, 14, 16, 15, 14, 0, 17]"
stage3_declaration_method_body,stage3_declaration_method_body,declaration_method_body_v1,daytrader,19,da53d434b820e3c25bc69df63ced807cd0113d412fa36acc9694d1a97631d655,da53d434b820e3c25bc69df63ced807cd0113d412fa36acc9694d1a97631d655,db7ef8d78036796c5c5c79cc95f54eb1b9b9974de5e6f035d1929391b415f66c,422f35b2dac5ab2c9d80f631cc3154a7ba6ccadc124837c2e795833c3034f61c,6a995ce5caedd3fa567a09491378a629f7cdef61e41107cf25360bbd75d311d1,c7761509fe91acb398ee5bc3a0c71e3a368a34aae316b04c5907d34bced1714d,c1af2191baefddee68a7f41c97c29f7799df4bcf5372d9e9cf44a52a3b510286,seed19_solution007,0.20018450184501845879,2.6544670499778857398,1.4549115206533587141,0.52840957005613953257,0.20018450184501845879,-2.6544670499778857398,1.4549115206533587141,0.52840957005613953257,True,False,,,"[0, 0, 1, 0, 2, 0, 0, 0, 3, 0, 4, 1, 5, 0, 0, 0, 0, 0, 6, 7, 2, 2, 0, 8, 8, 0, 1, 9, 0, 0, 0, 0, 10, 7, 11, 12, 7, 7, 7, 7, 7, 7, 13, 12, 0, 14, 15, 14, 14, 16, 16, 0, 15]"
stage3_declaration_method_body,stage3_declaration_method_body,declaration_method_body_v1,daytrader,19,da53d434b820e3c25bc69df63ced807cd0113d412fa36acc9694d1a97631d655,da53d434b820e3c25bc69df63ced807cd0113d412fa36acc9694d1a97631d655,db7ef8d78036796c5c5c79cc95f54eb1b9b9974de5e6f035d1929391b415f66c,422f35b2dac5ab2c9d80f631cc3154a7ba6ccadc124837c2e795833c3034f61c,6a995ce5caedd3fa567a09491378a629f7cdef61e41107cf25360bbd75d311d1,c7761509fe91acb398ee5bc3a0c71e3a368a34aae316b04c5907d34bced1714d,c1af2191baefddee68a7f41c97c29f7799df4bcf5372d9e9cf44a52a3b510286,seed19_solution008,0.20156826568265681643,1.4563492063492065043,1.5664923186556842793,0.49814993403655860593,0.20156826568265681643,-1.4563492063492065043,1.5664923186556842793,0.49814993403655860593,True,False,,,"[0, 0, 0, 0, 1, 0, 0, 0, 2, 0, 3, 4, 5, 0, 0, 0, 0, 0, 6, 7, 1, 1, 0, 8, 0, 0, 4, 9, 0, 0, 0, 10, 11, 12, 13, 14, 12, 12, 12, 12, 12, 12, 15, 10, 0, 16, 16, 16, 17, 17, 17, 0, 7]"
stage3_declaration_method_body,stage3_declaration_method_body,declaration_method_body_v1,daytrader,19,da53d434b820e3c25bc69df63ced807cd0113d412fa36acc9694d1a97631d655,da53d434b820e3c25bc69df63ced807cd0113d412fa36acc9694d1a97631d655,db7ef8d78036796c5c5c79cc95f54eb1b9b9974de5e6f035d1929391b415f66c,422f35b2dac5ab2c9d80f631cc3154a7ba6ccadc124837c2e795833c3034f61c,6a995ce5caedd3fa567a09491378a629f7cdef61e41107cf25360bbd75d311d1,c7761509fe91acb398ee5bc3a0c71e3a368a34aae316b04c5907d34bced1714d,c1af2191baefddee68a7f41c97c29f7799df4bcf5372d9e9cf44a52a3b510286,seed19_solution009,0.20618081180811809183,2.4074229691876749548,1.5279524408322906481,0.47439217578034797995,0.20618081180811809183,-2.4074229691876749548,1.5279524408322906481,0.47439217578034797995,True,False,,,"[0, 0, 0, 0, 1, 0, 0, 0, 2, 0, 3, 0, 4, 0, 0, 0, 0, 0, 5, 6, 1, 1, 0, 7, 7, 0, 8, 9, 0, 0, 0, 10, 3, 6, 11, 11, 6, 6, 6, 6, 6, 6, 12, 10, 0, 13, 13, 13, 14, 14, 15, 0, 16]"
stage3_declaration_method_body,stage3_declaration_method_body,declaration_method_body_v1,daytrader,19,da53d434b820e3c25bc69df63ced807cd0113d412fa36acc9694d1a97631d655,da53d434b820e3c25bc69df63ced807cd0113d412fa36acc9694d1a97631d655,db7ef8d78036796c5c5c79cc95f54eb1b9b9974de5e6f035d1929391b415f66c,422f35b2dac5ab2c9d80f631cc3154a7ba6ccadc124837c2e795833c3034f61c,6a995ce5caedd3fa567a09491378a629f7cdef61e41107cf25360bbd75d311d1,c7761509fe91acb398ee5bc3a0c71e3a368a34aae316b04c5907d34bced1714d,c1af2191baefddee68a7f41c97c29f7799df4bcf5372d9e9cf44a52a3b510286,seed19_solution010,0.20894833948339483487,2.6573787409700724282,1.4254963598131398239,0.51440218853368446794,0.20894833948339483487,-2.6573787409700724282,1.4254963598131398239,0.51440218853368446794,True,False,,,"[0, 0, 0, 0, 1, 0, 0, 0, 2, 0, 3, 4, 5, 0, 0, 0, 0, 0, 6, 7, 1, 1, 0, 8, 8, 0, 9, 10, 0, 0, 0, 1, 10, 7, 8, 11, 7, 12, 12, 7, 7, 7, 11, 13, 0, 14, 14, 14, 14, 15, 15, 0, 16]"
stage3_declaration_method_body,stage3_declaration_method_body,declaration_method_body_v1,daytrader,19,da53d434b820e3c25bc69df63ced807cd0113d412fa36acc9694d1a97631d655,da53d434b820e3c25bc69df63ced807cd0113d412fa36acc9694d1a97631d655,db7ef8d78036796c5c5c79cc95f54eb1b9b9974de5e6f035d1929391b415f66c,422f35b2dac5ab2c9d80f631cc3154a7ba6ccadc124837c2e795833c3034f61c,6a995ce5caedd3fa567a09491378a629f7cdef61e41107cf25360bbd75d311d1,c7761509fe91acb398ee5bc3a0c71e3a368a34aae316b04c5907d34bced1714d,c1af2191baefddee68a7f41c97c29f7799df4bcf5372d9e9cf44a52a3b510286,seed19_solution011,0.21678966789667897253,1.751530612244897922,1.3512648505504814,0.48375910046027070788,0.21678966789667897253,-1.751530612244897922,1.3512648505504814,0.48375910046027070788,True,False,,,"[0, 0, 0, 0, 1, 0, 0, 0, 2, 0, 3, 0, 4, 0, 0, 0, 0, 0, 5, 6, 1, 1, 0, 3, 6, 0, 3, 7, 0, 0, 0, 7, 8, 6, 9, 10, 6, 6, 5, 6, 6, 6, 11, 7, 0, 9, 9, 9, 12, 12, 12, 0, 13]"
stage3_declaration_method_body,stage3_declaration_method_body,declaration_method_body_v1,daytrader,19,da53d434b820e3c25bc69df63ced807cd0113d412fa36acc9694d1a97631d655,da53d434b820e3c25bc69df63ced807cd0113d412fa36acc9694d1a97631d655,db7ef8d78036796c5c5c79cc95f54eb1b9b9974de5e6f035d1929391b415f66c,422f35b2dac5ab2c9d80f631cc3154a7ba6ccadc124837c2e795833c3034f61c,6a995ce5caedd3fa567a09491378a629f7cdef61e41107cf25360bbd75d311d1,c7761509fe91acb398ee5bc3a0c71e3a368a34aae316b04c5907d34bced1714d,c1af2191baefddee68a7f41c97c29f7799df4bcf5372d9e9cf44a52a3b510286,seed19_solution012,0.22140221402214022017,1.6435897435897435237,1.1840280369613005451,0.56411987818879383294,0.22140221402214022017,-1.6435897435897435237,1.1840280369613005451,0.56411987818879383294,True,False,,,"[0, 0, 0, 0, 1, 0, 0, 0, 2, 0, 3, 4, 4, 0, 0, 0, 0, 0, 4, 4, 1, 1, 0, 5, 6, 0, 7, 6, 0, 0, 6, 0, 7, 8, 6, 9, 8, 8, 7, 8, 8, 8, 4, 10, 0, 11, 10, 10, 9, 11, 12, 0, 5]"
stage3_declaration_method_body,stage3_declaration_method_body,declaration_method_body_v1,daytrader,19,da53d434b820e3c25bc69df63ced807cd0113d412fa36acc9694d1a97631d655,da53d434b820e3c25bc69df63ced807cd0113d412fa36acc9694d1a97631d655,db7ef8d78036796c5c5c79cc95f54eb1b9b9974de5e6f035d1929391b415f66c,422f35b2dac5ab2c9d80f631cc3154a7ba6ccadc124837c2e795833c3034f61c,6a995ce5caedd3fa567a09491378a629f7cdef61e41107cf25360bbd75d311d1,c7761509fe91acb398ee5bc3a0c71e3a368a34aae316b04c5907d34bced1714d,c1af2191baefddee68a7f41c97c29f7799df4bcf5372d9e9cf44a52a3b510286,seed19_solution013,0.23570110701107011009,1.7179824561403509442,1.3361634850079409098,0.57457619489441880134,0.23570110701107011009,-1.7179824561403509442,1.3361634850079409098,0.57457619489441880134,True,False,,,"[0, 0, 1, 0, 1, 0, 0, 0, 2, 0, 3, 4, 5, 0, 0, 0, 0, 0, 6, 7, 1, 1, 0, 8, 0, 0, 4, 9, 0, 0, 0, 10, 11, 5, 12, 6, 7, 8, 10, 8, 7, 7, 5, 10, 0, 13, 13, 11, 14, 14, 14, 0, 15]"
stage3_declaration_method_body,stage3_declaration_method_body,declaration_method_body_v1,daytrader,19,da53d434b820e3c25bc69df63ced807cd0113d412fa36acc9694d1a97631d655,da53d434b820e3c25bc69df63ced807cd0113d412fa36acc9694d1a97631d655,db7ef8d78036796c5c5c79cc95f54eb1b9b9974de5e6f035d1929391b415f66c,422f35b2dac5ab2c9d80f631cc3154a7ba6ccadc124837c2e795833c3034f61c,6a995ce5caedd3fa567a09491378a629f7cdef61e41107cf25360bbd75d311d1,c7761509fe91acb398ee5bc3a0c71e3a368a34aae316b04c5907d34bced1714d,c1af2191baefddee68a7f41c97c29f7799df4bcf5372d9e9cf44a52a3b510286,seed19_solution014,0.24953874538745388079,1.4302736006683371972,1.1487761841425485621,0.54387933872682958647,0.24953874538745388079,-1.4302736006683371972,1.1487761841425485621,0.54387933872682958647,True,False,,,"[0, 0, 0, 0, 1, 0, 2, 0, 1, 0, 1, 0, 3, 0, 0, 0, 0, 0, 2, 4, 1, 5, 0, 1, 4, 0, 2, 6, 0, 0, 0, 6, 7, 4, 3, 8, 4, 4, 2, 4, 4, 4, 9, 6, 0, 10, 10, 10, 8, 11, 11, 0, 8]"
stage3_declaration_method_body,stage3_declaration_method_body,declaration_method_body_v1,daytrader,19,da53d434b820e3c25bc69df63ced807cd0113d412fa36acc9694d1a97631d655,da53d434b820e3c25bc69df63ced807cd0113d412fa36acc9694d1a97631d655,db7ef8d78036796c5c5c79cc95f54eb1b9b9974de5e6f035d1929391b415f66c,422f35b2dac5ab2c9d80f631cc3154a7ba6ccadc124837c2e795833c3034f61c,6a995ce5caedd3fa567a09491378a629f7cdef61e41107cf25360bbd75d311d1,c7761509fe91acb398ee5bc3a0c71e3a368a34aae316b04c5907d34bced1714d,c1af2191baefddee68a7f41c97c29f7799df4bcf5372d9e9cf44a52a3b510286,seed19_solution015,0.26614391143911436677,1.2162147793726740819,0.98076916365034161327,0.61382555055809717715,0.26614391143911436677,-1.2162147793726740819,0.98076916365034161327,0.61382555055809717715,True,False,,,"[0, 0, 1, 0, 2, 0, 0, 0, 2, 0, 1, 3, 3, 0, 0, 0, 0, 0, 4, 5, 6, 3, 0, 2, 2, 0, 7, 3, 0, 0, 0, 8, 9, 1, 10, 5, 2, 6, 9, 5, 5, 5, 5, 7, 0, 9, 8, 1, 10, 10, 10, 0, 10]"
stage3_declaration_method_body,stage3_declaration_method_body,declaration_method_body_v1,daytrader,19,da53d434b820e3c25bc69df63ced807cd0113d412fa36acc9694d1a97631d655,da53d434b820e3c25bc69df63ced807cd0113d412fa36acc9694d1a97631d655,db7ef8d78036796c5c5c79cc95f54eb1b9b9974de5e6f035d1929391b415f66c,422f35b2dac5ab2c9d80f631cc3154a7ba6ccadc124837c2e795833c3034f61c,6a995ce5caedd3fa567a09491378a629f7cdef61e41107cf25360bbd75d311d1,c7761509fe91acb398ee5bc3a0c71e3a368a34aae316b04c5907d34bced1714d,c1af2191baefddee68a7f41c97c29f7799df4bcf5372d9e9cf44a52a3b510286,seed19_solution016,0.28090405904059040365,1.7371610845295053505,0.97676823438073845374,0.56710085852430180964,0.28090405904059040365,-1.7371610845295053505,0.97676823438073845374,0.56710085852430180964,True,False,,,"[0, 0, 1, 0, 2, 0, 3, 0, 1, 0, 2, 0, 4, 0, 0, 0, 0, 0, 3, 5, 2, 3, 0, 2, 6, 0, 7, 3, 0, 0, 0, 7, 8, 2, 4, 5, 1, 6, 3, 6, 6, 6, 6, 7, 0, 9, 9, 9, 10, 10, 10, 0, 10]"
stage3_declaration_method_body,stage3_declaration_method_body,declaration_method_body_v1,daytrader,19,da53d434b820e3c25bc69df63ced807cd0113d412fa36acc9694d1a97631d655,da53d434b820e3c25bc69df63ced807cd0113d412fa36acc9694d1a97631d655,db7ef8d78036796c5c5c79cc95f54eb1b9b9974de5e6f035d1929391b415f66c,422f35b2dac5ab2c9d80f631cc3154a7ba6ccadc124837c2e795833c3034f61c,6a995ce5caedd3fa567a09491378a629f7cdef61e41107cf25360bbd75d311d1,c7761509fe91acb398ee5bc3a0c71e3a368a34aae316b04c5907d34bced1714d,c1af2191baefddee68a7f41c97c29f7799df4bcf5372d9e9cf44a52a3b510286,seed19_solution017,0.28136531365313655062,1.9894736842105262831,1.1643206506069065931,0.59024883306616371392,0.28136531365313655062,-1.9894736842105262831,1.1643206506069065931,0.59024883306616371392,True,False,,,"[0, 1, 0, 2, 2, 0, 0, 0, 0, 0, 1, 1, 3, 0, 0, 0, 0, 0, 0, 4, 2, 3, 0, 5, 5, 0, 6, 7, 1, 0, 0, 8, 7, 8, 9, 10, 0, 8, 11, 5, 4, 4, 11, 8, 0, 3, 3, 8, 12, 12, 12, 0, 7]"
stage3_declaration_method_body,stage3_declaration_method_body,declaration_method_body_v1,daytrader,19,da53d434b820e3c25bc69df63ced807cd0113d412fa36acc9694d1a97631d655,da53d434b820e3c25bc69df63ced807cd0113d412fa36acc9694d1a97631d655,db7ef8d78036796c5c5c79cc95f54eb1b9b9974de5e6f035d1929391b415f66c,422f35b2dac5ab2c9d80f631cc3154a7ba6ccadc124837c2e795833c3034f61c,6a995ce5caedd3fa567a09491378a629f7cdef61e41107cf25360bbd75d311d1,c7761509fe91acb398ee5bc3a0c71e3a368a34aae316b04c5907d34bced1714d,c1af2191baefddee68a7f41c97c29f7799df4bcf5372d9e9cf44a52a3b510286,seed19_solution018,0.29381918819188190817,2.0317139001349526772,1.0988845115895122806,0.62000647570616818083,0.29381918819188190817,-2.0317139001349526772,1.0988845115895122806,0.62000647570616818083,True,False,,,"[0, 1, 0, 2, 2, 0, 0, 0, 0, 0, 1, 1, 3, 0, 0, 0, 0, 0, 0, 4, 2, 3, 0, 5, 5, 0, 6, 7, 2, 0, 0, 8, 7, 8, 9, 10, 7, 8, 11, 5, 4, 4, 11, 8, 0, 3, 3, 8, 12, 12, 12, 0, 7]"
stage3_declaration_method_body,stage3_declaration_method_body,declaration_method_body_v1,daytrader,19,da53d434b820e3c25bc69df63ced807cd0113d412fa36acc9694d1a97631d655,da53d434b820e3c25bc69df63ced807cd0113d412fa36acc9694d1a97631d655,db7ef8d78036796c5c5c79cc95f54eb1b9b9974de5e6f035d1929391b415f66c,422f35b2dac5ab2c9d80f631cc3154a7ba6ccadc124837c2e795833c3034f61c,6a995ce5caedd3fa567a09491378a629f7cdef61e41107cf25360bbd75d311d1,c7761509fe91acb398ee5bc3a0c71e3a368a34aae316b04c5907d34bced1714d,c1af2191baefddee68a7f41c97c29f7799df4bcf5372d9e9cf44a52a3b510286,seed19_solution019,0.31826568265682658732,3.4826984126984124046,1.0327495987474724082,0.65198012464435528557,0.31826568265682658732,-3.4826984126984124046,1.0327495987474724082,0.65198012464435528557,True,False,,,"[0, 1, 2, 0, 1, 0, 0, 1, 2, 0, 3, 3, 3, 0, 0, 0, 0, 0, 4, 5, 6, 6, 0, 1, 1, 0, 7, 8, 1, 0, 0, 9, 8, 5, 10, 4, 3, 5, 8, 5, 5, 5, 5, 7, 0, 8, 5, 11, 12, 10, 10, 13, 14]"
stage3_declaration_method_body,stage3_declaration_method_body,declaration_method_body_v1,daytrader,19,da53d434b820e3c25bc69df63ced807cd0113d412fa36acc9694d1a97631d655,da53d434b820e3c25bc69df63ced807cd0113d412fa36acc9694d1a97631d655,db7ef8d78036796c5c5c79cc95f54eb1b9b9974de5e6f035d1929391b415f66c,422f35b2dac5ab2c9d80f631cc3154a7ba6ccadc124837c2e795833c3034f61c,6a995ce5caedd3fa567a09491378a629f7cdef61e41107cf25360bbd75d311d1,c7761509fe91acb398ee5bc3a0c71e3a368a34aae316b04c5907d34bced1714d,c1af2191baefddee68a7f41c97c29f7799df4bcf5372d9e9cf44a52a3b510286,seed19_solution020,0.32887453874538746801,1.7699346405228757462,0.90605337385229955949,0.57830235090987103241,0.32887453874538746801,-1.7699346405228757462,0.90605337385229955949,0.57830235090987103241,True,False,,,"[0, 0, 1, 0, 2, 0, 3, 0, 1, 0, 2, 0, 4, 0, 0, 0, 0, 0, 3, 5, 2, 3, 0, 2, 6, 0, 7, 3, 0, 0, 0, 7, 8, 2, 4, 5, 1, 6, 3, 6, 6, 6, 6, 7, 8, 9, 9, 9, 10, 10, 10, 0, 10]"
stage3_declaration_method_body,stage3_declaration_method_body,declaration_method_body_v1,daytrader,19,da53d434b820e3c25bc69df63ced807cd0113d412fa36acc9694d1a97631d655,da53d434b820e3c25bc69df63ced807cd0113d412fa36acc9694d1a97631d655,db7ef8d78036796c5c5c79cc95f54eb1b9b9974de5e6f035d1929391b415f66c,422f35b2dac5ab2c9d80f631cc3154a7ba6ccadc124837c2e795833c3034f61c,6a995ce5caedd3fa567a09491378a629f7cdef61e41107cf25360bbd75d311d1,c7761509fe91acb398ee5bc3a0c71e3a368a34aae316b04c5907d34bced1714d,c1af2191baefddee68a7f41c97c29f7799df4bcf5372d9e9cf44a52a3b510286,seed19_solution021,0.33625461254612548645,2.1944805194805194759,0.85719371257362608763,0.64961175228899947776,0.33625461254612548645,-2.1944805194805194759,0.85719371257362608763,0.64961175228899947776,True,False,,,"[0, 1, 2, 0, 1, 0, 3, 4, 2, 0, 5, 5, 5, 0, 0, 0, 0, 2, 5, 6, 6, 1, 0, 3, 3, 0, 7, 4, 1, 0, 1, 0, 5, 2, 3, 3, 2, 6, 6, 2, 2, 6, 8, 3, 0, 0, 0, 9, 3, 10, 10, 0, 9]"
stage3_declaration_method_body,stage3_declaration_method_body,declaration_method_body_v1,daytrader,19,da53d434b820e3c25bc69df63ced807cd0113d412fa36acc9694d1a97631d655,da53d434b820e3c25bc69df63ced807cd0113d412fa36acc9694d1a97631d655,db7ef8d78036796c5c5c79cc95f54eb1b9b9974de5e6f035d1929391b415f66c,422f35b2dac5ab2c9d80f631cc3154a7ba6ccadc124837c2e795833c3034f61c,6a995ce5caedd3fa567a09491378a629f7cdef61e41107cf25360bbd75d311d1,c7761509fe91acb398ee5bc3a0c71e3a368a34aae316b04c5907d34bced1714d,c1af2191baefddee68a7f41c97c29f7799df4bcf5372d9e9cf44a52a3b510286,seed19_solution022,0.35839483394833948626,1.7340277777777777235,0.84443184907925461502,0.68501333888054360965,0.35839483394833948626,-1.7340277777777777235,0.84443184907925461502,0.68501333888054360965,True,False,,,"[0, 1, 0, 0, 2, 0, 3, 4, 0, 0, 4, 4, 4, 0, 5, 0, 0, 0, 5, 3, 6, 7, 0, 6, 3, 0, 2, 4, 0, 0, 1, 8, 1, 8, 3, 9, 2, 6, 6, 6, 3, 3, 5, 8, 0, 7, 7, 10, 11, 11, 11, 0, 10]"
stage3_declaration_method_body,stage3_declaration_method_body,declaration_method_body_v1,daytrader,19,da53d434b820e3c25bc69df63ced807cd0113d412fa36acc9694d1a97631d655,da53d434b820e3c25bc69df63ced807cd0113d412fa36acc9694d1a97631d655,db7ef8d78036796c5c5c79cc95f54eb1b9b9974de5e6f035d1929391b415f66c,422f35b2dac5ab2c9d80f631cc3154a7ba6ccadc124837c2e795833c3034f61c,6a995ce5caedd3fa567a09491378a629f7cdef61e41107cf25360bbd75d311d1,c7761509fe91acb398ee5bc3a0c71e3a368a34aae316b04c5907d34bced1714d,c1af2191baefddee68a7f41c97c29f7799df4bcf5372d9e9cf44a52a3b510286,seed19_solution023,0.36254612546125458694,4.3428338001867414775,0.95818595664865058303,0.65399280045914820469,0.36254612546125458694,-4.3428338001867414775,0.95818595664865058303,0.65399280045914820469,True,False,,,"[0, 1, 0, 2, 2, 0, 0, 0, 1, 0, 1, 1, 1, 0, 0, 1, 3, 0, 4, 5, 1, 6, 0, 4, 4, 0, 5, 7, 1, 0, 0, 3, 7, 8, 8, 9, 0, 8, 5, 5, 5, 5, 10, 0, 0, 6, 6, 6, 11, 11, 10, 0, 7]"
stage3_declaration_method_body,stage3_declaration_method_body,declaration_method_body_v1,daytrader,19,da53d434b820e3c25bc69df63ced807cd0113d412fa36acc9694d1a97631d655,da53d434b820e3c25bc69df63ced807cd0113d412fa36acc9694d1a97631d655,db7ef8d78036796c5c5c79cc95f54eb1b9b9974de5e6f035d1929391b415f66c,422f35b2dac5ab2c9d80f631cc3154a7ba6ccadc124837c2e795833c3034f61c,6a995ce5caedd3fa567a09491378a629f7cdef61e41107cf25360bbd75d311d1,c7761509fe91acb398ee5bc3a0c71e3a368a34aae316b04c5907d34bced1714d,c1af2191baefddee68a7f41c97c29f7799df4bcf5372d9e9cf44a52a3b510286,seed19_solution024,0.36531365313653135773,1.5031590413943356488,0.75282782427396244262,0.69448720232297789234,0.36531365313653135773,-1.5031590413943356488,0.75282782427396244262,0.69448720232297789234,True,False,,,"[0, 0, 1, 2, 2, 0, 0, 0, 2, 0, 3, 0, 3, 0, 0, 2, 0, 1, 3, 4, 2, 4, 0, 4, 4, 0, 0, 5, 1, 0, 1, 0, 6, 1, 6, 0, 3, 4, 7, 1, 1, 1, 8, 5, 0, 7, 2, 6, 8, 3, 7, 1, 6]"
stage3_declaration_method_body,stage3_declaration_method_body,declaration_method_body_v1,daytrader,19,da53d434b820e3c25bc69df63ced807cd0113d412fa36acc9694d1a97631d655,da53d434b820e3c25bc69df63ced807cd0113d412fa36acc9694d1a97631d655,db7ef8d78036796c5c5c79cc95f54eb1b9b9974de5e6f035d1929391b415f66c,422f35b2dac5ab2c9d80f631cc3154a7ba6ccadc124837c2e795833c3034f61c,6a995ce5caedd3fa567a09491378a629f7cdef61e41107cf25360bbd75d311d1,c7761509fe91acb398ee5bc3a0c71e3a368a34aae316b04c5907d34bced1714d,c1af2191baefddee68a7f41c97c29f7799df4bcf5372d9e9cf44a52a3b510286,seed19_solution025,0.37269372693726937618,4.2955285942128051957,1.24856628351439225,0.6477297811108828629,0.37269372693726937618,-4.2955285942128051957,1.24856628351439225,0.6477297811108828629,True,False,,,"[0, 1, 1, 0, 0, 0, 2, 0, 1, 0, 1, 3, 1, 2, 0, 1, 4, 0, 5, 6, 1, 5, 0, 2, 0, 0, 6, 7, 0, 0, 0, 4, 6, 6, 8, 0, 6, 6, 6, 6, 6, 6, 9, 0, 0, 0, 10, 3, 11, 6, 11, 0, 0]"
stage3_declaration_method_body,stage3_declaration_method_body,declaration_method_body_v1,daytrader,19,da53d434b820e3c25bc69df63ced807cd0113d412fa36acc9694d1a97631d655,da53d434b820e3c25bc69df63ced807cd0113d412fa36acc9694d1a97631d655,db7ef8d78036796c5c5c79cc95f54eb1b9b9974de5e6f035d1929391b415f66c,422f35b2dac5ab2c9d80f631cc3154a7ba6ccadc124837c2e795833c3034f61c,6a995ce5caedd3fa567a09491378a629f7cdef61e41107cf25360bbd75d311d1,c7761509fe91acb398ee5bc3a0c71e3a368a34aae316b04c5907d34bced1714d,c1af2191baefddee68a7f41c97c29f7799df4bcf5372d9e9cf44a52a3b510286,seed19_solution026,0.38653136531365311912,1.6396825396825398524,0.80824339587184501621,0.72951186459937167328,0.38653136531365311912,-1.6396825396825398524,0.80824339587184501621,0.72951186459937167328,True,False,,,"[0, 0, 1, 0, 2, 0, 3, 0, 2, 0, 3, 0, 4, 0, 0, 2, 0, 1, 4, 5, 5, 5, 0, 5, 6, 0, 7, 6, 1, 0, 6, 0, 6, 8, 6, 8, 8, 8, 7, 1, 1, 8, 4, 9, 0, 10, 2, 9, 11, 10, 8, 7, 8]"
stage3_declaration_method_body,stage3_declaration_method_body,declaration_method_body_v1,daytrader,19,da53d434b820e3c25bc69df63ced807cd0113d412fa36acc9694d1a97631d655,da53d434b820e3c25bc69df63ced807cd0113d412fa36acc9694d1a97631d655,db7ef8d78036796c5c5c79cc95f54eb1b9b9974de5e6f035d1929391b415f66c,422f35b2dac5ab2c9d80f631cc3154a7ba6ccadc124837c2e795833c3034f61c,6a995ce5caedd3fa567a09491378a629f7cdef61e41107cf25360bbd75d311d1,c7761509fe91acb398ee5bc3a0c71e3a368a34aae316b04c5907d34bced1714d,c1af2191baefddee68a7f41c97c29f7799df4bcf5372d9e9cf44a52a3b510286,seed19_solution027,0.39252767527675275216,1.7761904761904763195,0.71623595834348330325,0.69972335177845490506,0.39252767527675275216,-1.7761904761904763195,0.71623595834348330325,0.69972335177845490506,True,False,,,"[0, 0, 1, 0, 2, 0, 3, 0, 2, 0, 2, 0, 4, 0, 0, 2, 0, 1, 4, 5, 5, 5, 0, 5, 5, 0, 4, 6, 1, 0, 0, 4, 6, 2, 7, 8, 4, 5, 6, 1, 1, 2, 3, 8, 0, 8, 2, 8, 7, 4, 8, 9, 8]"
stage3_declaration_method_body,stage3_declaration_method_body,declaration_method_body_v1,daytrader,19,da53d434b820e3c25bc69df63ced807cd0113d412fa36acc9694d1a97631d655,da53d434b820e3c25bc69df63ced807cd0113d412fa36acc9694d1a97631d655,db7ef8d78036796c5c5c79cc95f54eb1b9b9974de5e6f035d1929391b415f66c,422f35b2dac5ab2c9d80f631cc3154a7ba6ccadc124837c2e795833c3034f61c,6a995ce5caedd3fa567a09491378a629f7cdef61e41107cf25360bbd75d311d1,c7761509fe91acb398ee5bc3a0c71e3a368a34aae316b04c5907d34bced1714d,c1af2191baefddee68a7f41c97c29f7799df4bcf5372d9e9cf44a52a3b510286,seed19_solution028,0.40498154981549816522,4.643137254901961164,1.014490947831702794,0.63584252512742767127,0.40498154981549816522,-4.643137254901961164,1.014490947831702794,0.63584252512742767127,True,False,,,"[0, 0, 1, 0, 1, 0, 0, 0, 2, 0, 1, 0, 3, 0, 0, 1, 0, 1, 4, 4, 1, 1, 0, 5, 5, 6, 3, 6, 2, 0, 2, 3, 7, 1, 3, 8, 2, 4, 0, 2, 1, 1, 3, 0, 6, 9, 8, 10, 11, 11, 9, 0, 0]"
stage3_declaration_method_body,stage3_declaration_method_body,declaration_method_body_v1,daytrader,19,da53d434b820e3c25bc69df63ced807cd0113d412fa36acc9694d1a97631d655,da53d434b820e3c25bc69df63ced807cd0113d412fa36acc9694d1a97631d655,db7ef8d78036796c5c5c79cc95f54eb1b9b9974de5e6f035d1929391b415f66c,422f35b2dac5ab2c9d80f631cc3154a7ba6ccadc124837c2e795833c3034f61c,6a995ce5caedd3fa567a09491378a629f7cdef61e41107cf25360bbd75d311d1,c7761509fe91acb398ee5bc3a0c71e3a368a34aae316b04c5907d34bced1714d,c1af2191baefddee68a7f41c97c29f7799df4bcf5372d9e9cf44a52a3b510286,seed19_solution029,0.40682656826568264208,3.9135802469135807513,0.76129211327667978271,0.64141499027764159457,0.40682656826568264208,-3.9135802469135807513,0.76129211327667978271,0.64141499027764159457,True,False,,,"[0, 0, 1, 0, 2, 0, 3, 3, 1, 0, 3, 4, 1, 0, 0, 0, 4, 1, 2, 5, 6, 6, 0, 3, 3, 2, 6, 7, 0, 0, 2, 4, 2, 1, 7, 0, 1, 4, 4, 8, 5, 6, 0, 0, 0, 0, 5, 7, 5, 7, 7, 0, 0]"
stage3_declaration_method_body,stage3_declaration_method_body,declaration_method_body_v1,daytrader,19,da53d434b820e3c25bc69df63ced807cd0113d412fa36acc9694d1a97631d655,da53d434b820e3c25bc69df63ced807cd0113d412fa36acc9694d1a97631d655,db7ef8d78036796c5c5c79cc95f54eb1b9b9974de5e6f035d1929391b415f66c,422f35b2dac5ab2c9d80f631cc3154a7ba6ccadc124837c2e795833c3034f61c,6a995ce5caedd3fa567a09491378a629f7cdef61e41107cf25360bbd75d311d1,c7761509fe91acb398ee5bc3a0c71e3a368a34aae316b04c5907d34bced1714d,c1af2191baefddee68a7f41c97c29f7799df4bcf5372d9e9cf44a52a3b510286,seed19_solution030,0.4303505535055350828,2.7054563492063494756,0.92182894341932875015,0.63739086765227270792,0.4303505535055350828,-2.7054563492063494756,0.92182894341932875015,0.63739086765227270792,True,False,,,"[0, 0, 1, 0, 2, 0, 0, 3, 1, 0, 3, 4, 3, 4, 4, 1, 0, 1, 5, 6, 2, 2, 0, 7, 8, 0, 4, 0, 0, 0, 0, 9, 6, 6, 3, 10, 6, 6, 6, 6, 6, 9, 3, 0, 5, 9, 1, 9, 3, 11, 11, 0, 0]"
stage3_declaration_method_body,stage3_declaration_method_body,declaration_method_body_v1,daytrader,19,da53d434b820e3c25bc69df63ced807cd0113d412fa36acc9694d1a97631d655,da53d434b820e3c25bc69df63ced807cd0113d412fa36acc9694d1a97631d655,db7ef8d78036796c5c5c79cc95f54eb1b9b9974de5e6f035d1929391b415f66c,422f35b2dac5ab2c9d80f631cc3154a7ba6ccadc124837c2e795833c3034f61c,6a995ce5caedd3fa567a09491378a629f7cdef61e41107cf25360bbd75d311d1,c7761509fe91acb398ee5bc3a0c71e3a368a34aae316b04c5907d34bced1714d,c1af2191baefddee68a7f41c97c29f7799df4bcf5372d9e9cf44a52a3b510286,seed19_solution031,0.43219557195571955965,6.7763558663558667305,0.78726966207641757567,0.60613760757314660843,0.43219557195571955965,-6.7763558663558667305,0.78726966207641757567,0.60613760757314660843,True,False,,,"[0, 1, 2, 0, 0, 0, 3, 3, 2, 4, 2, 4, 2, 4, 4, 2, 4, 2, 1, 5, 6, 6, 0, 3, 3, 1, 7, 0, 1, 1, 1, 4, 8, 2, 4, 0, 2, 4, 4, 2, 2, 2, 0, 0, 1, 0, 0, 9, 5, 9, 9, 0, 0]"
stage3_declaration_method_body,stage3_declaration_method_body,declaration_method_body_v1,daytrader,19,da53d434b820e3c25bc69df63ced807cd0113d412fa36acc9694d1a97631d655,da53d434b820e3c25bc69df63ced807cd0113d412fa36acc9694d1a97631d655,db7ef8d78036796c5c5c79cc95f54eb1b9b9974de5e6f035d1929391b415f66c,422f35b2dac5ab2c9d80f631cc3154a7ba6ccadc124837c2e795833c3034f61c,6a995ce5caedd3fa567a09491378a629f7cdef61e41107cf25360bbd75d311d1,c7761509fe91acb398ee5bc3a0c71e3a368a34aae316b04c5907d34bced1714d,c1af2191baefddee68a7f41c97c29f7799df4bcf5372d9e9cf44a52a3b510286,seed19_solution032,0.4381918819188191927,1.4852219835302540307,1.2870358868945741548,0.53328843374298307012,0.4381918819188191927,-1.4852219835302540307,1.2870358868945741548,0.53328843374298307012,True,False,,,"[0, 0, 0, 0, 1, 2, 0, 0, 3, 0, 4, 0, 5, 0, 0, 0, 0, 0, 6, 7, 1, 1, 0, 4, 7, 0, 4, 8, 0, 0, 0, 8, 9, 7, 10, 11, 7, 7, 6, 7, 7, 7, 12, 8, 0, 10, 10, 10, 2, 2, 2, 0, 13]"
stage3_declaration_method_body,stage3_declaration_method_body,declaration_method_body_v1,daytrader,19,da53d434b820e3c25bc69df63ced807cd0113d412fa36acc9694d1a97631d655,da53d434b820e3c25bc69df63ced807cd0113d412fa36acc9694d1a97631d655,db7ef8d78036796c5c5c79cc95f54eb1b9b9974de5e6f035d1929391b415f66c,422f35b2dac5ab2c9d80f631cc3154a7ba6ccadc124837c2e795833c3034f61c,6a995ce5caedd3fa567a09491378a629f7cdef61e41107cf25360bbd75d311d1,c7761509fe91acb398ee5bc3a0c71e3a368a34aae316b04c5907d34bced1714d,c1af2191baefddee68a7f41c97c29f7799df4bcf5372d9e9cf44a52a3b510286,seed19_solution033,0.44326568265682658732,10.656802721088435959,0.89398926343261420069,0.69191451457188701823,0.44326568265682658732,-10.656802721088435959,0.89398926343261420069,0.69191451457188701823,True,False,,,"[0, 1, 2, 0, 1, 0, 0, 0, 0, 0, 3, 3, 4, 0, 4, 0, 0, 0, 0, 2, 1, 5, 0, 6, 6, 7, 8, 9, 1, 0, 1, 8, 5, 10, 4, 9, 5, 11, 11, 10, 2, 2, 12, 12, 7, 4, 4, 13, 13, 2, 13, 0, 2]"
stage3_declaration_method_body,stage3_declaration_method_body,declaration_method_body_v1,daytrader,19,da53d434b820e3c25bc69df63ced807cd0113d412fa36acc9694d1a97631d655,da53d434b820e3c25bc69df63ced807cd0113d412fa36acc9694d1a97631d655,db7ef8d78036796c5c5c79cc95f54eb1b9b9974de5e6f035d1929391b415f66c,422f35b2dac5ab2c9d80f631cc3154a7ba6ccadc124837c2e795833c3034f61c,6a995ce5caedd3fa567a09491378a629f7cdef61e41107cf25360bbd75d311d1,c7761509fe91acb398ee5bc3a0c71e3a368a34aae316b04c5907d34bced1714d,c1af2191baefddee68a7f41c97c29f7799df4bcf5372d9e9cf44a52a3b510286,seed19_solution034,0.45433579335793355947,3.0129476584022039098,0.55138261117745124285,0.74291055964445251725,0.45433579335793355947,-3.0129476584022039098,0.55138261117745124285,0.74291055964445251725,True,False,,,"[0, 1, 2, 0, 2, 0, 3, 1, 0, 0, 4, 1, 4, 0, 5, 0, 0, 0, 5, 3, 2, 6, 0, 7, 3, 1, 2, 4, 1, 1, 1, 8, 4, 8, 3, 9, 2, 7, 7, 7, 3, 3, 8, 8, 0, 6, 6, 9, 10, 10, 10, 0, 5]"
stage3_declaration_method_body,stage3_declaration_method_body,declaration_method_body_v1,daytrader,19,da53d434b820e3c25bc69df63ced807cd0113d412fa36acc9694d1a97631d655,da53d434b820e3c25bc69df63ced807cd0113d412fa36acc9694d1a97631d655,db7ef8d78036796c5c5c79cc95f54eb1b9b9974de5e6f035d1929391b415f66c,422f35b2dac5ab2c9d80f631cc3154a7ba6ccadc124837c2e795833c3034f61c,6a995ce5caedd3fa567a09491378a629f7cdef61e41107cf25360bbd75d311d1,c7761509fe91acb398ee5bc3a0c71e3a368a34aae316b04c5907d34bced1714d,c1af2191baefddee68a7f41c97c29f7799df4bcf5372d9e9cf44a52a3b510286,seed19_solution035,0.45848708487084871566,7.678917378917379466,0.70899223502097863392,0.59243309634223551008,0.45848708487084871566,-7.678917378917379466,0.70899223502097863392,0.59243309634223551008,True,False,,,"[0, 1, 1, 0, 0, 0, 2, 2, 1, 3, 1, 4, 1, 2, 3, 1, 3, 1, 5, 1, 6, 6, 0, 2, 2, 5, 7, 0, 5, 5, 5, 3, 7, 1, 8, 0, 1, 3, 3, 1, 1, 1, 0, 0, 5, 0, 0, 4, 7, 7, 7, 0, 0]"
stage3_declaration_method_body,stage3_declaration_method_body,declaration_method_body_v1,daytrader,19,da53d434b820e3c25bc69df63ced807cd0113d412fa36acc9694d1a97631d655,da53d434b820e3c25bc69df63ced807cd0113d412fa36acc9694d1a97631d655,db7ef8d78036796c5c5c79cc95f54eb1b9b9974de5e6f035d1929391b415f66c,422f35b2dac5ab2c9d80f631cc3154a7ba6ccadc124837c2e795833c3034f61c,6a995ce5caedd3fa567a09491378a629f7cdef61e41107cf25360bbd75d311d1,c7761509fe91acb398ee5bc3a0c71e3a368a34aae316b04c5907d34bced1714d,c1af2191baefddee68a7f41c97c29f7799df4bcf5372d9e9cf44a52a3b510286,seed19_solution036,0.46079335793357933948,9.2322222222222229959,0.81831126196986558874,0.68505388740968720107,0.46079335793357933948,-9.2322222222222229959,0.81831126196986558874,0.68505388740968720107,True,False,,,"[0, 1, 2, 0, 1, 0, 0, 0, 0, 0, 2, 3, 4, 4, 4, 0, 0, 0, 0, 2, 4, 5, 0, 5, 5, 6, 3, 0, 1, 0, 1, 7, 5, 8, 4, 7, 5, 4, 4, 2, 2, 2, 3, 0, 6, 4, 2, 9, 9, 2, 9, 0, 2]"
stage3_declaration_method_body,stage3_declaration_method_body,declaration_method_body_v1,daytrader,19,da53d434b820e3c25bc69df63ced807cd0113d412fa36acc9694d1a97631d655,da53d434b820e3c25bc69df63ced807cd0113d412fa36acc9694d1a97631d655,db7ef8d78036796c5c5c79cc95f54eb1b9b9974de5e6f035d1929391b415f66c,422f35b2dac5ab2c9d80f631cc3154a7ba6ccadc124837c2e795833c3034f61c,6a995ce5caedd3fa567a09491378a629f7cdef61e41107cf25360bbd75d311d1,c7761509fe91acb398ee5bc3a0c71e3a368a34aae316b04c5907d34bced1714d,c1af2191baefddee68a7f41c97c29f7799df4bcf5372d9e9cf44a52a3b510286,seed19_solution037,0.47416974169741699097,7.9641025641025642301,0.69067944217823118436,0.62269838894878537516,0.47416974169741699097,-7.9641025641025642301,0.69067944217823118436,0.62269838894878537516,True,False,,,"[0, 1, 1, 0, 0, 0, 2, 2, 1, 3, 1, 4, 1, 2, 3, 1, 3, 1, 5, 1, 6, 6, 0, 2, 2, 5, 7, 0, 5, 5, 5, 3, 7, 1, 8, 0, 1, 3, 8, 1, 1, 1, 0, 0, 5, 0, 0, 4, 7, 7, 7, 0, 0]"
stage3_declaration_method_body,stage3_declaration_method_body,declaration_method_body_v1,daytrader,19,da53d434b820e3c25bc69df63ced807cd0113d412fa36acc9694d1a97631d655,da53d434b820e3c25bc69df63ced807cd0113d412fa36acc9694d1a97631d655,db7ef8d78036796c5c5c79cc95f54eb1b9b9974de5e6f035d1929391b415f66c,422f35b2dac5ab2c9d80f631cc3154a7ba6ccadc124837c2e795833c3034f61c,6a995ce5caedd3fa567a09491378a629f7cdef61e41107cf25360bbd75d311d1,c7761509fe91acb398ee5bc3a0c71e3a368a34aae316b04c5907d34bced1714d,c1af2191baefddee68a7f41c97c29f7799df4bcf5372d9e9cf44a52a3b510286,seed19_solution038,0.48247232472324724784,10.286946386946386411,0.90605337385229955949,0.63416116961175705846,0.48247232472324724784,-10.286946386946386411,0.90605337385229955949,0.63416116961175705846,True,False,,,"[0, 1, 2, 0, 0, 0, 2, 3, 2, 0, 2, 3, 3, 4, 4, 2, 0, 2, 0, 2, 4, 4, 0, 5, 5, 6, 3, 0, 1, 0, 1, 3, 7, 2, 3, 8, 2, 4, 4, 2, 2, 2, 3, 0, 6, 9, 2, 10, 3, 8, 10, 0, 0]"
stage3_declaration_method_body,stage3_declaration_method_body,declaration_method_body_v1,daytrader,19,da53d434b820e3c25bc69df63ced807cd0113d412fa36acc9694d1a97631d655,da53d434b820e3c25bc69df63ced807cd0113d412fa36acc9694d1a97631d655,db7ef8d78036796c5c5c79cc95f54eb1b9b9974de5e6f035d1929391b415f66c,422f35b2dac5ab2c9d80f631cc3154a7ba6ccadc124837c2e795833c3034f61c,6a995ce5caedd3fa567a09491378a629f7cdef61e41107cf25360bbd75d311d1,c7761509fe91acb398ee5bc3a0c71e3a368a34aae316b04c5907d34bced1714d,c1af2191baefddee68a7f41c97c29f7799df4bcf5372d9e9cf44a52a3b510286,seed19_solution039,0.49723247232472322921,2.4382283834586466753,1.402713131607272512,0.51427759944566653338,0.49723247232472322921,-2.4382283834586466753,1.402713131607272512,0.51427759944566653338,True,False,,,"[0, 0, 0, 0, 1, 0, 0, 0, 2, 0, 3, 4, 5, 0, 0, 0, 0, 0, 6, 7, 1, 1, 2, 8, 8, 0, 9, 10, 0, 0, 0, 0, 11, 7, 8, 11, 7, 12, 7, 7, 7, 7, 11, 7, 0, 13, 13, 13, 14, 14, 14, 0, 15]"
stage3_declaration_method_body,stage3_declaration_method_body,declaration_method_body_v1,daytrader,19,da53d434b820e3c25bc69df63ced807cd0113d412fa36acc9694d1a97631d655,da53d434b820e3c25bc69df63ced807cd0113d412fa36acc9694d1a97631d655,db7ef8d78036796c5c5c79cc95f54eb1b9b9974de5e6f035d1929391b415f66c,422f35b2dac5ab2c9d80f631cc3154a7ba6ccadc124837c2e795833c3034f61c,6a995ce5caedd3fa567a09491378a629f7cdef61e41107cf25360bbd75d311d1,c7761509fe91acb398ee5bc3a0c71e3a368a34aae316b04c5907d34bced1714d,c1af2191baefddee68a7f41c97c29f7799df4bcf5372d9e9cf44a52a3b510286,seed19_solution040,0.50230627306273067934,17.183184523809526212,1.46235544450253796,0.65025976467342383458,0.50230627306273067934,-17.183184523809526212,1.46235544450253796,0.65025976467342383458,True,False,,,"[0, 0, 0, 0, 1, 2, 0, 0, 3, 0, 3, 0, 4, 0, 0, 0, 0, 0, 5, 6, 1, 4, 2, 6, 6, 0, 7, 5, 0, 0, 0, 0, 8, 6, 9, 0, 6, 4, 6, 6, 6, 10, 0, 11, 0, 12, 8, 13, 14, 9, 14, 15, 13]"
stage3_declaration_method_body,stage3_declaration_method_body,declaration_method_body_v1,daytrader,19,da53d434b820e3c25bc69df63ced807cd0113d412fa36acc9694d1a97631d655,da53d434b820e3c25bc69df63ced807cd0113d412fa36acc9694d1a97631d655,db7ef8d78036796c5c5c79cc95f54eb1b9b9974de5e6f035d1929391b415f66c,422f35b2dac5ab2c9d80f631cc3154a7ba6ccadc124837c2e795833c3034f61c,6a995ce5caedd3fa567a09491378a629f7cdef61e41107cf25360bbd75d311d1,c7761509fe91acb398ee5bc3a0c71e3a368a34aae316b04c5907d34bced1714d,c1af2191baefddee68a7f41c97c29f7799df4bcf5372d9e9cf44a52a3b510286,seed19_solution041,0.51337638376383765149,8.6912794807531650321,1.1156034338939231354,0.62390477734693994272,0.51337638376383765149,-8.6912794807531650321,1.1156034338939231354,0.62390477734693994272,True,False,,,"[0, 0, 0, 0, 1, 1, 0, 0, 2, 0, 3, 4, 4, 0, 0, 0, 0, 0, 5, 6, 5, 5, 1, 3, 6, 0, 4, 7, 0, 0, 0, 7, 4, 6, 8, 9, 8, 6, 0, 6, 6, 6, 2, 7, 0, 9, 9, 8, 10, 11, 11, 0, 12]"
stage3_declaration_method_body,stage3_declaration_method_body,declaration_method_body_v1,daytrader,19,da53d434b820e3c25bc69df63ced807cd0113d412fa36acc9694d1a97631d655,da53d434b820e3c25bc69df63ced807cd0113d412fa36acc9694d1a97631d655,db7ef8d78036796c5c5c79cc95f54eb1b9b9974de5e6f035d1929391b415f66c,422f35b2dac5ab2c9d80f631cc3154a7ba6ccadc124837c2e795833c3034f61c,6a995ce5caedd3fa567a09491378a629f7cdef61e41107cf25360bbd75d311d1,c7761509fe91acb398ee5bc3a0c71e3a368a34aae316b04c5907d34bced1714d,c1af2191baefddee68a7f41c97c29f7799df4bcf5372d9e9cf44a52a3b510286,seed19_solution042,0.51660516605166051374,17.613852339181285345,1.2661206845137824573,0.6646310564688728828,0.51660516605166051374,-17.613852339181285345,1.2661206845137824573,0.6646310564688728828,True,False,,,"[0, 0, 0, 0, 1, 2, 0, 0, 3, 0, 3, 4, 4, 0, 0, 0, 0, 0, 5, 6, 7, 1, 2, 4, 6, 0, 8, 9, 0, 0, 0, 0, 3, 5, 10, 11, 12, 4, 6, 5, 6, 6, 7, 10, 0, 13, 13, 14, 15, 14, 15, 0, 13]"
stage3_declaration_method_body,stage3_declaration_method_body,declaration_method_body_v1,daytrader,19,da53d434b820e3c25bc69df63ced807cd0113d412fa36acc9694d1a97631d655,da53d434b820e3c25bc69df63ced807cd0113d412fa36acc9694d1a97631d655,db7ef8d78036796c5c5c79cc95f54eb1b9b9974de5e6f035d1929391b415f66c,422f35b2dac5ab2c9d80f631cc3154a7ba6ccadc124837c2e795833c3034f61c,6a995ce5caedd3fa567a09491378a629f7cdef61e41107cf25360bbd75d311d1,c7761509fe91acb398ee5bc3a0c71e3a368a34aae316b04c5907d34bced1714d,c1af2191baefddee68a7f41c97c29f7799df4bcf5372d9e9cf44a52a3b510286,seed19_solution043,0.51845018450184499059,16.666874157070239448,1.3176513405221348396,0.65900469812303441586,0.51845018450184499059,-16.666874157070239448,1.3176513405221348396,0.65900469812303441586,True,False,,,"[0, 0, 1, 0, 1, 2, 0, 0, 3, 0, 4, 4, 5, 0, 0, 0, 0, 0, 1, 6, 7, 7, 2, 8, 5, 0, 8, 9, 0, 0, 0, 0, 10, 10, 11, 9, 6, 6, 6, 6, 6, 6, 12, 13, 0, 14, 15, 11, 16, 17, 17, 0, 3]"
stage3_declaration_method_body,stage3_declaration_method_body,declaration_method_body_v1,daytrader,19,da53d434b820e3c25bc69df63ced807cd0113d412fa36acc9694d1a97631d655,da53d434b820e3c25bc69df63ced807cd0113d412fa36acc9694d1a97631d655,db7ef8d78036796c5c5c79cc95f54eb1b9b9974de5e6f035d1929391b415f66c,422f35b2dac5ab2c9d80f631cc3154a7ba6ccadc124837c2e795833c3034f61c,6a995ce5caedd3fa567a09491378a629f7cdef61e41107cf25360bbd75d311d1,c7761509fe91acb398ee5bc3a0c71e3a368a34aae316b04c5907d34bced1714d,c1af2191baefddee68a7f41c97c29f7799df4bcf5372d9e9cf44a52a3b510286,seed19_solution044,0.52767527675276748589,16.986061507936508264,1.0817427232622010003,0.71554039406699798676,0.52767527675276748589,-16.986061507936508264,1.0817427232622010003,0.71554039406699798676,True,False,,,"[0, 0, 0, 0, 1, 2, 3, 4, 1, 0, 3, 4, 5, 0, 0, 0, 0, 0, 6, 5, 7, 7, 2, 7, 7, 0, 8, 9, 0, 0, 0, 1, 1, 7, 6, 10, 11, 7, 7, 7, 5, 7, 12, 8, 0, 8, 5, 13, 11, 9, 9, 14, 15]"
stage3_declaration_method_body,stage3_declaration_method_body,declaration_method_body_v1,daytrader,19,da53d434b820e3c25bc69df63ced807cd0113d412fa36acc9694d1a97631d655,da53d434b820e3c25bc69df63ced807cd0113d412fa36acc9694d1a97631d655,db7ef8d78036796c5c5c79cc95f54eb1b9b9974de5e6f035d1929391b415f66c,422f35b2dac5ab2c9d80f631cc3154a7ba6ccadc124837c2e795833c3034f61c,6a995ce5caedd3fa567a09491378a629f7cdef61e41107cf25360bbd75d311d1,c7761509fe91acb398ee5bc3a0c71e3a368a34aae316b04c5907d34bced1714d,c1af2191baefddee68a7f41c97c29f7799df4bcf5372d9e9cf44a52a3b510286,seed19_solution045,0.52905904059040587128,15.850442137639371154,1.2489938991271976043,0.71301078933907469093,0.52905904059040587128,-15.850442137639371154,1.2489938991271976043,0.71301078933907469093,True,False,,,"[0, 0, 0, 0, 1, 2, 0, 0, 3, 0, 3, 4, 4, 0, 0, 0, 0, 0, 5, 6, 5, 1, 2, 4, 7, 0, 8, 9, 0, 0, 0, 0, 3, 6, 6, 10, 10, 4, 11, 6, 7, 8, 5, 12, 0, 10, 13, 14, 5, 14, 15, 3, 16]"
stage3_declaration_method_body,stage3_declaration_method_body,declaration_method_body_v1,daytrader,19,da53d434b820e3c25bc69df63ced807cd0113d412fa36acc9694d1a97631d655,da53d434b820e3c25bc69df63ced807cd0113d412fa36acc9694d1a97631d655,db7ef8d78036796c5c5c79cc95f54eb1b9b9974de5e6f035d1929391b415f66c,422f35b2dac5ab2c9d80f631cc3154a7ba6ccadc124837c2e795833c3034f61c,6a995ce5caedd3fa567a09491378a629f7cdef61e41107cf25360bbd75d311d1,c7761509fe91acb398ee5bc3a0c71e3a368a34aae316b04c5907d34bced1714d,c1af2191baefddee68a7f41c97c29f7799df4bcf5372d9e9cf44a52a3b510286,seed19_solution046,0.53044280442804425668,9.8386134067952255577,0.7705878436476277793,0.71054117100596903001,0.53044280442804425668,-9.8386134067952255577,0.7705878436476277793,0.71054117100596903001,True,False,,,"[0, 1, 2, 0, 3, 0, 2, 3, 1, 4, 2, 4, 2, 4, 4, 2, 0, 2, 1, 5, 5, 5, 0, 4, 4, 6, 3, 0, 1, 1, 1, 4, 7, 2, 3, 0, 2, 4, 4, 2, 2, 2, 3, 0, 6, 8, 0, 8, 7, 9, 10, 0, 0]"
stage3_declaration_method_body,stage3_declaration_method_body,declaration_method_body_v1,daytrader,19,da53d434b820e3c25bc69df63ced807cd0113d412fa36acc9694d1a97631d655,da53d434b820e3c25bc69df63ced807cd0113d412fa36acc9694d1a97631d655,db7ef8d78036796c5c5c79cc95f54eb1b9b9974de5e6f035d1929391b415f66c,422f35b2dac5ab2c9d80f631cc3154a7ba6ccadc124837c2e795833c3034f61c,6a995ce5caedd3fa567a09491378a629f7cdef61e41107cf25360bbd75d311d1,c7761509fe91acb398ee5bc3a0c71e3a368a34aae316b04c5907d34bced1714d,c1af2191baefddee68a7f41c97c29f7799df4bcf5372d9e9cf44a52a3b510286,seed19_solution047,0.54059040590405904592,23.808834586466165462,1.1375653052817249478,0.70109603526050645605,0.54059040590405904592,-23.808834586466165462,1.1375653052817249478,0.70109603526050645605,True,False,,,"[0, 1, 0, 0, 1, 2, 0, 0, 3, 0, 3, 3, 4, 0, 0, 0, 0, 0, 5, 3, 4, 4, 2, 6, 6, 0, 6, 5, 1, 1, 0, 0, 6, 3, 7, 0, 0, 4, 4, 5, 3, 8, 0, 9, 0, 0, 10, 7, 5, 11, 11, 3, 0]"
stage3_declaration_method_body,stage3_declaration_method_body,declaration_method_body_v1,daytrader,19,da53d434b820e3c25bc69df63ced807cd0113d412fa36acc9694d1a97631d655,da53d434b820e3c25bc69df63ced807cd0113d412fa36acc9694d1a97631d655,db7ef8d78036796c5c5c79cc95f54eb1b9b9974de5e6f035d1929391b415f66c,422f35b2dac5ab2c9d80f631cc3154a7ba6ccadc124837c2e795833c3034f61c,6a995ce5caedd3fa567a09491378a629f7cdef61e41107cf25360bbd75d311d1,c7761509fe91acb398ee5bc3a0c71e3a368a34aae316b04c5907d34bced1714d,c1af2191baefddee68a7f41c97c29f7799df4bcf5372d9e9cf44a52a3b510286,seed19_solution048,0.54197416974169743131,5.5680014430014423965,0.65005408214914028875,0.80126523036336549932,0.54197416974169743131,-5.5680014430014423965,0.65005408214914028875,0.80126523036336549932,True,False,,,"[0, 0, 1, 0, 0, 0, 2, 3, 0, 4, 5, 2, 6, 4, 4, 1, 4, 1, 7, 6, 4, 2, 0, 8, 8, 7, 1, 0, 0, 9, 7, 4, 6, 5, 5, 8, 1, 10, 10, 1, 6, 9, 1, 0, 7, 11, 0, 9, 9, 6, 6, 0, 3]"
stage3_declaration_method_body,stage3_declaration_method_body,declaration_method_body_v1,daytrader,19,da53d434b820e3c25bc69df63ced807cd0113d412fa36acc9694d1a97631d655,da53d434b820e3c25bc69df63ced807cd0113d412fa36acc9694d1a97631d655,db7ef8d78036796c5c5c79cc95f54eb1b9b9974de5e6f035d1929391b415f66c,422f35b2dac5ab2c9d80f631cc3154a7ba6ccadc124837c2e795833c3034f61c,6a995ce5caedd3fa567a09491378a629f7cdef61e41107cf25360bbd75d311d1,c7761509fe91acb398ee5bc3a0c71e3a368a34aae316b04c5907d34bced1714d,c1af2191baefddee68a7f41c97c29f7799df4bcf5372d9e9cf44a52a3b510286,seed19_solution049,0.54335793357933581671,9.5653351698806243775,0.73415382861674416404,0.71995616714631938127,0.54335793357933581671,-9.5653351698806243775,0.73415382861674416404,0.71995616714631938127,True,False,,,"[0, 1, 2, 3, 4, 0, 2, 4, 1, 5, 2, 5, 2, 5, 5, 2, 0, 2, 1, 3, 3, 3, 0, 5, 5, 6, 4, 0, 1, 1, 1, 5, 7, 2, 4, 0, 2, 5, 5, 2, 2, 2, 4, 0, 6, 8, 0, 8, 7, 9, 10, 0, 0]"
stage3_declaration_method_body,stage3_declaration_method_body,declaration_method_body_v1,daytrader,19,da53d434b820e3c25bc69df63ced807cd0113d412fa36acc9694d1a97631d655,da53d434b820e3c25bc69df63ced807cd0113d412fa36acc9694d1a97631d655,db7ef8d78036796c5c5c79cc95f54eb1b9b9974de5e6f035d1929391b415f66c,422f35b2dac5ab2c9d80f631cc3154a7ba6ccadc124837c2e795833c3034f61c,6a995ce5caedd3fa567a09491378a629f7cdef61e41107cf25360bbd75d311d1,c7761509fe91acb398ee5bc3a0c71e3a368a34aae316b04c5907d34bced1714d,c1af2191baefddee68a7f41c97c29f7799df4bcf5372d9e9cf44a52a3b510286,seed19_solution050,0.54704797047970477042,5.0796176046176046981,0.61632011211551218643,0.78868297954953481277,0.54704797047970477042,-5.0796176046176046981,0.61632011211551218643,0.78868297954953481277,True,False,,,"[0, 0, 1, 0, 0, 0, 2, 2, 0, 3, 4, 2, 5, 3, 3, 1, 3, 1, 6, 5, 3, 2, 0, 7, 7, 6, 1, 0, 0, 8, 6, 3, 5, 4, 4, 7, 1, 9, 9, 1, 5, 8, 1, 0, 6, 10, 6, 8, 8, 5, 5, 0, 11]"
stage3_declaration_method_body,stage3_declaration_method_body,declaration_method_body_v1,daytrader,19,da53d434b820e3c25bc69df63ced807cd0113d412fa36acc9694d1a97631d655,da53d434b820e3c25bc69df63ced807cd0113d412fa36acc9694d1a97631d655,db7ef8d78036796c5c5c79cc95f54eb1b9b9974de5e6f035d1929391b415f66c,422f35b2dac5ab2c9d80f631cc3154a7ba6ccadc124837c2e795833c3034f61c,6a995ce5caedd3fa567a09491378a629f7cdef61e41107cf25360bbd75d311d1,c7761509fe91acb398ee5bc3a0c71e3a368a34aae316b04c5907d34bced1714d,c1af2191baefddee68a7f41c97c29f7799df4bcf5372d9e9cf44a52a3b510286,seed19_solution051,0.55027675276752763267,6.3821969696969684804,0.65333168653512396773,0.75872147452902072295,0.55027675276752763267,-6.3821969696969684804,0.65333168653512396773,0.75872147452902072295,True,False,,,"[0, 1, 1, 2, 0, 0, 0, 3, 1, 4, 1, 4, 0, 3, 2, 1, 4, 4, 1, 1, 5, 5, 0, 3, 3, 6, 0, 0, 3, 6, 6, 4, 7, 6, 4, 0, 1, 6, 1, 1, 1, 0, 6, 0, 6, 0, 0, 4, 4, 2, 7, 0, 0]"
stage3_declaration_method_body,stage3_declaration_method_body,declaration_method_body_v1,daytrader,19,da53d434b820e3c25bc69df63ced807cd0113d412fa36acc9694d1a97631d655,da53d434b820e3c25bc69df63ced807cd0113d412fa36acc9694d1a97631d655,db7ef8d78036796c5c5c79cc95f54eb1b9b9974de5e6f035d1929391b415f66c,422f35b2dac5ab2c9d80f631cc3154a7ba6ccadc124837c2e795833c3034f61c,6a995ce5caedd3fa567a09491378a629f7cdef61e41107cf25360bbd75d311d1,c7761509fe91acb398ee5bc3a0c71e3a368a34aae316b04c5907d34bced1714d,c1af2191baefddee68a7f41c97c29f7799df4bcf5372d9e9cf44a52a3b510286,seed19_solution052,0.55581180811808117426,22.857931811777959297,0.81896356280040405462,0.74661733455790013636,0.55581180811808117426,-22.857931811777959297,0.81896356280040405462,0.74661733455790013636,True,False,,,"[0, 0, 0, 1, 2, 3, 4, 5, 4, 0, 4, 4, 6, 0, 0, 0, 0, 0, 7, 6, 8, 8, 3, 7, 9, 0, 6, 2, 0, 0, 0, 2, 2, 7, 10, 7, 1, 9, 2, 9, 6, 9, 6, 9, 0, 10, 6, 1, 11, 10, 10, 12, 2]"
stage3_declaration_method_body,stage3_declaration_method_body,declaration_method_body_v1,daytrader,19,da53d434b820e3c25bc69df63ced807cd0113d412fa36acc9694d1a97631d655,da53d434b820e3c25bc69df63ced807cd0113d412fa36acc9694d1a97631d655,db7ef8d78036796c5c5c79cc95f54eb1b9b9974de5e6f035d1929391b415f66c,422f35b2dac5ab2c9d80f631cc3154a7ba6ccadc124837c2e795833c3034f61c,6a995ce5caedd3fa567a09491378a629f7cdef61e41107cf25360bbd75d311d1,c7761509fe91acb398ee5bc3a0c71e3a368a34aae316b04c5907d34bced1714d,c1af2191baefddee68a7f41c97c29f7799df4bcf5372d9e9cf44a52a3b510286,seed19_solution053,0.55627306273062726572,22.493365357839042673,1.0718243348470775089,0.71437718478045009185,0.55627306273062726572,-22.493365357839042673,1.0718243348470775089,0.71437718478045009185,True,False,,,"[0, 0, 0, 0, 1, 2, 0, 0, 3, 0, 3, 3, 4, 0, 0, 0, 0, 0, 5, 3, 4, 4, 2, 6, 6, 0, 3, 7, 1, 0, 0, 7, 6, 3, 8, 0, 8, 4, 4, 5, 9, 10, 4, 7, 0, 0, 10, 10, 8, 6, 11, 3, 0]"
stage3_declaration_method_body,stage3_declaration_method_body,declaration_method_body_v1,daytrader,19,da53d434b820e3c25bc69df63ced807cd0113d412fa36acc9694d1a97631d655,da53d434b820e3c25bc69df63ced807cd0113d412fa36acc9694d1a97631d655,db7ef8d78036796c5c5c79cc95f54eb1b9b9974de5e6f035d1929391b415f66c,422f35b2dac5ab2c9d80f631cc3154a7ba6ccadc124837c2e795833c3034f61c,6a995ce5caedd3fa567a09491378a629f7cdef61e41107cf25360bbd75d311d1,c7761509fe91acb398ee5bc3a0c71e3a368a34aae316b04c5907d34bced1714d,c1af2191baefddee68a7f41c97c29f7799df4bcf5372d9e9cf44a52a3b510286,seed19_solution054,0.55996309963099633045,21.123189630881938683,0.79020345627818577849,0.75551140175181752401,0.55996309963099633045,-21.123189630881938683,0.79020345627818577849,0.75551140175181752401,True,False,,,"[0, 0, 1, 0, 1, 2, 3, 4, 1, 0, 3, 4, 5, 0, 0, 0, 0, 0, 6, 5, 7, 7, 2, 7, 7, 0, 8, 9, 0, 0, 0, 1, 1, 5, 6, 6, 10, 8, 10, 8, 5, 7, 5, 8, 0, 8, 5, 11, 10, 9, 9, 12, 11]"
stage3_declaration_method_body,stage3_declaration_method_body,declaration_method_body_v1,daytrader,19,da53d434b820e3c25bc69df63ced807cd0113d412fa36acc9694d1a97631d655,da53d434b820e3c25bc69df63ced807cd0113d412fa36acc9694d1a97631d655,db7ef8d78036796c5c5c79cc95f54eb1b9b9974de5e6f035d1929391b415f66c,422f35b2dac5ab2c9d80f631cc3154a7ba6ccadc124837c2e795833c3034f61c,6a995ce5caedd3fa567a09491378a629f7cdef61e41107cf25360bbd75d311d1,c7761509fe91acb398ee5bc3a0c71e3a368a34aae316b04c5907d34bced1714d,c1af2191baefddee68a7f41c97c29f7799df4bcf5372d9e9cf44a52a3b510286,seed19_solution055,0.56411439114391148664,3.7885487528344676811,0.81678720082691935733,0.55141038005152065438,0.56411439114391148664,-3.7885487528344676811,0.81678720082691935733,0.55141038005152065438,True,False,,,"[0, 1, 2, 3, 0, 0, 4, 4, 2, 5, 2, 2, 2, 5, 5, 2, 2, 2, 1, 2, 5, 5, 0, 5, 2, 1, 2, 0, 1, 1, 1, 4, 5, 2, 2, 1, 2, 2, 5, 2, 2, 2, 1, 0, 0, 0, 0, 2, 6, 6, 6, 2, 2]"
stage3_declaration_method_body,stage3_declaration_method_body,declaration_method_body_v1,daytrader,19,da53d434b820e3c25bc69df63ced807cd0113d412fa36acc9694d1a97631d655,da53d434b820e3c25bc69df63ced807cd0113d412fa36acc9694d1a97631d655,db7ef8d78036796c5c5c79cc95f54eb1b9b9974de5e6f035d1929391b415f66c,422f35b2dac5ab2c9d80f631cc3154a7ba6ccadc124837c2e795833c3034f61c,6a995ce5caedd3fa567a09491378a629f7cdef61e41107cf25360bbd75d311d1,c7761509fe91acb398ee5bc3a0c71e3a368a34aae316b04c5907d34bced1714d,c1af2191baefddee68a7f41c97c29f7799df4bcf5372d9e9cf44a52a3b510286,seed19_solution056,0.56688191881918814641,20.527702362996478769,1.0471273151329516526,0.73411273726632852998,0.56688191881918814641,-20.527702362996478769,1.0471273151329516526,0.73411273726632852998,True,False,,,"[0, 0, 0, 0, 1, 2, 3, 4, 1, 0, 3, 3, 4, 0, 0, 0, 0, 0, 5, 3, 6, 5, 2, 4, 7, 0, 0, 8, 1, 0, 0, 1, 3, 3, 6, 8, 8, 4, 0, 7, 7, 7, 0, 9, 0, 9, 10, 9, 5, 8, 11, 0, 12]"
stage3_declaration_method_body,stage3_declaration_method_body,declaration_method_body_v1,daytrader,19,da53d434b820e3c25bc69df63ced807cd0113d412fa36acc9694d1a97631d655,da53d434b820e3c25bc69df63ced807cd0113d412fa36acc9694d1a97631d655,db7ef8d78036796c5c5c79cc95f54eb1b9b9974de5e6f035d1929391b415f66c,422f35b2dac5ab2c9d80f631cc3154a7ba6ccadc124837c2e795833c3034f61c,6a995ce5caedd3fa567a09491378a629f7cdef61e41107cf25360bbd75d311d1,c7761509fe91acb398ee5bc3a0c71e3a368a34aae316b04c5907d34bced1714d,c1af2191baefddee68a7f41c97c29f7799df4bcf5372d9e9cf44a52a3b510286,seed19_solution057,0.57149446494464939406,20.687567334626159266,1.060303495715254174,0.70687432218672663353,0.57149446494464939406,-20.687567334626159266,1.060303495715254174,0.70687432218672663353,True,False,,,"[0, 1, 0, 0, 1, 2, 0, 0, 3, 0, 3, 3, 4, 0, 0, 0, 0, 0, 5, 3, 5, 5, 2, 4, 6, 0, 6, 7, 1, 0, 0, 0, 3, 3, 7, 8, 8, 4, 0, 6, 6, 9, 0, 7, 0, 8, 10, 9, 5, 8, 11, 3, 12]"
stage3_declaration_method_body,stage3_declaration_method_body,declaration_method_body_v1,daytrader,19,da53d434b820e3c25bc69df63ced807cd0113d412fa36acc9694d1a97631d655,da53d434b820e3c25bc69df63ced807cd0113d412fa36acc9694d1a97631d655,db7ef8d78036796c5c5c79cc95f54eb1b9b9974de5e6f035d1929391b415f66c,422f35b2dac5ab2c9d80f631cc3154a7ba6ccadc124837c2e795833c3034f61c,6a995ce5caedd3fa567a09491378a629f7cdef61e41107cf25360bbd75d311d1,c7761509fe91acb398ee5bc3a0c71e3a368a34aae316b04c5907d34bced1714d,c1af2191baefddee68a7f41c97c29f7799df4bcf5372d9e9cf44a52a3b510286,seed19_solution058,0.57380073800738007339,24.13475935828876473,0.90172099210177514284,0.71636661099533338604,0.57380073800738007339,-24.13475935828876473,0.90172099210177514284,0.71636661099533338604,True,False,,,"[0, 1, 0, 0, 1, 2, 0, 0, 3, 0, 4, 4, 5, 0, 0, 0, 0, 0, 5, 6, 4, 5, 2, 5, 5, 0, 5, 7, 0, 0, 0, 0, 8, 3, 6, 9, 7, 3, 6, 7, 9, 8, 4, 7, 0, 9, 10, 4, 1, 9, 10, 3, 0]"
stage3_declaration_method_body,stage3_declaration_method_body,declaration_method_body_v1,daytrader,19,da53d434b820e3c25bc69df63ced807cd0113d412fa36acc9694d1a97631d655,da53d434b820e3c25bc69df63ced807cd0113d412fa36acc9694d1a97631d655,db7ef8d78036796c5c5c79cc95f54eb1b9b9974de5e6f035d1929391b415f66c,422f35b2dac5ab2c9d80f631cc3154a7ba6ccadc124837c2e795833c3034f61c,6a995ce5caedd3fa567a09491378a629f7cdef61e41107cf25360bbd75d311d1,c7761509fe91acb398ee5bc3a0c71e3a368a34aae316b04c5907d34bced1714d,c1af2191baefddee68a7f41c97c29f7799df4bcf5372d9e9cf44a52a3b510286,seed19_solution059,0.58164206642066418329,36.239901764901766512,0.56948634991647439918,0.63396365498398732363,0.58164206642066418329,-36.239901764901766512,0.56948634991647439918,0.63396365498398732363,True,False,,,"[0, 1, 2, 0, 0, 3, 4, 4, 0, 5, 2, 2, 2, 5, 5, 2, 5, 2, 1, 2, 5, 4, 3, 4, 4, 1, 2, 0, 1, 1, 1, 0, 6, 2, 6, 0, 2, 5, 5, 2, 2, 7, 0, 0, 1, 0, 0, 6, 7, 7, 7, 2, 0]"
stage3_declaration_method_body,stage3_declaration_method_body,declaration_method_body_v1,daytrader,19,da53d434b820e3c25bc69df63ced807cd0113d412fa36acc9694d1a97631d655,da53d434b820e3c25bc69df63ced807cd0113d412fa36acc9694d1a97631d655,db7ef8d78036796c5c5c79cc95f54eb1b9b9974de5e6f035d1929391b415f66c,422f35b2dac5ab2c9d80f631cc3154a7ba6ccadc124837c2e795833c3034f61c,6a995ce5caedd3fa567a09491378a629f7cdef61e41107cf25360bbd75d311d1,c7761509fe91acb398ee5bc3a0c71e3a368a34aae316b04c5907d34bced1714d,c1af2191baefddee68a7f41c97c29f7799df4bcf5372d9e9cf44a52a3b510286,seed19_solution060,0.58302583025830256869,18.171236171236174073,0.38759695441837993535,0.70502956270537886496,0.58302583025830256869,-18.171236171236174073,0.38759695441837993535,0.70502956270537886496,True,False,,,"[0, 1, 2, 0, 0, 3, 4, 4, 5, 3, 6, 2, 7, 8, 8, 2, 8, 2, 6, 2, 8, 6, 3, 4, 4, 1, 2, 7, 1, 1, 1, 0, 6, 2, 4, 2, 2, 8, 8, 2, 2, 7, 5, 5, 1, 0, 0, 5, 7, 7, 7, 0, 0]"
stage3_declaration_method_body,stage3_declaration_method_body,declaration_method_body_v1,daytrader,19,da53d434b820e3c25bc69df63ced807cd0113d412fa36acc9694d1a97631d655,da53d434b820e3c25bc69df63ced807cd0113d412fa36acc9694d1a97631d655,db7ef8d78036796c5c5c79cc95f54eb1b9b9974de5e6f035d1929391b415f66c,422f35b2dac5ab2c9d80f631cc3154a7ba6ccadc124837c2e795833c3034f61c,6a995ce5caedd3fa567a09491378a629f7cdef61e41107cf25360bbd75d311d1,c7761509fe91acb398ee5bc3a0c71e3a368a34aae316b04c5907d34bced1714d,c1af2191baefddee68a7f41c97c29f7799df4bcf5372d9e9cf44a52a3b510286,seed19_solution061,0.58717712177121772488,7.0503866503866499116,0.68133849378369004679,0.60159986161015677197,0.58717712177121772488,-7.0503866503866499116,0.68133849378369004679,0.60159986161015677197,True,False,,,"[0, 1, 1, 0, 0, 2, 3, 3, 1, 4, 1, 5, 1, 3, 4, 1, 4, 1, 2, 1, 6, 6, 0, 3, 3, 2, 7, 0, 2, 2, 2, 4, 7, 1, 8, 0, 1, 4, 4, 1, 1, 1, 0, 0, 2, 0, 0, 5, 7, 7, 7, 0, 0]"
stage3_declaration_method_body,stage3_declaration_method_body,declaration_method_body_v1,daytrader,19,da53d434b820e3c25bc69df63ced807cd0113d412fa36acc9694d1a97631d655,da53d434b820e3c25bc69df63ced807cd0113d412fa36acc9694d1a97631d655,db7ef8d78036796c5c5c79cc95f54eb1b9b9974de5e6f035d1929391b415f66c,422f35b2dac5ab2c9d80f631cc3154a7ba6ccadc124837c2e795833c3034f61c,6a995ce5caedd3fa567a09491378a629f7cdef61e41107cf25360bbd75d311d1,c7761509fe91acb398ee5bc3a0c71e3a368a34aae316b04c5907d34bced1714d,c1af2191baefddee68a7f41c97c29f7799df4bcf5372d9e9cf44a52a3b510286,seed19_solution062,0.59040590405904058713,36.017415223665224744,0.42651526624367225304,0.67447832622930270485,0.59040590405904058713,-36.017415223665224744,0.42651526624367225304,0.67447832622930270485,True,False,,,"[0, 1, 2, 0, 0, 3, 4, 4, 5, 5, 6, 2, 2, 5, 5, 2, 5, 2, 1, 2, 7, 4, 3, 4, 4, 1, 2, 4, 1, 1, 1, 0, 6, 2, 7, 0, 2, 4, 5, 2, 2, 7, 0, 0, 1, 0, 0, 7, 6, 6, 6, 2, 6]"
stage3_declaration_method_body,stage3_declaration_method_body,declaration_method_body_v1,daytrader,19,da53d434b820e3c25bc69df63ced807cd0113d412fa36acc9694d1a97631d655,da53d434b820e3c25bc69df63ced807cd0113d412fa36acc9694d1a97631d655,db7ef8d78036796c5c5c79cc95f54eb1b9b9974de5e6f035d1929391b415f66c,422f35b2dac5ab2c9d80f631cc3154a7ba6ccadc124837c2e795833c3034f61c,6a995ce5caedd3fa567a09491378a629f7cdef61e41107cf25360bbd75d311d1,c7761509fe91acb398ee5bc3a0c71e3a368a34aae316b04c5907d34bced1714d,c1af2191baefddee68a7f41c97c29f7799df4bcf5372d9e9cf44a52a3b510286,seed19_solution063,0.59824723247232469703,35.532521645021645895,0.41978482002428280095,0.69760856445659680247,0.59824723247232469703,-35.532521645021645895,0.41978482002428280095,0.69760856445659680247,True,False,,,"[0, 1, 2, 0, 0, 3, 4, 4, 0, 5, 2, 2, 6, 5, 5, 1, 5, 2, 1, 2, 5, 4, 3, 4, 4, 1, 2, 4, 1, 1, 1, 0, 6, 2, 7, 0, 2, 5, 5, 2, 2, 7, 0, 6, 1, 0, 0, 7, 6, 6, 6, 2, 6]"
stage3_declaration_method_body,stage3_declaration_method_body,declaration_method_body_v1,daytrader,19,da53d434b820e3c25bc69df63ced807cd0113d412fa36acc9694d1a97631d655,da53d434b820e3c25bc69df63ced807cd0113d412fa36acc9694d1a97631d655,db7ef8d78036796c5c5c79cc95f54eb1b9b9974de5e6f035d1929391b415f66c,422f35b2dac5ab2c9d80f631cc3154a7ba6ccadc124837c2e795833c3034f61c,6a995ce5caedd3fa567a09491378a629f7cdef61e41107cf25360bbd75d311d1,c7761509fe91acb398ee5bc3a0c71e3a368a34aae316b04c5907d34bced1714d,c1af2191baefddee68a7f41c97c29f7799df4bcf5372d9e9cf44a52a3b510286,seed19_solution064,0.59824723247232469703,14.29442640692640687,0.39170829230239045948,0.69760856445659680247,0.59824723247232469703,-14.29442640692640687,0.39170829230239045948,0.69760856445659680247,True,False,,,"[0, 1, 2, 0, 0, 3, 4, 4, 0, 5, 2, 2, 6, 5, 5, 1, 5, 2, 1, 2, 3, 4, 3, 4, 4, 1, 2, 4, 1, 1, 1, 0, 6, 2, 7, 0, 2, 5, 5, 2, 2, 7, 0, 6, 1, 0, 0, 7, 6, 6, 6, 2, 6]"
stage3_declaration_method_body,stage3_declaration_method_body,declaration_method_body_v1,daytrader,19,da53d434b820e3c25bc69df63ced807cd0113d412fa36acc9694d1a97631d655,da53d434b820e3c25bc69df63ced807cd0113d412fa36acc9694d1a97631d655,db7ef8d78036796c5c5c79cc95f54eb1b9b9974de5e6f035d1929391b415f66c,422f35b2dac5ab2c9d80f631cc3154a7ba6ccadc124837c2e795833c3034f61c,6a995ce5caedd3fa567a09491378a629f7cdef61e41107cf25360bbd75d311d1,c7761509fe91acb398ee5bc3a0c71e3a368a34aae316b04c5907d34bced1714d,c1af2191baefddee68a7f41c97c29f7799df4bcf5372d9e9cf44a52a3b510286,seed19_solution065,0.60747232472324719232,36.357051282051287444,0.59396514108291298406,0.6455447247396330912,0.60747232472324719232,-36.357051282051287444,0.59396514108291298406,0.6455447247396330912,True,False,,,"[0, 1, 2, 0, 0, 3, 4, 4, 0, 5, 2, 2, 2, 0, 5, 2, 5, 2, 1, 2, 5, 4, 3, 4, 4, 1, 2, 0, 1, 1, 1, 0, 6, 2, 6, 0, 2, 5, 7, 2, 2, 7, 0, 0, 1, 0, 0, 6, 7, 7, 7, 2, 0]"
stage3_declaration_method_body,stage3_declaration_method_body,declaration_method_body_v1,daytrader,19,da53d434b820e3c25bc69df63ced807cd0113d412fa36acc9694d1a97631d655,da53d434b820e3c25bc69df63ced807cd0113d412fa36acc9694d1a97631d655,db7ef8d78036796c5c5c79cc95f54eb1b9b9974de5e6f035d1929391b415f66c,422f35b2dac5ab2c9d80f631cc3154a7ba6ccadc124837c2e795833c3034f61c,6a995ce5caedd3fa567a09491378a629f7cdef61e41107cf25360bbd75d311d1,c7761509fe91acb398ee5bc3a0c71e3a368a34aae316b04c5907d34bced1714d,c1af2191baefddee68a7f41c97c29f7799df4bcf5372d9e9cf44a52a3b510286,seed19_solution066,0.61023985239852396312,36.103427128427121318,0.47094279148485601594,0.67565473250051810705,0.61023985239852396312,-36.103427128427121318,0.47094279148485601594,0.67565473250051810705,True,False,,,"[0, 1, 2, 0, 0, 3, 4, 4, 5, 5, 6, 2, 2, 4, 5, 2, 5, 2, 1, 2, 7, 4, 3, 4, 4, 1, 2, 0, 1, 1, 1, 0, 6, 2, 7, 0, 2, 4, 5, 2, 2, 6, 0, 0, 1, 0, 0, 7, 6, 6, 6, 2, 6]"
stage3_declaration_method_body,stage3_declaration_method_body,declaration_method_body_v1,daytrader,19,da53d434b820e3c25bc69df63ced807cd0113d412fa36acc9694d1a97631d655,da53d434b820e3c25bc69df63ced807cd0113d412fa36acc9694d1a97631d655,db7ef8d78036796c5c5c79cc95f54eb1b9b9974de5e6f035d1929391b415f66c,422f35b2dac5ab2c9d80f631cc3154a7ba6ccadc124837c2e795833c3034f61c,6a995ce5caedd3fa567a09491378a629f7cdef61e41107cf25360bbd75d311d1,c7761509fe91acb398ee5bc3a0c71e3a368a34aae316b04c5907d34bced1714d,c1af2191baefddee68a7f41c97c29f7799df4bcf5372d9e9cf44a52a3b510286,seed19_solution067,0.6107011070110701656,35.996512515262516274,0.51706375871866872007,0.67292440769164196812,0.6107011070110701656,-35.996512515262516274,0.51706375871866872007,0.67292440769164196812,True,False,,,"[0, 1, 2, 0, 0, 3, 4, 4, 0, 5, 2, 2, 2, 4, 5, 2, 5, 2, 1, 2, 5, 4, 3, 4, 4, 1, 2, 4, 1, 1, 1, 0, 6, 2, 7, 0, 2, 4, 5, 2, 2, 7, 0, 0, 1, 0, 0, 7, 6, 6, 6, 2, 6]"
stage3_declaration_method_body,stage3_declaration_method_body,declaration_method_body_v1,daytrader,19,da53d434b820e3c25bc69df63ced807cd0113d412fa36acc9694d1a97631d655,da53d434b820e3c25bc69df63ced807cd0113d412fa36acc9694d1a97631d655,db7ef8d78036796c5c5c79cc95f54eb1b9b9974de5e6f035d1929391b415f66c,422f35b2dac5ab2c9d80f631cc3154a7ba6ccadc124837c2e795833c3034f61c,6a995ce5caedd3fa567a09491378a629f7cdef61e41107cf25360bbd75d311d1,c7761509fe91acb398ee5bc3a0c71e3a368a34aae316b04c5907d34bced1714d,c1af2191baefddee68a7f41c97c29f7799df4bcf5372d9e9cf44a52a3b510286,seed19_solution068,0.6236162361623616146,17.536507936507938155,0.37069590008280184357,0.7763924551323984069,0.6236162361623616146,-17.536507936507938155,0.37069590008280184357,0.7763924551323984069,True,False,,,"[0, 1, 2, 0, 2, 3, 4, 5, 6, 3, 7, 6, 7, 6, 1, 2, 5, 2, 6, 2, 7, 7, 3, 4, 4, 1, 2, 7, 1, 1, 1, 0, 7, 2, 4, 2, 2, 5, 5, 2, 2, 8, 8, 8, 5, 0, 0, 8, 4, 7, 8, 0, 0]"
stage3_declaration_method_body,stage3_declaration_method_body,declaration_method_body_v1,daytrader,19,da53d434b820e3c25bc69df63ced807cd0113d412fa36acc9694d1a97631d655,da53d434b820e3c25bc69df63ced807cd0113d412fa36acc9694d1a97631d655,db7ef8d78036796c5c5c79cc95f54eb1b9b9974de5e6f035d1929391b415f66c,422f35b2dac5ab2c9d80f631cc3154a7ba6ccadc124837c2e795833c3034f61c,6a995ce5caedd3fa567a09491378a629f7cdef61e41107cf25360bbd75d311d1,c7761509fe91acb398ee5bc3a0c71e3a368a34aae316b04c5907d34bced1714d,c1af2191baefddee68a7f41c97c29f7799df4bcf5372d9e9cf44a52a3b510286,seed19_solution069,0.62869003690036895371,3.296164021164020852,0.1896202947381299686,0.87639591838112163025,0.62869003690036895371,-3.296164021164020852,0.1896202947381299686,0.87639591838112163025,True,False,,,"[0, 1, 2, 3, 1, 0, 0, 2, 3, 4, 4, 3, 0, 1, 0, 3, 4, 4, 1, 5, 3, 5, 0, 5, 5, 5, 0, 5, 2, 5, 2, 4, 3, 5, 4, 1, 2, 5, 1, 1, 2, 0, 5, 0, 5, 0, 3, 2, 4, 3, 1, 1, 0]"
stage3_declaration_method_body,stage3_declaration_method_body,declaration_method_body_v1,daytrader,19,da53d434b820e3c25bc69df63ced807cd0113d412fa36acc9694d1a97631d655,da53d434b820e3c25bc69df63ced807cd0113d412fa36acc9694d1a97631d655,db7ef8d78036796c5c5c79cc95f54eb1b9b9974de5e6f035d1929391b415f66c,422f35b2dac5ab2c9d80f631cc3154a7ba6ccadc124837c2e795833c3034f61c,6a995ce5caedd3fa567a09491378a629f7cdef61e41107cf25360bbd75d311d1,c7761509fe91acb398ee5bc3a0c71e3a368a34aae316b04c5907d34bced1714d,c1af2191baefddee68a7f41c97c29f7799df4bcf5372d9e9cf44a52a3b510286,seed19_solution070,0.63238007380073801844,3.6497354497354499436,0.25870394718494504893,0.84259909595994175735,0.63238007380073801844,-3.6497354497354499436,0.25870394718494504893,0.84259909595994175735,True,False,,,"[0, 1, 1, 2, 1, 0, 3, 0, 2, 0, 1, 2, 3, 4, 4, 1, 5, 0, 0, 5, 6, 7, 0, 6, 1, 4, 8, 6, 4, 5, 2, 7, 8, 1, 3, 7, 6, 5, 8, 2, 5, 1, 7, 6, 4, 7, 7, 0, 3, 3, 2, 2, 4]"
stage3_declaration_method_body,stage3_declaration_method_body,declaration_method_body_v1,daytrader,19,da53d434b820e3c25bc69df63ced807cd0113d412fa36acc9694d1a97631d655,da53d434b820e3c25bc69df63ced807cd0113d412fa36acc9694d1a97631d655,db7ef8d78036796c5c5c79cc95f54eb1b9b9974de5e6f035d1929391b415f66c,422f35b2dac5ab2c9d80f631cc3154a7ba6ccadc124837c2e795833c3034f61c,6a995ce5caedd3fa567a09491378a629f7cdef61e41107cf25360bbd75d311d1,c7761509fe91acb398ee5bc3a0c71e3a368a34aae316b04c5907d34bced1714d,c1af2191baefddee68a7f41c97c29f7799df4bcf5372d9e9cf44a52a3b510286,seed19_solution071,0.63468634686346858675,32.026455026455025177,0.39577692383779300433,0.75303670585499282719,0.63468634686346858675,-32.026455026455025177,0.39577692383779300433,0.75303670585499282719,True,False,,,"[0, 1, 2, 0, 2, 3, 4, 5, 6, 5, 6, 6, 6, 5, 5, 2, 5, 2, 6, 2, 7, 7, 3, 4, 4, 1, 2, 7, 1, 1, 1, 1, 6, 2, 4, 0, 2, 5, 5, 2, 2, 7, 8, 6, 8, 0, 0, 8, 4, 7, 6, 0, 0]"
stage3_declaration_method_body,stage3_declaration_method_body,declaration_method_body_v1,daytrader,19,da53d434b820e3c25bc69df63ced807cd0113d412fa36acc9694d1a97631d655,da53d434b820e3c25bc69df63ced807cd0113d412fa36acc9694d1a97631d655,db7ef8d78036796c5c5c79cc95f54eb1b9b9974de5e6f035d1929391b415f66c,422f35b2dac5ab2c9d80f631cc3154a7ba6ccadc124837c2e795833c3034f61c,6a995ce5caedd3fa567a09491378a629f7cdef61e41107cf25360bbd75d311d1,c7761509fe91acb398ee5bc3a0c71e3a368a34aae316b04c5907d34bced1714d,c1af2191baefddee68a7f41c97c29f7799df4bcf5372d9e9cf44a52a3b510286,seed19_solution072,0.64760147601476014678,13.467352092352093962,0.48874844705617426222,0.66519342254179814056,0.64760147601476014678,-13.467352092352093962,0.48874844705617426222,0.66519342254179814056,True,False,,,"[0, 1, 2, 0, 0, 3, 4, 4, 0, 4, 2, 2, 5, 4, 6, 1, 6, 2, 1, 2, 3, 4, 3, 4, 4, 1, 2, 0, 1, 1, 1, 0, 5, 2, 7, 0, 2, 6, 6, 2, 2, 5, 0, 5, 1, 0, 0, 7, 5, 5, 5, 2, 2]"
stage3_declaration_method_body,stage3_declaration_method_body,declaration_method_body_v1,daytrader,19,da53d434b820e3c25bc69df63ced807cd0113d412fa36acc9694d1a97631d655,da53d434b820e3c25bc69df63ced807cd0113d412fa36acc9694d1a97631d655,db7ef8d78036796c5c5c79cc95f54eb1b9b9974de5e6f035d1929391b415f66c,422f35b2dac5ab2c9d80f631cc3154a7ba6ccadc124837c2e795833c3034f61c,6a995ce5caedd3fa567a09491378a629f7cdef61e41107cf25360bbd75d311d1,c7761509fe91acb398ee5bc3a0c71e3a368a34aae316b04c5907d34bced1714d,c1af2191baefddee68a7f41c97c29f7799df4bcf5372d9e9cf44a52a3b510286,seed19_solution073,0.65590405904059045916,32.397883597883598839,0.41164951375983827031,0.7750046582010235996,0.65590405904059045916,-32.397883597883598839,0.41164951375983827031,0.7750046582010235996,True,False,,,"[0, 1, 2, 0, 2, 3, 4, 5, 6, 5, 7, 6, 7, 6, 5, 2, 5, 2, 6, 2, 7, 7, 3, 4, 4, 1, 2, 7, 1, 1, 1, 0, 6, 2, 7, 0, 2, 5, 5, 2, 2, 8, 8, 6, 5, 0, 0, 8, 4, 7, 6, 0, 6]"
stage3_declaration_method_body,stage3_declaration_method_body,declaration_method_body_v1,daytrader,19,da53d434b820e3c25bc69df63ced807cd0113d412fa36acc9694d1a97631d655,da53d434b820e3c25bc69df63ced807cd0113d412fa36acc9694d1a97631d655,db7ef8d78036796c5c5c79cc95f54eb1b9b9974de5e6f035d1929391b415f66c,422f35b2dac5ab2c9d80f631cc3154a7ba6ccadc124837c2e795833c3034f61c,6a995ce5caedd3fa567a09491378a629f7cdef61e41107cf25360bbd75d311d1,c7761509fe91acb398ee5bc3a0c71e3a368a34aae316b04c5907d34bced1714d,c1af2191baefddee68a7f41c97c29f7799df4bcf5372d9e9cf44a52a3b510286,seed19_solution074,0.66051660516605170681,9.614285714285715656,0.28238923673765592426,0.7835157946602212542,0.66051660516605170681,-9.614285714285715656,0.28238923673765592426,0.7835157946602212542,True,False,,,"[0, 1, 2, 0, 2, 3, 4, 1, 5, 3, 6, 6, 6, 5, 5, 2, 5, 2, 6, 3, 7, 6, 3, 4, 4, 1, 2, 7, 1, 1, 1, 0, 6, 2, 4, 2, 2, 5, 8, 2, 2, 7, 8, 8, 8, 0, 0, 8, 4, 7, 7, 0, 0]"
stage3_declaration_method_body,stage3_declaration_method_body,declaration_method_body_v1,daytrader,19,da53d434b820e3c25bc69df63ced807cd0113d412fa36acc9694d1a97631d655,da53d434b820e3c25bc69df63ced807cd0113d412fa36acc9694d1a97631d655,db7ef8d78036796c5c5c79cc95f54eb1b9b9974de5e6f035d1929391b415f66c,422f35b2dac5ab2c9d80f631cc3154a7ba6ccadc124837c2e795833c3034f61c,6a995ce5caedd3fa567a09491378a629f7cdef61e41107cf25360bbd75d311d1,c7761509fe91acb398ee5bc3a0c71e3a368a34aae316b04c5907d34bced1714d,c1af2191baefddee68a7f41c97c29f7799df4bcf5372d9e9cf44a52a3b510286,seed19_solution075,0.67804428044280440346,15.432380952380952976,0.31628404932528697557,0.80466123049414373103,0.67804428044280440346,-15.432380952380952976,0.31628404932528697557,0.80466123049414373103,True,False,,,"[0, 1, 2, 0, 3, 4, 5, 1, 6, 4, 6, 7, 7, 7, 6, 3, 6, 3, 7, 3, 2, 2, 4, 5, 5, 1, 7, 2, 1, 1, 1, 0, 2, 3, 5, 3, 3, 6, 6, 8, 3, 8, 8, 8, 9, 0, 0, 8, 2, 9, 6, 5, 0]"
stage3_declaration_method_body,stage3_declaration_method_body,declaration_method_body_v1,daytrader,19,da53d434b820e3c25bc69df63ced807cd0113d412fa36acc9694d1a97631d655,da53d434b820e3c25bc69df63ced807cd0113d412fa36acc9694d1a97631d655,db7ef8d78036796c5c5c79cc95f54eb1b9b9974de5e6f035d1929391b415f66c,422f35b2dac5ab2c9d80f631cc3154a7ba6ccadc124837c2e795833c3034f61c,6a995ce5caedd3fa567a09491378a629f7cdef61e41107cf25360bbd75d311d1,c7761509fe91acb398ee5bc3a0c71e3a368a34aae316b04c5907d34bced1714d,c1af2191baefddee68a7f41c97c29f7799df4bcf5372d9e9cf44a52a3b510286,seed19_solution076,0.68265682656826565111,31.267724867724869142,0.39577692383779300433,0.73509752145149542812,0.68265682656826565111,-31.267724867724869142,0.39577692383779300433,0.73509752145149542812,True,False,,,"[0, 1, 2, 0, 2, 3, 4, 5, 5, 6, 6, 6, 7, 5, 1, 2, 5, 2, 6, 2, 7, 7, 3, 4, 4, 1, 2, 0, 1, 1, 1, 0, 6, 2, 4, 4, 2, 5, 5, 2, 2, 8, 8, 4, 5, 0, 0, 8, 4, 7, 7, 0, 0]"
stage3_declaration_method_body,stage3_declaration_method_body,declaration_method_body_v1,daytrader,19,da53d434b820e3c25bc69df63ced807cd0113d412fa36acc9694d1a97631d655,da53d434b820e3c25bc69df63ced807cd0113d412fa36acc9694d1a97631d655,db7ef8d78036796c5c5c79cc95f54eb1b9b9974de5e6f035d1929391b415f66c,422f35b2dac5ab2c9d80f631cc3154a7ba6ccadc124837c2e795833c3034f61c,6a995ce5caedd3fa567a09491378a629f7cdef61e41107cf25360bbd75d311d1,c7761509fe91acb398ee5bc3a0c71e3a368a34aae316b04c5907d34bced1714d,c1af2191baefddee68a7f41c97c29f7799df4bcf5372d9e9cf44a52a3b510286,seed19_solution077,0.68404059040590403651,31.588359788359792191,0.36194954892926184398,0.69715791177652008948,0.68404059040590403651,-31.588359788359792191,0.36194954892926184398,0.69715791177652008948,True,False,,,"[0, 1, 2, 0, 2, 3, 4, 1, 5, 5, 6, 5, 5, 7, 7, 2, 7, 2, 5, 2, 6, 6, 3, 4, 4, 1, 2, 6, 1, 1, 1, 0, 5, 2, 6, 4, 2, 7, 7, 2, 2, 8, 8, 5, 8, 0, 0, 8, 4, 6, 6, 0, 0]"
stage3_declaration_method_body,stage3_declaration_method_body,declaration_method_body_v1,daytrader,19,da53d434b820e3c25bc69df63ced807cd0113d412fa36acc9694d1a97631d655,da53d434b820e3c25bc69df63ced807cd0113d412fa36acc9694d1a97631d655,db7ef8d78036796c5c5c79cc95f54eb1b9b9974de5e6f035d1929391b415f66c,422f35b2dac5ab2c9d80f631cc3154a7ba6ccadc124837c2e795833c3034f61c,6a995ce5caedd3fa567a09491378a629f7cdef61e41107cf25360bbd75d311d1,c7761509fe91acb398ee5bc3a0c71e3a368a34aae316b04c5907d34bced1714d,c1af2191baefddee68a7f41c97c29f7799df4bcf5372d9e9cf44a52a3b510286,seed19_solution078,0.69372693726937273428,15.117142857142857437,0.30482064946044368225,0.82413839160256241456,0.69372693726937273428,-15.117142857142857437,0.30482064946044368225,0.82413839160256241456,True,False,,,"[0, 1, 2, 0, 3, 4, 5, 1, 6, 4, 6, 7, 7, 7, 6, 3, 6, 3, 7, 3, 2, 2, 4, 5, 5, 1, 7, 2, 1, 1, 1, 0, 2, 3, 5, 3, 3, 6, 5, 8, 3, 8, 8, 8, 9, 0, 0, 8, 2, 9, 6, 5, 0]"
stage3_declaration_method_body,stage3_declaration_method_body,declaration_method_body_v1,daytrader,19,da53d434b820e3c25bc69df63ced807cd0113d412fa36acc9694d1a97631d655,da53d434b820e3c25bc69df63ced807cd0113d412fa36acc9694d1a97631d655,db7ef8d78036796c5c5c79cc95f54eb1b9b9974de5e6f035d1929391b415f66c,422f35b2dac5ab2c9d80f631cc3154a7ba6ccadc124837c2e795833c3034f61c,6a995ce5caedd3fa567a09491378a629f7cdef61e41107cf25360bbd75d311d1,c7761509fe91acb398ee5bc3a0c71e3a368a34aae316b04c5907d34bced1714d,c1af2191baefddee68a7f41c97c29f7799df4bcf5372d9e9cf44a52a3b510286,seed19_solution079,0.70018450184501845879,2.0176046176046180669,0.22084339454187970619,0.80853448413647233117,0.70018450184501845879,-2.0176046176046180669,0.22084339454187970619,0.80853448413647233117,True,False,,,"[0, 0, 1, 2, 0, 0, 3, 1, 2, 4, 3, 0, 0, 5, 4, 0, 1, 3, 5, 4, 1, 1, 0, 1, 4, 3, 0, 3, 2, 4, 5, 1, 2, 1, 3, 2, 2, 4, 5, 5, 1, 1, 4, 0, 1, 0, 2, 3, 3, 2, 5, 5, 0]"
stage3_declaration_method_body,stage3_declaration_method_body,declaration_method_body_v1,daytrader,19,da53d434b820e3c25bc69df63ced807cd0113d412fa36acc9694d1a97631d655,da53d434b820e3c25bc69df63ced807cd0113d412fa36acc9694d1a97631d655,db7ef8d78036796c5c5c79cc95f54eb1b9b9974de5e6f035d1929391b415f66c,422f35b2dac5ab2c9d80f631cc3154a7ba6ccadc124837c2e795833c3034f61c,6a995ce5caedd3fa567a09491378a629f7cdef61e41107cf25360bbd75d311d1,c7761509fe91acb398ee5bc3a0c71e3a368a34aae316b04c5907d34bced1714d,c1af2191baefddee68a7f41c97c29f7799df4bcf5372d9e9cf44a52a3b510286,seed19_solution080,0.71079335793357933948,2.8544973544973544222,0.23940712340470790553,0.79559582059710098889,0.71079335793357933948,-2.8544973544973544222,0.23940712340470790553,0.79559582059710098889,True,False,,,"[0, 1, 0, 2, 1, 3, 3, 3, 2, 4, 2, 3, 0, 1, 0, 3, 4, 2, 1, 5, 2, 4, 3, 5, 3, 5, 0, 0, 1, 1, 1, 4, 2, 2, 4, 0, 2, 4, 1, 1, 2, 2, 5, 1, 1, 0, 3, 3, 4, 5, 4, 1, 0]"
stage3_declaration_method_body,stage3_declaration_method_body,declaration_method_body_v1,daytrader,19,da53d434b820e3c25bc69df63ced807cd0113d412fa36acc9694d1a97631d655,da53d434b820e3c25bc69df63ced807cd0113d412fa36acc9694d1a97631d655,db7ef8d78036796c5c5c79cc95f54eb1b9b9974de5e6f035d1929391b415f66c,422f35b2dac5ab2c9d80f631cc3154a7ba6ccadc124837c2e795833c3034f61c,6a995ce5caedd3fa567a09491378a629f7cdef61e41107cf25360bbd75d311d1,c7761509fe91acb398ee5bc3a0c71e3a368a34aae316b04c5907d34bced1714d,c1af2191baefddee68a7f41c97c29f7799df4bcf5372d9e9cf44a52a3b510286,seed19_solution081,0.72416974169741699097,4.041534391534391979,0.20321376630696239007,0.83039393423488327972,0.72416974169741699097,-4.041534391534391979,0.20321376630696239007,0.83039393423488327972,True,False,,,"[0, 1, 2, 2, 2, 0, 3, 3, 2, 4, 3, 2, 5, 6, 6, 7, 4, 4, 0, 5, 5, 8, 0, 6, 1, 4, 7, 5, 6, 4, 8, 8, 7, 2, 7, 2, 5, 4, 7, 3, 4, 1, 8, 5, 1, 8, 0, 0, 3, 3, 5, 2, 6]"
stage3_declaration_method_body,stage3_declaration_method_body,declaration_method_body_v1,daytrader,19,da53d434b820e3c25bc69df63ced807cd0113d412fa36acc9694d1a97631d655,da53d434b820e3c25bc69df63ced807cd0113d412fa36acc9694d1a97631d655,db7ef8d78036796c5c5c79cc95f54eb1b9b9974de5e6f035d1929391b415f66c,422f35b2dac5ab2c9d80f631cc3154a7ba6ccadc124837c2e795833c3034f61c,6a995ce5caedd3fa567a09491378a629f7cdef61e41107cf25360bbd75d311d1,c7761509fe91acb398ee5bc3a0c71e3a368a34aae316b04c5907d34bced1714d,c1af2191baefddee68a7f41c97c29f7799df4bcf5372d9e9cf44a52a3b510286,seed19_solution082,0.72601476014760146782,5.1428571428571423496,0.27080566215862872381,0.84018230639116298075,0.72601476014760146782,-5.1428571428571423496,0.27080566215862872381,0.84018230639116298075,True,False,,,"[0, 1, 2, 2, 2, 0, 3, 3, 2, 4, 3, 2, 5, 6, 6, 5, 4, 4, 0, 5, 5, 7, 0, 6, 1, 4, 8, 5, 6, 4, 7, 7, 8, 2, 8, 2, 5, 4, 8, 3, 4, 1, 7, 5, 1, 7, 4, 0, 3, 3, 5, 2, 6]"
stage3_declaration_method_body,stage3_declaration_method_body,declaration_method_body_v1,daytrader,19,da53d434b820e3c25bc69df63ced807cd0113d412fa36acc9694d1a97631d655,da53d434b820e3c25bc69df63ced807cd0113d412fa36acc9694d1a97631d655,db7ef8d78036796c5c5c79cc95f54eb1b9b9974de5e6f035d1929391b415f66c,422f35b2dac5ab2c9d80f631cc3154a7ba6ccadc124837c2e795833c3034f61c,6a995ce5caedd3fa567a09491378a629f7cdef61e41107cf25360bbd75d311d1,c7761509fe91acb398ee5bc3a0c71e3a368a34aae316b04c5907d34bced1714d,c1af2191baefddee68a7f41c97c29f7799df4bcf5372d9e9cf44a52a3b510286,seed19_solution083,0.74953874538745390854,4.4866666666666663588,0.22404419032147013247,0.82047939928919588759,0.74953874538745390854,-4.4866666666666663588,0.22404419032147013247,0.82047939928919588759,True,False,,,"[0, 0, 0, 1, 2, 2, 3, 3, 4, 5, 6, 4, 7, 5, 7, 1, 4, 1, 7, 4, 2, 8, 2, 6, 6, 0, 5, 3, 9, 1, 4, 7, 8, 1, 9, 2, 6, 9, 7, 1, 0, 5, 3, 7, 0, 9, 3, 1, 8, 8, 7, 6, 0]"
stage3_declaration_method_body,stage3_declaration_method_body,declaration_method_body_v1,daytrader,19,da53d434b820e3c25bc69df63ced807cd0113d412fa36acc9694d1a97631d655,da53d434b820e3c25bc69df63ced807cd0113d412fa36acc9694d1a97631d655,db7ef8d78036796c5c5c79cc95f54eb1b9b9974de5e6f035d1929391b415f66c,422f35b2dac5ab2c9d80f631cc3154a7ba6ccadc124837c2e795833c3034f61c,6a995ce5caedd3fa567a09491378a629f7cdef61e41107cf25360bbd75d311d1,c7761509fe91acb398ee5bc3a0c71e3a368a34aae316b04c5907d34bced1714d,c1af2191baefddee68a7f41c97c29f7799df4bcf5372d9e9cf44a52a3b510286,seed19_solution084,0.75276752767527677079,7.3223104056437380294,0.24600763793217542141,0.88309400627233736181,0.75276752767527677079,-7.3223104056437380294,0.24600763793217542141,0.88309400627233736181,True,False,,,"[0, 1, 2, 0, 2, 3, 3, 1, 4, 5, 4, 6, 4, 6, 7, 5, 4, 2, 6, 2, 6, 4, 3, 7, 7, 1, 6, 6, 1, 1, 1, 0, 4, 7, 3, 5, 2, 7, 8, 8, 5, 6, 8, 8, 8, 0, 0, 8, 2, 6, 6, 0, 0]"
stage3_declaration_method_body,stage3_declaration_method_body,declaration_method_body_v1,daytrader,19,da53d434b820e3c25bc69df63ced807cd0113d412fa36acc9694d1a97631d655,da53d434b820e3c25bc69df63ced807cd0113d412fa36acc9694d1a97631d655,db7ef8d78036796c5c5c79cc95f54eb1b9b9974de5e6f035d1929391b415f66c,422f35b2dac5ab2c9d80f631cc3154a7ba6ccadc124837c2e795833c3034f61c,6a995ce5caedd3fa567a09491378a629f7cdef61e41107cf25360bbd75d311d1,c7761509fe91acb398ee5bc3a0c71e3a368a34aae316b04c5907d34bced1714d,c1af2191baefddee68a7f41c97c29f7799df4bcf5372d9e9cf44a52a3b510286,seed19_solution085,0.76107011070110697215,2.3764189514189513197,0.13736056394868900732,0.78591144251099731566,0.76107011070110697215,-2.3764189514189513197,0.13736056394868900732,0.78591144251099731566,True,False,,,"[0, 1, 2, 2, 1, 3, 4, 5, 0, 4, 2, 5, 0, 1, 3, 5, 3, 4, 1, 3, 5, 5, 0, 4, 4, 5, 0, 0, 1, 3, 1, 3, 2, 3, 4, 0, 2, 3, 3, 1, 2, 2, 0, 0, 2, 0, 0, 5, 4, 2, 1, 1, 4]"
stage3_declaration_method_body,stage3_declaration_method_body,declaration_method_body_v1,daytrader,19,da53d434b820e3c25bc69df63ced807cd0113d412fa36acc9694d1a97631d655,da53d434b820e3c25bc69df63ced807cd0113d412fa36acc9694d1a97631d655,db7ef8d78036796c5c5c79cc95f54eb1b9b9974de5e6f035d1929391b415f66c,422f35b2dac5ab2c9d80f631cc3154a7ba6ccadc124837c2e795833c3034f61c,6a995ce5caedd3fa567a09491378a629f7cdef61e41107cf25360bbd75d311d1,c7761509fe91acb398ee5bc3a0c71e3a368a34aae316b04c5907d34bced1714d,c1af2191baefddee68a7f41c97c29f7799df4bcf5372d9e9cf44a52a3b510286,seed19_solution086,0.77121771217712176139,2.3688792688792688068,0.15211807072261412932,0.77797374912743377795,0.77121771217712176139,-2.3688792688792688068,0.15211807072261412932,0.77797374912743377795,True,False,,,"[0, 1, 2, 2, 1, 3, 4, 3, 0, 4, 2, 3, 0, 1, 5, 3, 5, 4, 1, 5, 3, 3, 0, 4, 4, 1, 0, 0, 1, 5, 1, 5, 2, 5, 4, 0, 2, 5, 5, 1, 2, 2, 0, 0, 2, 0, 0, 3, 4, 2, 1, 1, 4]"
stage3_declaration_method_body,stage3_declaration_method_body,declaration_method_body_v1,daytrader,19,da53d434b820e3c25bc69df63ced807cd0113d412fa36acc9694d1a97631d655,da53d434b820e3c25bc69df63ced807cd0113d412fa36acc9694d1a97631d655,db7ef8d78036796c5c5c79cc95f54eb1b9b9974de5e6f035d1929391b415f66c,422f35b2dac5ab2c9d80f631cc3154a7ba6ccadc124837c2e795833c3034f61c,6a995ce5caedd3fa567a09491378a629f7cdef61e41107cf25360bbd75d311d1,c7761509fe91acb398ee5bc3a0c71e3a368a34aae316b04c5907d34bced1714d,c1af2191baefddee68a7f41c97c29f7799df4bcf5372d9e9cf44a52a3b510286,seed19_solution087,0.77721402214022139443,3.8243386243386243706,0.18678292333229554179,0.86669828869413279016,0.77721402214022139443,-3.8243386243386243706,0.18678292333229554179,0.86669828869413279016,True,False,,,"[0, 1, 2, 0, 2, 3, 3, 3, 2, 4, 3, 2, 5, 6, 7, 4, 5, 5, 0, 2, 6, 5, 3, 7, 7, 5, 8, 4, 1, 1, 1, 0, 8, 2, 8, 4, 4, 7, 8, 8, 4, 1, 8, 8, 1, 7, 0, 8, 3, 6, 6, 2, 0]"
stage3_declaration_method_body,stage3_declaration_method_body,declaration_method_body_v1,daytrader,19,da53d434b820e3c25bc69df63ced807cd0113d412fa36acc9694d1a97631d655,da53d434b820e3c25bc69df63ced807cd0113d412fa36acc9694d1a97631d655,db7ef8d78036796c5c5c79cc95f54eb1b9b9974de5e6f035d1929391b415f66c,422f35b2dac5ab2c9d80f631cc3154a7ba6ccadc124837c2e795833c3034f61c,6a995ce5caedd3fa567a09491378a629f7cdef61e41107cf25360bbd75d311d1,c7761509fe91acb398ee5bc3a0c71e3a368a34aae316b04c5907d34bced1714d,c1af2191baefddee68a7f41c97c29f7799df4bcf5372d9e9cf44a52a3b510286,seed19_solution088,0.78274907749077493602,19.291111111111110432,0.27080566215862883483,0.94598622252258324217,0.78274907749077493602,-19.291111111111110432,0.27080566215862883483,0.94598622252258324217,True,False,,,"[0, 1, 2, 3, 4, 5, 6, 1, 7, 7, 8, 9, 10, 8, 1, 4, 7, 11, 6, 12, 12, 12, 5, 6, 8, 9, 8, 3, 13, 12, 4, 10, 11, 9, 14, 7, 13, 14, 14, 11, 7, 11, 13, 6, 9, 10, 3, 14, 12, 2, 13, 1, 0]"
stage3_declaration_method_body,stage3_declaration_method_body,declaration_method_body_v1,daytrader,19,da53d434b820e3c25bc69df63ced807cd0113d412fa36acc9694d1a97631d655,da53d434b820e3c25bc69df63ced807cd0113d412fa36acc9694d1a97631d655,db7ef8d78036796c5c5c79cc95f54eb1b9b9974de5e6f035d1929391b415f66c,422f35b2dac5ab2c9d80f631cc3154a7ba6ccadc124837c2e795833c3034f61c,6a995ce5caedd3fa567a09491378a629f7cdef61e41107cf25360bbd75d311d1,c7761509fe91acb398ee5bc3a0c71e3a368a34aae316b04c5907d34bced1714d,c1af2191baefddee68a7f41c97c29f7799df4bcf5372d9e9cf44a52a3b510286,seed19_solution089,0.79012915129151295446,5.0071428571428571175,0.28049186315695295857,0.80297854920029121395,0.79012915129151295446,-5.0071428571428571175,0.28049186315695295857,0.80297854920029121395,True,False,,,"[0, 1, 2, 3, 2, 4, 4, 4, 5, 6, 6, 6, 6, 0, 5, 2, 7, 2, 1, 4, 3, 2, 4, 7, 7, 5, 3, 3, 8, 1, 7, 0, 9, 2, 8, 2, 5, 3, 6, 9, 2, 3, 9, 9, 9, 0, 0, 9, 7, 8, 6, 5, 9]"
stage3_declaration_method_body,stage3_declaration_method_body,declaration_method_body_v1,daytrader,19,da53d434b820e3c25bc69df63ced807cd0113d412fa36acc9694d1a97631d655,da53d434b820e3c25bc69df63ced807cd0113d412fa36acc9694d1a97631d655,db7ef8d78036796c5c5c79cc95f54eb1b9b9974de5e6f035d1929391b415f66c,422f35b2dac5ab2c9d80f631cc3154a7ba6ccadc124837c2e795833c3034f61c,6a995ce5caedd3fa567a09491378a629f7cdef61e41107cf25360bbd75d311d1,c7761509fe91acb398ee5bc3a0c71e3a368a34aae316b04c5907d34bced1714d,c1af2191baefddee68a7f41c97c29f7799df4bcf5372d9e9cf44a52a3b510286,seed19_solution090,0.8039667896678966974,1.3427239427239427982,0.11162414685093614841,0.76230006801918304138,0.8039667896678966974,-1.3427239427239427982,0.11162414685093614841,0.76230006801918304138,True,False,,,"[0, 1, 0, 2, 0, 1, 0, 1, 0, 3, 3, 1, 2, 3, 1, 2, 0, 1, 0, 2, 1, 2, 2, 1, 3, 3, 2, 0, 0, 2, 3, 0, 2, 2, 1, 3, 3, 1, 0, 3, 3, 3, 2, 1, 3, 2, 0, 2, 3, 0, 3, 3, 2]"
stage3_declaration_method_body,stage3_declaration_method_body,declaration_method_body_v1,daytrader,19,da53d434b820e3c25bc69df63ced807cd0113d412fa36acc9694d1a97631d655,da53d434b820e3c25bc69df63ced807cd0113d412fa36acc9694d1a97631d655,db7ef8d78036796c5c5c79cc95f54eb1b9b9974de5e6f035d1929391b415f66c,422f35b2dac5ab2c9d80f631cc3154a7ba6ccadc124837c2e795833c3034f61c,6a995ce5caedd3fa567a09491378a629f7cdef61e41107cf25360bbd75d311d1,c7761509fe91acb398ee5bc3a0c71e3a368a34aae316b04c5907d34bced1714d,c1af2191baefddee68a7f41c97c29f7799df4bcf5372d9e9cf44a52a3b510286,seed19_solution091,0.82011070110701111968,1.2996836496836496888,0.11162414685093614841,0.751128623248952354,0.82011070110701111968,-1.2996836496836496888,0.11162414685093614841,0.751128623248952354,True,False,,,"[0, 1, 0, 2, 0, 1, 0, 1, 0, 3, 3, 1, 2, 2, 1, 2, 0, 1, 0, 2, 1, 2, 2, 1, 3, 3, 2, 0, 0, 2, 3, 0, 2, 2, 1, 3, 3, 1, 0, 3, 3, 3, 2, 1, 3, 2, 0, 2, 3, 0, 3, 3, 2]"
stage3_declaration_method_body,stage3_declaration_method_body,declaration_method_body_v1,daytrader,19,da53d434b820e3c25bc69df63ced807cd0113d412fa36acc9694d1a97631d655,da53d434b820e3c25bc69df63ced807cd0113d412fa36acc9694d1a97631d655,db7ef8d78036796c5c5c79cc95f54eb1b9b9974de5e6f035d1929391b415f66c,422f35b2dac5ab2c9d80f631cc3154a7ba6ccadc124837c2e795833c3034f61c,6a995ce5caedd3fa567a09491378a629f7cdef61e41107cf25360bbd75d311d1,c7761509fe91acb398ee5bc3a0c71e3a368a34aae316b04c5907d34bced1714d,c1af2191baefddee68a7f41c97c29f7799df4bcf5372d9e9cf44a52a3b510286,seed19_solution092,0.8210332103321033026,1.2239427239427240757,0.06257782623312074799,0.76272618638156619575,0.8210332103321033026,-1.2239427239427240757,0.06257782623312074799,0.76272618638156619575,True,False,,,"[0, 1, 0, 2, 0, 1, 0, 1, 0, 3, 3, 1, 2, 2, 1, 2, 0, 1, 0, 2, 1, 2, 2, 1, 3, 3, 2, 0, 0, 2, 3, 0, 2, 1, 1, 3, 3, 1, 0, 3, 3, 3, 2, 1, 3, 2, 0, 2, 3, 0, 3, 3, 2]"
stage3_declaration_method_body,stage3_declaration_method_body,declaration_method_body_v1,daytrader,19,da53d434b820e3c25bc69df63ced807cd0113d412fa36acc9694d1a97631d655,da53d434b820e3c25bc69df63ced807cd0113d412fa36acc9694d1a97631d655,db7ef8d78036796c5c5c79cc95f54eb1b9b9974de5e6f035d1929391b415f66c,422f35b2dac5ab2c9d80f631cc3154a7ba6ccadc124837c2e795833c3034f61c,6a995ce5caedd3fa567a09491378a629f7cdef61e41107cf25360bbd75d311d1,c7761509fe91acb398ee5bc3a0c71e3a368a34aae316b04c5907d34bced1714d,c1af2191baefddee68a7f41c97c29f7799df4bcf5372d9e9cf44a52a3b510286,seed19_solution093,0.82149446494464939406,26.955238095238094331,0.31628404932528697557,0.88691529801738722139,0.82149446494464939406,-26.955238095238094331,0.31628404932528697557,0.88691529801738722139,True,False,,,"[0, 0, 1, 1, 1, 2, 3, 3, 4, 0, 5, 4, 6, 7, 6, 1, 4, 7, 1, 3, 6, 5, 2, 4, 3, 5, 7, 3, 8, 1, 4, 6, 9, 1, 8, 7, 0, 8, 6, 9, 0, 7, 8, 8, 0, 9, 9, 1, 8, 8, 6, 5, 0]"
stage3_declaration_method_body,stage3_declaration_method_body,declaration_method_body_v1,daytrader,19,da53d434b820e3c25bc69df63ced807cd0113d412fa36acc9694d1a97631d655,da53d434b820e3c25bc69df63ced807cd0113d412fa36acc9694d1a97631d655,db7ef8d78036796c5c5c79cc95f54eb1b9b9974de5e6f035d1929391b415f66c,422f35b2dac5ab2c9d80f631cc3154a7ba6ccadc124837c2e795833c3034f61c,6a995ce5caedd3fa567a09491378a629f7cdef61e41107cf25360bbd75d311d1,c7761509fe91acb398ee5bc3a0c71e3a368a34aae316b04c5907d34bced1714d,c1af2191baefddee68a7f41c97c29f7799df4bcf5372d9e9cf44a52a3b510286,seed19_solution094,0.82149446494464939406,26.724761904761901832,0.29290895653320803138,0.87985489337649214203,0.82149446494464939406,-26.724761904761901832,0.29290895653320803138,0.87985489337649214203,True,False,,,"[0, 0, 1, 1, 1, 2, 3, 3, 4, 0, 5, 4, 6, 7, 6, 1, 4, 7, 1, 3, 6, 5, 2, 4, 3, 5, 7, 3, 8, 3, 4, 6, 9, 1, 7, 7, 0, 9, 6, 9, 0, 7, 5, 8, 0, 9, 9, 1, 9, 8, 6, 5, 0]"
stage3_declaration_method_body,stage3_declaration_method_body,declaration_method_body_v1,daytrader,19,da53d434b820e3c25bc69df63ced807cd0113d412fa36acc9694d1a97631d655,da53d434b820e3c25bc69df63ced807cd0113d412fa36acc9694d1a97631d655,db7ef8d78036796c5c5c79cc95f54eb1b9b9974de5e6f035d1929391b415f66c,422f35b2dac5ab2c9d80f631cc3154a7ba6ccadc124837c2e795833c3034f61c,6a995ce5caedd3fa567a09491378a629f7cdef61e41107cf25360bbd75d311d1,c7761509fe91acb398ee5bc3a0c71e3a368a34aae316b04c5907d34bced1714d,c1af2191baefddee68a7f41c97c29f7799df4bcf5372d9e9cf44a52a3b510286,seed19_solution095,0.82656826568265684418,26.938888888888889994,0.33804665787111165542,0.86498927697866456743,0.82656826568265684418,-26.938888888888889994,0.33804665787111165542,0.86498927697866456743,True,False,,,"[0, 0, 1, 1, 1, 2, 3, 3, 4, 0, 5, 4, 6, 7, 6, 1, 4, 7, 1, 3, 6, 8, 2, 1, 3, 5, 7, 3, 9, 1, 4, 6, 8, 1, 9, 7, 5, 8, 6, 8, 0, 7, 9, 9, 0, 8, 8, 1, 8, 9, 6, 5, 0]"
stage3_declaration_method_body,stage3_declaration_method_body,declaration_method_body_v1,daytrader,19,da53d434b820e3c25bc69df63ced807cd0113d412fa36acc9694d1a97631d655,da53d434b820e3c25bc69df63ced807cd0113d412fa36acc9694d1a97631d655,db7ef8d78036796c5c5c79cc95f54eb1b9b9974de5e6f035d1929391b415f66c,422f35b2dac5ab2c9d80f631cc3154a7ba6ccadc124837c2e795833c3034f61c,6a995ce5caedd3fa567a09491378a629f7cdef61e41107cf25360bbd75d311d1,c7761509fe91acb398ee5bc3a0c71e3a368a34aae316b04c5907d34bced1714d,c1af2191baefddee68a7f41c97c29f7799df4bcf5372d9e9cf44a52a3b510286,seed19_solution096,0.82841328413284132104,26.790476190476191221,0.32734625609240519672,0.85229910621128268655,0.82841328413284132104,-26.790476190476191221,0.32734625609240519672,0.85229910621128268655,True,False,,,"[0, 0, 1, 1, 1, 2, 3, 3, 4, 0, 5, 4, 6, 7, 6, 1, 4, 7, 1, 3, 6, 5, 2, 1, 3, 5, 7, 3, 8, 3, 4, 6, 9, 1, 9, 7, 5, 8, 6, 9, 0, 7, 5, 8, 0, 8, 8, 1, 8, 8, 6, 5, 0]"
stage3_declaration_method_body,stage3_declaration_method_body,declaration_method_body_v1,daytrader,19,da53d434b820e3c25bc69df63ced807cd0113d412fa36acc9694d1a97631d655,da53d434b820e3c25bc69df63ced807cd0113d412fa36acc9694d1a97631d655,db7ef8d78036796c5c5c79cc95f54eb1b9b9974de5e6f035d1929391b415f66c,422f35b2dac5ab2c9d80f631cc3154a7ba6ccadc124837c2e795833c3034f61c,6a995ce5caedd3fa567a09491378a629f7cdef61e41107cf25360bbd75d311d1,c7761509fe91acb398ee5bc3a0c71e3a368a34aae316b04c5907d34bced1714d,c1af2191baefddee68a7f41c97c29f7799df4bcf5372d9e9cf44a52a3b510286,seed19_solution097,0.82841328413284132104,9.5166666666666674956,0.2075471698113207919,0.88787073319194043108,0.82841328413284132104,-9.5166666666666674956,0.2075471698113207919,0.88787073319194043108,True,False,,,"[0, 0, 1, 1, 1, 2, 3, 3, 4, 0, 5, 4, 6, 7, 6, 1, 4, 7, 1, 3, 6, 5, 2, 4, 3, 5, 7, 3, 2, 3, 4, 6, 8, 1, 9, 7, 5, 9, 6, 8, 0, 7, 9, 9, 0, 8, 8, 1, 9, 9, 6, 5, 0]"
stage3_declaration_method_body,stage3_declaration_method_body,declaration_method_body_v1,daytrader,19,da53d434b820e3c25bc69df63ced807cd0113d412fa36acc9694d1a97631d655,da53d434b820e3c25bc69df63ced807cd0113d412fa36acc9694d1a97631d655,db7ef8d78036796c5c5c79cc95f54eb1b9b9974de5e6f035d1929391b415f66c,422f35b2dac5ab2c9d80f631cc3154a7ba6ccadc124837c2e795833c3034f61c,6a995ce5caedd3fa567a09491378a629f7cdef61e41107cf25360bbd75d311d1,c7761509fe91acb398ee5bc3a0c71e3a368a34aae316b04c5907d34bced1714d,c1af2191baefddee68a7f41c97c29f7799df4bcf5372d9e9cf44a52a3b510286,seed19_solution098,0.87130996309963104629,1.0195959595959596111,0.07547169811320754429,0.75987183858175355589,0.87130996309963104629,-1.0195959595959596111,0.07547169811320754429,0.75987183858175355589,True,False,,,"[0, 0, 1, 2, 0, 3, 0, 0, 2, 0, 3, 0, 0, 0, 1, 0, 1, 1, 1, 4, 2, 2, 2, 2, 1, 4, 4, 0, 3, 3, 1, 2, 3, 4, 3, 3, 3, 3, 0, 1, 3, 2, 4, 4, 2, 4, 2, 4, 4, 2, 1, 1, 4]"
stage3_declaration_method_body,stage3_declaration_method_body,declaration_method_body_v1,daytrader,19,da53d434b820e3c25bc69df63ced807cd0113d412fa36acc9694d1a97631d655,da53d434b820e3c25bc69df63ced807cd0113d412fa36acc9694d1a97631d655,db7ef8d78036796c5c5c79cc95f54eb1b9b9974de5e6f035d1929391b415f66c,422f35b2dac5ab2c9d80f631cc3154a7ba6ccadc124837c2e795833c3034f61c,6a995ce5caedd3fa567a09491378a629f7cdef61e41107cf25360bbd75d311d1,c7761509fe91acb398ee5bc3a0c71e3a368a34aae316b04c5907d34bced1714d,c1af2191baefddee68a7f41c97c29f7799df4bcf5372d9e9cf44a52a3b510286,seed19_solution099,0.87223247232472322921,1.016363636363636358,0.07547169811320754429,0.75415531447320904856,0.87223247232472322921,-1.016363636363636358,0.07547169811320754429,0.75415531447320904856,True,False,,,"[0, 0, 1, 2, 0, 3, 0, 0, 2, 0, 3, 0, 0, 0, 1, 0, 1, 1, 1, 4, 2, 2, 2, 2, 1, 4, 0, 4, 3, 3, 1, 2, 3, 4, 3, 3, 3, 3, 0, 1, 3, 2, 4, 4, 2, 4, 2, 4, 4, 2, 1, 1, 4]"
