experiment_id,experiment_name,representation_id,subject,seed,input_hash,input_aggregate_sha256,embedding_aggregate_sha256,embedding_file_sha256,class_mapping_sha256,graph_sha256,config_hash,solution_id,weighted_modularity,internal_edge_weight_ratio,internal_external_edge_ratio,cluster_count,average_cluster_size,max_cluster_size,min_cluster_size,max_cluster_ratio,singleton_ratio,cluster_size_cv,cluster_size_distribution
stage3_declaration_method_body,stage3_declaration_method_body,declaration_method_body_v1,jpetstore,12,2d9007f75a14f4a4ed6152563241b898837b6c12b66a98a2464b4cc3f969a921,2d9007f75a14f4a4ed6152563241b898837b6c12b66a98a2464b4cc3f969a921,e7615e77d4f3258df46e499fd94c2dbb59bee03c0d2f6c3bb822c3aff4577139,6ca1abf13b753a89a7f78e93486a3c24ae4367d4a32edfa367306a79e3297b04,83c4643fdad9661f2e409563f8e496b792575ecc72ac548ba8c2f13fb46e019f,2dcf34b9e931cfdb0eec205f7da5bd0f24f6956be98d838369e12573026a9214,c1af2191baefddee68a7f41c97c29f7799df4bcf5372d9e9cf44a52a3b510286,seed12_solution000,0.35155311690291146665,0.76049382716049385156,3.175257731958762708,4,6,9,2,0.375,0,0.42491829279939868913,"{""2"": 1, ""6"": 1, ""7"": 1, ""9"": 1}"
stage3_declaration_method_body,stage3_declaration_method_body,declaration_method_body_v1,jpetstore,12,2d9007f75a14f4a4ed6152563241b898837b6c12b66a98a2464b4cc3f969a921,2d9007f75a14f4a4ed6152563241b898837b6c12b66a98a2464b4cc3f969a921,e7615e77d4f3258df46e499fd94c2dbb59bee03c0d2f6c3bb822c3aff4577139,6ca1abf13b753a89a7f78e93486a3c24ae4367d4a32edfa367306a79e3297b04,83c4643fdad9661f2e409563f8e496b792575ecc72ac548ba8c2f13fb46e019f,2dcf34b9e931cfdb0eec205f7da5bd0f24f6956be98d838369e12573026a9214,c1af2191baefddee68a7f41c97c29f7799df4bcf5372d9e9cf44a52a3b510286,seed12_solution001,0.35362292333485761953,0.76049382716049385156,3.175257731958762708,4,6,9,3,0.375,0,0.35355339059327373086,"{""3"": 1, ""6"": 2, ""9"": 1}"
stage3_declaration_method_body,stage3_declaration_method_body,declaration_method_body_v1,jpetstore,12,2d9007f75a14f4a4ed6152563241b898837b6c12b66a98a2464b4cc3f969a921,2d9007f75a14f4a4ed6152563241b898837b6c12b66a98a2464b4cc3f969a921,e7615e77d4f3258df46e499fd94c2dbb59bee03c0d2f6c3bb822c3aff4577139,6ca1abf13b753a89a7f78e93486a3c24ae4367d4a32edfa367306a79e3297b04,83c4643fdad9661f2e409563f8e496b792575ecc72ac548ba8c2f13fb46e019f,2dcf34b9e931cfdb0eec205f7da5bd0f24f6956be98d838369e12573026a9214,c1af2191baefddee68a7f41c97c29f7799df4bcf5372d9e9cf44a52a3b510286,seed12_solution002,0.43705532693187043591,0.74814814814814811772,2.9705882352941177516,4,6,7,5,0.29166666666666668517,0,0.16666666666666665741,"{""5"": 2, ""7"": 2}"
stage3_declaration_method_body,stage3_declaration_method_body,declaration_method_body_v1,jpetstore,12,2d9007f75a14f4a4ed6152563241b898837b6c12b66a98a2464b4cc3f969a921,2d9007f75a14f4a4ed6152563241b898837b6c12b66a98a2464b4cc3f969a921,e7615e77d4f3258df46e499fd94c2dbb59bee03c0d2f6c3bb822c3aff4577139,6ca1abf13b753a89a7f78e93486a3c24ae4367d4a32edfa367306a79e3297b04,83c4643fdad9661f2e409563f8e496b792575ecc72ac548ba8c2f13fb46e019f,2dcf34b9e931cfdb0eec205f7da5bd0f24f6956be98d838369e12573026a9214,c1af2191baefddee68a7f41c97c29f7799df4bcf5372d9e9cf44a52a3b510286,seed12_solution003,0.43702789208962067313,0.743209876543209913,2.8942307692307691624,4,6,7,3,0.29166666666666668517,0,0.28867513459481286553,"{""3"": 1, ""7"": 3}"
stage3_declaration_method_body,stage3_declaration_method_body,declaration_method_body_v1,jpetstore,12,2d9007f75a14f4a4ed6152563241b898837b6c12b66a98a2464b4cc3f969a921,2d9007f75a14f4a4ed6152563241b898837b6c12b66a98a2464b4cc3f969a921,e7615e77d4f3258df46e499fd94c2dbb59bee03c0d2f6c3bb822c3aff4577139,6ca1abf13b753a89a7f78e93486a3c24ae4367d4a32edfa367306a79e3297b04,83c4643fdad9661f2e409563f8e496b792575ecc72ac548ba8c2f13fb46e019f,2dcf34b9e931cfdb0eec205f7da5bd0f24f6956be98d838369e12573026a9214,c1af2191baefddee68a7f41c97c29f7799df4bcf5372d9e9cf44a52a3b510286,seed12_solution004,0.42187776253619918565,0.73333333333333328152,2.75,4,6,8,4,0.33333333333333331483,0,0.26352313834736496023,"{""4"": 1, ""5"": 1, ""7"": 1, ""8"": 1}"
stage3_declaration_method_body,stage3_declaration_method_body,declaration_method_body_v1,jpetstore,12,2d9007f75a14f4a4ed6152563241b898837b6c12b66a98a2464b4cc3f969a921,2d9007f75a14f4a4ed6152563241b898837b6c12b66a98a2464b4cc3f969a921,e7615e77d4f3258df46e499fd94c2dbb59bee03c0d2f6c3bb822c3aff4577139,6ca1abf13b753a89a7f78e93486a3c24ae4367d4a32edfa367306a79e3297b04,83c4643fdad9661f2e409563f8e496b792575ecc72ac548ba8c2f13fb46e019f,2dcf34b9e931cfdb0eec205f7da5bd0f24f6956be98d838369e12573026a9214,c1af2191baefddee68a7f41c97c29f7799df4bcf5372d9e9cf44a52a3b510286,seed12_solution005,0.38541380887059906168,0.72592592592592597445,2.6486486486486486847,4,6,8,2,0.33333333333333331483,0,0.40824829046386296172,"{""2"": 1, ""6"": 1, ""8"": 2}"
stage3_declaration_method_body,stage3_declaration_method_body,declaration_method_body_v1,jpetstore,12,2d9007f75a14f4a4ed6152563241b898837b6c12b66a98a2464b4cc3f969a921,2d9007f75a14f4a4ed6152563241b898837b6c12b66a98a2464b4cc3f969a921,e7615e77d4f3258df46e499fd94c2dbb59bee03c0d2f6c3bb822c3aff4577139,6ca1abf13b753a89a7f78e93486a3c24ae4367d4a32edfa367306a79e3297b04,83c4643fdad9661f2e409563f8e496b792575ecc72ac548ba8c2f13fb46e019f,2dcf34b9e931cfdb0eec205f7da5bd0f24f6956be98d838369e12573026a9214,c1af2191baefddee68a7f41c97c29f7799df4bcf5372d9e9cf44a52a3b510286,seed12_solution006,0.38688309708885837424,0.72345679012345676107,2.6160714285714283811,4,6,8,3,0.33333333333333331483,0,0.31180478223116175895,"{""3"": 1, ""6"": 1, ""7"": 1, ""8"": 1}"
stage3_declaration_method_body,stage3_declaration_method_body,declaration_method_body_v1,jpetstore,12,2d9007f75a14f4a4ed6152563241b898837b6c12b66a98a2464b4cc3f969a921,2d9007f75a14f4a4ed6152563241b898837b6c12b66a98a2464b4cc3f969a921,e7615e77d4f3258df46e499fd94c2dbb59bee03c0d2f6c3bb822c3aff4577139,6ca1abf13b753a89a7f78e93486a3c24ae4367d4a32edfa367306a79e3297b04,83c4643fdad9661f2e409563f8e496b792575ecc72ac548ba8c2f13fb46e019f,2dcf34b9e931cfdb0eec205f7da5bd0f24f6956be98d838369e12573026a9214,c1af2191baefddee68a7f41c97c29f7799df4bcf5372d9e9cf44a52a3b510286,seed12_solution007,0.43026063100137212913,0.71604938271604934297,2.5217391304347827052,4,6,8,4,0.33333333333333331483,0,0.23570226039551586683,"{""4"": 1, ""6"": 2, ""8"": 1}"
stage3_declaration_method_body,stage3_declaration_method_body,declaration_method_body_v1,jpetstore,12,2d9007f75a14f4a4ed6152563241b898837b6c12b66a98a2464b4cc3f969a921,2d9007f75a14f4a4ed6152563241b898837b6c12b66a98a2464b4cc3f969a921,e7615e77d4f3258df46e499fd94c2dbb59bee03c0d2f6c3bb822c3aff4577139,6ca1abf13b753a89a7f78e93486a3c24ae4367d4a32edfa367306a79e3297b04,83c4643fdad9661f2e409563f8e496b792575ecc72ac548ba8c2f13fb46e019f,2dcf34b9e931cfdb0eec205f7da5bd0f24f6956be98d838369e12573026a9214,c1af2191baefddee68a7f41c97c29f7799df4bcf5372d9e9cf44a52a3b510286,seed12_solution008,0.36778844688309714206,0.70864197530864192487,2.4322033898305086552,4,6,9,2,0.375,0,0.45643546458763845086,"{""2"": 1, ""5"": 1, ""8"": 1, ""9"": 1}"
stage3_declaration_method_body,stage3_declaration_method_body,declaration_method_body_v1,jpetstore,12,2d9007f75a14f4a4ed6152563241b898837b6c12b66a98a2464b4cc3f969a921,2d9007f75a14f4a4ed6152563241b898837b6c12b66a98a2464b4cc3f969a921,e7615e77d4f3258df46e499fd94c2dbb59bee03c0d2f6c3bb822c3aff4577139,6ca1abf13b753a89a7f78e93486a3c24ae4367d4a32edfa367306a79e3297b04,83c4643fdad9661f2e409563f8e496b792575ecc72ac548ba8c2f13fb46e019f,2dcf34b9e931cfdb0eec205f7da5bd0f24f6956be98d838369e12573026a9214,c1af2191baefddee68a7f41c97c29f7799df4bcf5372d9e9cf44a52a3b510286,seed12_solution009,0.36998323426306961581,0.70617283950617282251,2.4033613445378150253,4,6,8,3,0.33333333333333331483,0,0.35355339059327373086,"{""3"": 1, ""5"": 1, ""8"": 2}"
stage3_declaration_method_body,stage3_declaration_method_body,declaration_method_body_v1,jpetstore,12,2d9007f75a14f4a4ed6152563241b898837b6c12b66a98a2464b4cc3f969a921,2d9007f75a14f4a4ed6152563241b898837b6c12b66a98a2464b4cc3f969a921,e7615e77d4f3258df46e499fd94c2dbb59bee03c0d2f6c3bb822c3aff4577139,6ca1abf13b753a89a7f78e93486a3c24ae4367d4a32edfa367306a79e3297b04,83c4643fdad9661f2e409563f8e496b792575ecc72ac548ba8c2f13fb46e019f,2dcf34b9e931cfdb0eec205f7da5bd0f24f6956be98d838369e12573026a9214,c1af2191baefddee68a7f41c97c29f7799df4bcf5372d9e9cf44a52a3b510286,seed12_solution010,0.27810699588477344468,0.70370370370370372015,2.375,4,6,9,3,0.375,0,0.42491829279939868913,"{""3"": 1, ""4"": 1, ""8"": 1, ""9"": 1}"
stage3_declaration_method_body,stage3_declaration_method_body,declaration_method_body_v1,jpetstore,12,2d9007f75a14f4a4ed6152563241b898837b6c12b66a98a2464b4cc3f969a921,2d9007f75a14f4a4ed6152563241b898837b6c12b66a98a2464b4cc3f969a921,e7615e77d4f3258df46e499fd94c2dbb59bee03c0d2f6c3bb822c3aff4577139,6ca1abf13b753a89a7f78e93486a3c24ae4367d4a32edfa367306a79e3297b04,83c4643fdad9661f2e409563f8e496b792575ecc72ac548ba8c2f13fb46e019f,2dcf34b9e931cfdb0eec205f7da5bd0f24f6956be98d838369e12573026a9214,c1af2191baefddee68a7f41c97c29f7799df4bcf5372d9e9cf44a52a3b510286,seed12_solution011,0.37222374638012484249,0.69876543209876540441,2.3196721311475410054,4,6,8,3,0.33333333333333331483,0,0.31180478223116175895,"{""3"": 1, ""6"": 1, ""7"": 1, ""8"": 1}"
stage3_declaration_method_body,stage3_declaration_method_body,declaration_method_body_v1,jpetstore,12,2d9007f75a14f4a4ed6152563241b898837b6c12b66a98a2464b4cc3f969a921,2d9007f75a14f4a4ed6152563241b898837b6c12b66a98a2464b4cc3f969a921,e7615e77d4f3258df46e499fd94c2dbb59bee03c0d2f6c3bb822c3aff4577139,6ca1abf13b753a89a7f78e93486a3c24ae4367d4a32edfa367306a79e3297b04,83c4643fdad9661f2e409563f8e496b792575ecc72ac548ba8c2f13fb46e019f,2dcf34b9e931cfdb0eec205f7da5bd0f24f6956be98d838369e12573026a9214,c1af2191baefddee68a7f41c97c29f7799df4bcf5372d9e9cf44a52a3b510286,seed12_solution012,0.34145709495503723252,0.69135802469135798631,2.2400000000000002132,4,6,9,3,0.375,0,0.42491829279939868913,"{""3"": 1, ""4"": 1, ""8"": 1, ""9"": 1}"
stage3_declaration_method_body,stage3_declaration_method_body,declaration_method_body_v1,jpetstore,12,2d9007f75a14f4a4ed6152563241b898837b6c12b66a98a2464b4cc3f969a921,2d9007f75a14f4a4ed6152563241b898837b6c12b66a98a2464b4cc3f969a921,e7615e77d4f3258df46e499fd94c2dbb59bee03c0d2f6c3bb822c3aff4577139,6ca1abf13b753a89a7f78e93486a3c24ae4367d4a32edfa367306a79e3297b04,83c4643fdad9661f2e409563f8e496b792575ecc72ac548ba8c2f13fb46e019f,2dcf34b9e931cfdb0eec205f7da5bd0f24f6956be98d838369e12573026a9214,c1af2191baefddee68a7f41c97c29f7799df4bcf5372d9e9cf44a52a3b510286,seed12_solution013,0.40838896509678423996,0.68395061728395056821,2.1640625,4,6,7,5,0.29166666666666668517,0,0.16666666666666665741,"{""5"": 2, ""7"": 2}"
stage3_declaration_method_body,stage3_declaration_method_body,declaration_method_body_v1,jpetstore,12,2d9007f75a14f4a4ed6152563241b898837b6c12b66a98a2464b4cc3f969a921,2d9007f75a14f4a4ed6152563241b898837b6c12b66a98a2464b4cc3f969a921,e7615e77d4f3258df46e499fd94c2dbb59bee03c0d2f6c3bb822c3aff4577139,6ca1abf13b753a89a7f78e93486a3c24ae4367d4a32edfa367306a79e3297b04,83c4643fdad9661f2e409563f8e496b792575ecc72ac548ba8c2f13fb46e019f,2dcf34b9e931cfdb0eec205f7da5bd0f24f6956be98d838369e12573026a9214,c1af2191baefddee68a7f41c97c29f7799df4bcf5372d9e9cf44a52a3b510286,seed12_solution014,0.38844383478128335918,0.6790123456790123635,2.1153846153846154188,4,6,8,3,0.33333333333333331483,0,0.31180478223116175895,"{""3"": 1, ""6"": 1, ""7"": 1, ""8"": 1}"
stage3_declaration_method_body,stage3_declaration_method_body,declaration_method_body_v1,jpetstore,12,2d9007f75a14f4a4ed6152563241b898837b6c12b66a98a2464b4cc3f969a921,2d9007f75a14f4a4ed6152563241b898837b6c12b66a98a2464b4cc3f969a921,e7615e77d4f3258df46e499fd94c2dbb59bee03c0d2f6c3bb822c3aff4577139,6ca1abf13b753a89a7f78e93486a3c24ae4367d4a32edfa367306a79e3297b04,83c4643fdad9661f2e409563f8e496b792575ecc72ac548ba8c2f13fb46e019f,2dcf34b9e931cfdb0eec205f7da5bd0f24f6956be98d838369e12573026a9214,c1af2191baefddee68a7f41c97c29f7799df4bcf5372d9e9cf44a52a3b510286,seed12_solution015,0.41671086724584693872,0.66913580246913584304,2.0223880597014924909,5,4.7999999999999998224,7,3,0.29166666666666668517,0,0.27638539919628335451,"{""3"": 1, ""4"": 1, ""5"": 2, ""7"": 1}"
stage3_declaration_method_body,stage3_declaration_method_body,declaration_method_body_v1,jpetstore,12,2d9007f75a14f4a4ed6152563241b898837b6c12b66a98a2464b4cc3f969a921,2d9007f75a14f4a4ed6152563241b898837b6c12b66a98a2464b4cc3f969a921,e7615e77d4f3258df46e499fd94c2dbb59bee03c0d2f6c3bb822c3aff4577139,6ca1abf13b753a89a7f78e93486a3c24ae4367d4a32edfa367306a79e3297b04,83c4643fdad9661f2e409563f8e496b792575ecc72ac548ba8c2f13fb46e019f,2dcf34b9e931cfdb0eec205f7da5bd0f24f6956be98d838369e12573026a9214,c1af2191baefddee68a7f41c97c29f7799df4bcf5372d9e9cf44a52a3b510286,seed12_solution016,0.3945343697607076594,0.66913580246913584304,2.0223880597014924909,4,6,8,5,0.33333333333333331483,0,0.20412414523193148086,"{""5"": 2, ""6"": 1, ""8"": 1}"
stage3_declaration_method_body,stage3_declaration_method_body,declaration_method_body_v1,jpetstore,12,2d9007f75a14f4a4ed6152563241b898837b6c12b66a98a2464b4cc3f969a921,2d9007f75a14f4a4ed6152563241b898837b6c12b66a98a2464b4cc3f969a921,e7615e77d4f3258df46e499fd94c2dbb59bee03c0d2f6c3bb822c3aff4577139,6ca1abf13b753a89a7f78e93486a3c24ae4367d4a32edfa367306a79e3297b04,83c4643fdad9661f2e409563f8e496b792575ecc72ac548ba8c2f13fb46e019f,2dcf34b9e931cfdb0eec205f7da5bd0f24f6956be98d838369e12573026a9214,c1af2191baefddee68a7f41c97c29f7799df4bcf5372d9e9cf44a52a3b510286,seed12_solution017,0.38832799878067381094,0.6641975308641975273,1.9779411764705883137,4,6,9,3,0.375,0,0.372677996249964949,"{""3"": 1, ""5"": 1, ""7"": 1, ""9"": 1}"
stage3_declaration_method_body,stage3_declaration_method_body,declaration_method_body_v1,jpetstore,12,2d9007f75a14f4a4ed6152563241b898837b6c12b66a98a2464b4cc3f969a921,2d9007f75a14f4a4ed6152563241b898837b6c12b66a98a2464b4cc3f969a921,e7615e77d4f3258df46e499fd94c2dbb59bee03c0d2f6c3bb822c3aff4577139,6ca1abf13b753a89a7f78e93486a3c24ae4367d4a32edfa367306a79e3297b04,83c4643fdad9661f2e409563f8e496b792575ecc72ac548ba8c2f13fb46e019f,2dcf34b9e931cfdb0eec205f7da5bd0f24f6956be98d838369e12573026a9214,c1af2191baefddee68a7f41c97c29f7799df4bcf5372d9e9cf44a52a3b510286,seed12_solution018,0.38743789056546262817,0.65925925925925921156,1.9347826086956521063,5,4.7999999999999998224,7,2,0.29166666666666668517,0,0.3584302194601094449,"{""2"": 1, ""4"": 1, ""5"": 1, ""6"": 1, ""7"": 1}"
stage3_declaration_method_body,stage3_declaration_method_body,declaration_method_body_v1,jpetstore,12,2d9007f75a14f4a4ed6152563241b898837b6c12b66a98a2464b4cc3f969a921,2d9007f75a14f4a4ed6152563241b898837b6c12b66a98a2464b4cc3f969a921,e7615e77d4f3258df46e499fd94c2dbb59bee03c0d2f6c3bb822c3aff4577139,6ca1abf13b753a89a7f78e93486a3c24ae4367d4a32edfa367306a79e3297b04,83c4643fdad9661f2e409563f8e496b792575ecc72ac548ba8c2f13fb46e019f,2dcf34b9e931cfdb0eec205f7da5bd0f24f6956be98d838369e12573026a9214,c1af2191baefddee68a7f41c97c29f7799df4bcf5372d9e9cf44a52a3b510286,seed12_solution019,0.35935070873342478404,0.65925925925925921156,1.9347826086956521063,4,6,8,3,0.33333333333333331483,0,0.31180478223116175895,"{""3"": 1, ""6"": 1, ""7"": 1, ""8"": 1}"
stage3_declaration_method_body,stage3_declaration_method_body,declaration_method_body_v1,jpetstore,12,2d9007f75a14f4a4ed6152563241b898837b6c12b66a98a2464b4cc3f969a921,2d9007f75a14f4a4ed6152563241b898837b6c12b66a98a2464b4cc3f969a921,e7615e77d4f3258df46e499fd94c2dbb59bee03c0d2f6c3bb822c3aff4577139,6ca1abf13b753a89a7f78e93486a3c24ae4367d4a32edfa367306a79e3297b04,83c4643fdad9661f2e409563f8e496b792575ecc72ac548ba8c2f13fb46e019f,2dcf34b9e931cfdb0eec205f7da5bd0f24f6956be98d838369e12573026a9214,c1af2191baefddee68a7f41c97c29f7799df4bcf5372d9e9cf44a52a3b510286,seed12_solution020,0.3625758268556621422,0.6567901234567901092,1.9136690647482015315,4,6,7,5,0.29166666666666668517,0,0.11785113019775793342,"{""5"": 1, ""6"": 2, ""7"": 1}"
stage3_declaration_method_body,stage3_declaration_method_body,declaration_method_body_v1,jpetstore,12,2d9007f75a14f4a4ed6152563241b898837b6c12b66a98a2464b4cc3f969a921,2d9007f75a14f4a4ed6152563241b898837b6c12b66a98a2464b4cc3f969a921,e7615e77d4f3258df46e499fd94c2dbb59bee03c0d2f6c3bb822c3aff4577139,6ca1abf13b753a89a7f78e93486a3c24ae4367d4a32edfa367306a79e3297b04,83c4643fdad9661f2e409563f8e496b792575ecc72ac548ba8c2f13fb46e019f,2dcf34b9e931cfdb0eec205f7da5bd0f24f6956be98d838369e12573026a9214,c1af2191baefddee68a7f41c97c29f7799df4bcf5372d9e9cf44a52a3b510286,seed12_solution021,0.38893156531016603861,0.65185185185185190448,1.8723404255319149314,4,6,8,4,0.33333333333333331483,0,0.33333333333333331483,"{""4"": 2, ""8"": 2}"
stage3_declaration_method_body,stage3_declaration_method_body,declaration_method_body_v1,jpetstore,12,2d9007f75a14f4a4ed6152563241b898837b6c12b66a98a2464b4cc3f969a921,2d9007f75a14f4a4ed6152563241b898837b6c12b66a98a2464b4cc3f969a921,e7615e77d4f3258df46e499fd94c2dbb59bee03c0d2f6c3bb822c3aff4577139,6ca1abf13b753a89a7f78e93486a3c24ae4367d4a32edfa367306a79e3297b04,83c4643fdad9661f2e409563f8e496b792575ecc72ac548ba8c2f13fb46e019f,2dcf34b9e931cfdb0eec205f7da5bd0f24f6956be98d838369e12573026a9214,c1af2191baefddee68a7f41c97c29f7799df4bcf5372d9e9cf44a52a3b510286,seed12_solution022,0.35744855967078187353,0.65185185185185190448,1.8723404255319149314,4,6,6,6,0.25,0,0,"{""6"": 4}"
stage3_declaration_method_body,stage3_declaration_method_body,declaration_method_body_v1,jpetstore,12,2d9007f75a14f4a4ed6152563241b898837b6c12b66a98a2464b4cc3f969a921,2d9007f75a14f4a4ed6152563241b898837b6c12b66a98a2464b4cc3f969a921,e7615e77d4f3258df46e499fd94c2dbb59bee03c0d2f6c3bb822c3aff4577139,6ca1abf13b753a89a7f78e93486a3c24ae4367d4a32edfa367306a79e3297b04,83c4643fdad9661f2e409563f8e496b792575ecc72ac548ba8c2f13fb46e019f,2dcf34b9e931cfdb0eec205f7da5bd0f24f6956be98d838369e12573026a9214,c1af2191baefddee68a7f41c97c29f7799df4bcf5372d9e9cf44a52a3b510286,seed12_solution023,0.34465172991921944057,0.6493827160493826911,1.8521126760563380031,4,6,9,2,0.375,0,0.42491829279939868913,"{""2"": 1, ""6"": 1, ""7"": 1, ""9"": 1}"
stage3_declaration_method_body,stage3_declaration_method_body,declaration_method_body_v1,jpetstore,12,2d9007f75a14f4a4ed6152563241b898837b6c12b66a98a2464b4cc3f969a921,2d9007f75a14f4a4ed6152563241b898837b6c12b66a98a2464b4cc3f969a921,e7615e77d4f3258df46e499fd94c2dbb59bee03c0d2f6c3bb822c3aff4577139,6ca1abf13b753a89a7f78e93486a3c24ae4367d4a32edfa367306a79e3297b04,83c4643fdad9661f2e409563f8e496b792575ecc72ac548ba8c2f13fb46e019f,2dcf34b9e931cfdb0eec205f7da5bd0f24f6956be98d838369e12573026a9214,c1af2191baefddee68a7f41c97c29f7799df4bcf5372d9e9cf44a52a3b510286,seed12_solution024,0.37799420819996981669,0.6493827160493826911,1.8521126760563380031,4,6,9,4,0.375,0,0.31180478223116175895,"{""4"": 1, ""5"": 1, ""6"": 1, ""9"": 1}"
stage3_declaration_method_body,stage3_declaration_method_body,declaration_method_body_v1,jpetstore,12,2d9007f75a14f4a4ed6152563241b898837b6c12b66a98a2464b4cc3f969a921,2d9007f75a14f4a4ed6152563241b898837b6c12b66a98a2464b4cc3f969a921,e7615e77d4f3258df46e499fd94c2dbb59bee03c0d2f6c3bb822c3aff4577139,6ca1abf13b753a89a7f78e93486a3c24ae4367d4a32edfa367306a79e3297b04,83c4643fdad9661f2e409563f8e496b792575ecc72ac548ba8c2f13fb46e019f,2dcf34b9e931cfdb0eec205f7da5bd0f24f6956be98d838369e12573026a9214,c1af2191baefddee68a7f41c97c29f7799df4bcf5372d9e9cf44a52a3b510286,seed12_solution025,0.35552202408169492065,0.6493827160493826911,1.8521126760563380031,4,6,7,5,0.29166666666666668517,0,0.11785113019775793342,"{""5"": 1, ""6"": 2, ""7"": 1}"
stage3_declaration_method_body,stage3_declaration_method_body,declaration_method_body_v1,jpetstore,12,2d9007f75a14f4a4ed6152563241b898837b6c12b66a98a2464b4cc3f969a921,2d9007f75a14f4a4ed6152563241b898837b6c12b66a98a2464b4cc3f969a921,e7615e77d4f3258df46e499fd94c2dbb59bee03c0d2f6c3bb822c3aff4577139,6ca1abf13b753a89a7f78e93486a3c24ae4367d4a32edfa367306a79e3297b04,83c4643fdad9661f2e409563f8e496b792575ecc72ac548ba8c2f13fb46e019f,2dcf34b9e931cfdb0eec205f7da5bd0f24f6956be98d838369e12573026a9214,c1af2191baefddee68a7f41c97c29f7799df4bcf5372d9e9cf44a52a3b510286,seed12_solution026,0.35147081237616212279,0.64444444444444448639,1.8125,4,6,8,4,0.33333333333333331483,0,0.23570226039551586683,"{""4"": 1, ""6"": 2, ""8"": 1}"
stage3_declaration_method_body,stage3_declaration_method_body,declaration_method_body_v1,jpetstore,12,2d9007f75a14f4a4ed6152563241b898837b6c12b66a98a2464b4cc3f969a921,2d9007f75a14f4a4ed6152563241b898837b6c12b66a98a2464b4cc3f969a921,e7615e77d4f3258df46e499fd94c2dbb59bee03c0d2f6c3bb822c3aff4577139,6ca1abf13b753a89a7f78e93486a3c24ae4367d4a32edfa367306a79e3297b04,83c4643fdad9661f2e409563f8e496b792575ecc72ac548ba8c2f13fb46e019f,2dcf34b9e931cfdb0eec205f7da5bd0f24f6956be98d838369e12573026a9214,c1af2191baefddee68a7f41c97c29f7799df4bcf5372d9e9cf44a52a3b510286,seed12_solution027,0.35043438500228624166,0.64444444444444448639,1.8125,4,6,7,5,0.29166666666666668517,0,0.11785113019775793342,"{""5"": 1, ""6"": 2, ""7"": 1}"
stage3_declaration_method_body,stage3_declaration_method_body,declaration_method_body_v1,jpetstore,12,2d9007f75a14f4a4ed6152563241b898837b6c12b66a98a2464b4cc3f969a921,2d9007f75a14f4a4ed6152563241b898837b6c12b66a98a2464b4cc3f969a921,e7615e77d4f3258df46e499fd94c2dbb59bee03c0d2f6c3bb822c3aff4577139,6ca1abf13b753a89a7f78e93486a3c24ae4367d4a32edfa367306a79e3297b04,83c4643fdad9661f2e409563f8e496b792575ecc72ac548ba8c2f13fb46e019f,2dcf34b9e931cfdb0eec205f7da5bd0f24f6956be98d838369e12573026a9214,c1af2191baefddee68a7f41c97c29f7799df4bcf5372d9e9cf44a52a3b510286,seed12_solution028,0.34377381496723047327,0.64197530864197527301,1.7931034482758620996,4,6,8,3,0.33333333333333331483,0,0.31180478223116175895,"{""3"": 1, ""6"": 1, ""7"": 1, ""8"": 1}"
stage3_declaration_method_body,stage3_declaration_method_body,declaration_method_body_v1,jpetstore,12,2d9007f75a14f4a4ed6152563241b898837b6c12b66a98a2464b4cc3f969a921,2d9007f75a14f4a4ed6152563241b898837b6c12b66a98a2464b4cc3f969a921,e7615e77d4f3258df46e499fd94c2dbb59bee03c0d2f6c3bb822c3aff4577139,6ca1abf13b753a89a7f78e93486a3c24ae4367d4a32edfa367306a79e3297b04,83c4643fdad9661f2e409563f8e496b792575ecc72ac548ba8c2f13fb46e019f,2dcf34b9e931cfdb0eec205f7da5bd0f24f6956be98d838369e12573026a9214,c1af2191baefddee68a7f41c97c29f7799df4bcf5372d9e9cf44a52a3b510286,seed12_solution029,0.35902758725803990414,0.63703703703703706829,1.7551020408163264808,4,6,8,3,0.33333333333333331483,0,0.35355339059327373086,"{""3"": 1, ""5"": 1, ""8"": 2}"
stage3_declaration_method_body,stage3_declaration_method_body,declaration_method_body_v1,jpetstore,12,2d9007f75a14f4a4ed6152563241b898837b6c12b66a98a2464b4cc3f969a921,2d9007f75a14f4a4ed6152563241b898837b6c12b66a98a2464b4cc3f969a921,e7615e77d4f3258df46e499fd94c2dbb59bee03c0d2f6c3bb822c3aff4577139,6ca1abf13b753a89a7f78e93486a3c24ae4367d4a32edfa367306a79e3297b04,83c4643fdad9661f2e409563f8e496b792575ecc72ac548ba8c2f13fb46e019f,2dcf34b9e931cfdb0eec205f7da5bd0f24f6956be98d838369e12573026a9214,c1af2191baefddee68a7f41c97c29f7799df4bcf5372d9e9cf44a52a3b510286,seed12_solution030,0.35135192805974702068,0.63703703703703706829,1.7551020408163264808,4,6,7,5,0.29166666666666668517,0,0.11785113019775793342,"{""5"": 1, ""6"": 2, ""7"": 1}"
stage3_declaration_method_body,stage3_declaration_method_body,declaration_method_body_v1,jpetstore,12,2d9007f75a14f4a4ed6152563241b898837b6c12b66a98a2464b4cc3f969a921,2d9007f75a14f4a4ed6152563241b898837b6c12b66a98a2464b4cc3f969a921,e7615e77d4f3258df46e499fd94c2dbb59bee03c0d2f6c3bb822c3aff4577139,6ca1abf13b753a89a7f78e93486a3c24ae4367d4a32edfa367306a79e3297b04,83c4643fdad9661f2e409563f8e496b792575ecc72ac548ba8c2f13fb46e019f,2dcf34b9e931cfdb0eec205f7da5bd0f24f6956be98d838369e12573026a9214,c1af2191baefddee68a7f41c97c29f7799df4bcf5372d9e9cf44a52a3b510286,seed12_solution031,0.34228623685413805955,0.63456790123456785491,1.7364864864864864025,4,6,7,5,0.29166666666666668517,0,0.11785113019775793342,"{""5"": 1, ""6"": 2, ""7"": 1}"
stage3_declaration_method_body,stage3_declaration_method_body,declaration_method_body_v1,jpetstore,12,2d9007f75a14f4a4ed6152563241b898837b6c12b66a98a2464b4cc3f969a921,2d9007f75a14f4a4ed6152563241b898837b6c12b66a98a2464b4cc3f969a921,e7615e77d4f3258df46e499fd94c2dbb59bee03c0d2f6c3bb822c3aff4577139,6ca1abf13b753a89a7f78e93486a3c24ae4367d4a32edfa367306a79e3297b04,83c4643fdad9661f2e409563f8e496b792575ecc72ac548ba8c2f13fb46e019f,2dcf34b9e931cfdb0eec205f7da5bd0f24f6956be98d838369e12573026a9214,c1af2191baefddee68a7f41c97c29f7799df4bcf5372d9e9cf44a52a3b510286,seed12_solution032,0.35450998323426291536,0.63456790123456785491,1.7364864864864864025,4,6,6,6,0.25,0,0,"{""6"": 4}"
stage3_declaration_method_body,stage3_declaration_method_body,declaration_method_body_v1,jpetstore,12,2d9007f75a14f4a4ed6152563241b898837b6c12b66a98a2464b4cc3f969a921,2d9007f75a14f4a4ed6152563241b898837b6c12b66a98a2464b4cc3f969a921,e7615e77d4f3258df46e499fd94c2dbb59bee03c0d2f6c3bb822c3aff4577139,6ca1abf13b753a89a7f78e93486a3c24ae4367d4a32edfa367306a79e3297b04,83c4643fdad9661f2e409563f8e496b792575ecc72ac548ba8c2f13fb46e019f,2dcf34b9e931cfdb0eec205f7da5bd0f24f6956be98d838369e12573026a9214,c1af2191baefddee68a7f41c97c29f7799df4bcf5372d9e9cf44a52a3b510286,seed12_solution033,0.3907849413199205868,0.62962962962962965019,1.6999999999999999556,5,4.7999999999999998224,6,2,0.25,0,0.30618621784789729068,"{""2"": 1, ""5"": 2, ""6"": 2}"
stage3_declaration_method_body,stage3_declaration_method_body,declaration_method_body_v1,jpetstore,12,2d9007f75a14f4a4ed6152563241b898837b6c12b66a98a2464b4cc3f969a921,2d9007f75a14f4a4ed6152563241b898837b6c12b66a98a2464b4cc3f969a921,e7615e77d4f3258df46e499fd94c2dbb59bee03c0d2f6c3bb822c3aff4577139,6ca1abf13b753a89a7f78e93486a3c24ae4367d4a32edfa367306a79e3297b04,83c4643fdad9661f2e409563f8e496b792575ecc72ac548ba8c2f13fb46e019f,2dcf34b9e931cfdb0eec205f7da5bd0f24f6956be98d838369e12573026a9214,c1af2191baefddee68a7f41c97c29f7799df4bcf5372d9e9cf44a52a3b510286,seed12_solution034,0.38586800792562125917,0.62222222222222223209,1.6470588235294116863,5,4.7999999999999998224,7,2,0.29166666666666668517,0,0.3584302194601094449,"{""2"": 1, ""4"": 1, ""5"": 1, ""6"": 1, ""7"": 1}"
stage3_declaration_method_body,stage3_declaration_method_body,declaration_method_body_v1,jpetstore,12,2d9007f75a14f4a4ed6152563241b898837b6c12b66a98a2464b4cc3f969a921,2d9007f75a14f4a4ed6152563241b898837b6c12b66a98a2464b4cc3f969a921,e7615e77d4f3258df46e499fd94c2dbb59bee03c0d2f6c3bb822c3aff4577139,6ca1abf13b753a89a7f78e93486a3c24ae4367d4a32edfa367306a79e3297b04,83c4643fdad9661f2e409563f8e496b792575ecc72ac548ba8c2f13fb46e019f,2dcf34b9e931cfdb0eec205f7da5bd0f24f6956be98d838369e12573026a9214,c1af2191baefddee68a7f41c97c29f7799df4bcf5372d9e9cf44a52a3b510286,seed12_solution035,0.3783691510440482797,0.62222222222222223209,1.6470588235294116863,5,4.7999999999999998224,7,3,0.29166666666666668517,0,0.27638539919628335451,"{""3"": 1, ""4"": 1, ""5"": 2, ""7"": 1}"
stage3_declaration_method_body,stage3_declaration_method_body,declaration_method_body_v1,jpetstore,12,2d9007f75a14f4a4ed6152563241b898837b6c12b66a98a2464b4cc3f969a921,2d9007f75a14f4a4ed6152563241b898837b6c12b66a98a2464b4cc3f969a921,e7615e77d4f3258df46e499fd94c2dbb59bee03c0d2f6c3bb822c3aff4577139,6ca1abf13b753a89a7f78e93486a3c24ae4367d4a32edfa367306a79e3297b04,83c4643fdad9661f2e409563f8e496b792575ecc72ac548ba8c2f13fb46e019f,2dcf34b9e931cfdb0eec205f7da5bd0f24f6956be98d838369e12573026a9214,c1af2191baefddee68a7f41c97c29f7799df4bcf5372d9e9cf44a52a3b510286,seed12_solution036,0.35241579027587255357,0.62222222222222223209,1.6470588235294116863,4,6,8,4,0.33333333333333331483,0,0.26352313834736496023,"{""4"": 1, ""5"": 1, ""7"": 1, ""8"": 1}"
stage3_declaration_method_body,stage3_declaration_method_body,declaration_method_body_v1,jpetstore,12,2d9007f75a14f4a4ed6152563241b898837b6c12b66a98a2464b4cc3f969a921,2d9007f75a14f4a4ed6152563241b898837b6c12b66a98a2464b4cc3f969a921,e7615e77d4f3258df46e499fd94c2dbb59bee03c0d2f6c3bb822c3aff4577139,6ca1abf13b753a89a7f78e93486a3c24ae4367d4a32edfa367306a79e3297b04,83c4643fdad9661f2e409563f8e496b792575ecc72ac548ba8c2f13fb46e019f,2dcf34b9e931cfdb0eec205f7da5bd0f24f6956be98d838369e12573026a9214,c1af2191baefddee68a7f41c97c29f7799df4bcf5372d9e9cf44a52a3b510286,seed12_solution037,0.28496570644718788312,0.61975308641975312973,1.6298701298701299134,4,6,9,2,0.375,0,0.42491829279939868913,"{""2"": 1, ""6"": 1, ""7"": 1, ""9"": 1}"
stage3_declaration_method_body,stage3_declaration_method_body,declaration_method_body_v1,jpetstore,12,2d9007f75a14f4a4ed6152563241b898837b6c12b66a98a2464b4cc3f969a921,2d9007f75a14f4a4ed6152563241b898837b6c12b66a98a2464b4cc3f969a921,e7615e77d4f3258df46e499fd94c2dbb59bee03c0d2f6c3bb822c3aff4577139,6ca1abf13b753a89a7f78e93486a3c24ae4367d4a32edfa367306a79e3297b04,83c4643fdad9661f2e409563f8e496b792575ecc72ac548ba8c2f13fb46e019f,2dcf34b9e931cfdb0eec205f7da5bd0f24f6956be98d838369e12573026a9214,c1af2191baefddee68a7f41c97c29f7799df4bcf5372d9e9cf44a52a3b510286,seed12_solution038,0.34125285779606751024,0.61975308641975312973,1.6298701298701299134,4,6,6,6,0.25,0,0,"{""6"": 4}"
stage3_declaration_method_body,stage3_declaration_method_body,declaration_method_body_v1,jpetstore,12,2d9007f75a14f4a4ed6152563241b898837b6c12b66a98a2464b4cc3f969a921,2d9007f75a14f4a4ed6152563241b898837b6c12b66a98a2464b4cc3f969a921,e7615e77d4f3258df46e499fd94c2dbb59bee03c0d2f6c3bb822c3aff4577139,6ca1abf13b753a89a7f78e93486a3c24ae4367d4a32edfa367306a79e3297b04,83c4643fdad9661f2e409563f8e496b792575ecc72ac548ba8c2f13fb46e019f,2dcf34b9e931cfdb0eec205f7da5bd0f24f6956be98d838369e12573026a9214,c1af2191baefddee68a7f41c97c29f7799df4bcf5372d9e9cf44a52a3b510286,seed12_solution039,0.27043133668648061674,0.61481481481481481399,1.5961538461538462563,4,6,8,2,0.33333333333333331483,0,0.39086797998528582943,"{""2"": 1, ""7"": 2, ""8"": 1}"
stage3_declaration_method_body,stage3_declaration_method_body,declaration_method_body_v1,jpetstore,12,2d9007f75a14f4a4ed6152563241b898837b6c12b66a98a2464b4cc3f969a921,2d9007f75a14f4a4ed6152563241b898837b6c12b66a98a2464b4cc3f969a921,e7615e77d4f3258df46e499fd94c2dbb59bee03c0d2f6c3bb822c3aff4577139,6ca1abf13b753a89a7f78e93486a3c24ae4367d4a32edfa367306a79e3297b04,83c4643fdad9661f2e409563f8e496b792575ecc72ac548ba8c2f13fb46e019f,2dcf34b9e931cfdb0eec205f7da5bd0f24f6956be98d838369e12573026a9214,c1af2191baefddee68a7f41c97c29f7799df4bcf5372d9e9cf44a52a3b510286,seed12_solution040,0.28953208352385290114,0.61234567901234571163,1.5796178343949045519,4,6,8,4,0.33333333333333331483,0,0.23570226039551586683,"{""4"": 1, ""6"": 2, ""8"": 1}"
stage3_declaration_method_body,stage3_declaration_method_body,declaration_method_body_v1,jpetstore,12,2d9007f75a14f4a4ed6152563241b898837b6c12b66a98a2464b4cc3f969a921,2d9007f75a14f4a4ed6152563241b898837b6c12b66a98a2464b4cc3f969a921,e7615e77d4f3258df46e499fd94c2dbb59bee03c0d2f6c3bb822c3aff4577139,6ca1abf13b753a89a7f78e93486a3c24ae4367d4a32edfa367306a79e3297b04,83c4643fdad9661f2e409563f8e496b792575ecc72ac548ba8c2f13fb46e019f,2dcf34b9e931cfdb0eec205f7da5bd0f24f6956be98d838369e12573026a9214,c1af2191baefddee68a7f41c97c29f7799df4bcf5372d9e9cf44a52a3b510286,seed12_solution041,0.29489711934156359607,0.61234567901234571163,1.5796178343949045519,4,6,7,5,0.29166666666666668517,0,0.16666666666666665741,"{""5"": 2, ""7"": 2}"
stage3_declaration_method_body,stage3_declaration_method_body,declaration_method_body_v1,jpetstore,12,2d9007f75a14f4a4ed6152563241b898837b6c12b66a98a2464b4cc3f969a921,2d9007f75a14f4a4ed6152563241b898837b6c12b66a98a2464b4cc3f969a921,e7615e77d4f3258df46e499fd94c2dbb59bee03c0d2f6c3bb822c3aff4577139,6ca1abf13b753a89a7f78e93486a3c24ae4367d4a32edfa367306a79e3297b04,83c4643fdad9661f2e409563f8e496b792575ecc72ac548ba8c2f13fb46e019f,2dcf34b9e931cfdb0eec205f7da5bd0f24f6956be98d838369e12573026a9214,c1af2191baefddee68a7f41c97c29f7799df4bcf5372d9e9cf44a52a3b510286,seed12_solution042,0.33892699283645777442,0.60987654320987649825,1.5632911392405062223,5,4.7999999999999998224,6,2,0.25,0,0.30618621784789729068,"{""2"": 1, ""5"": 2, ""6"": 2}"
stage3_declaration_method_body,stage3_declaration_method_body,declaration_method_body_v1,jpetstore,12,2d9007f75a14f4a4ed6152563241b898837b6c12b66a98a2464b4cc3f969a921,2d9007f75a14f4a4ed6152563241b898837b6c12b66a98a2464b4cc3f969a921,e7615e77d4f3258df46e499fd94c2dbb59bee03c0d2f6c3bb822c3aff4577139,6ca1abf13b753a89a7f78e93486a3c24ae4367d4a32edfa367306a79e3297b04,83c4643fdad9661f2e409563f8e496b792575ecc72ac548ba8c2f13fb46e019f,2dcf34b9e931cfdb0eec205f7da5bd0f24f6956be98d838369e12573026a9214,c1af2191baefddee68a7f41c97c29f7799df4bcf5372d9e9cf44a52a3b510286,seed12_solution043,0.29559823197683260387,0.60987654320987649825,1.5632911392405062223,4,6,7,4,0.29166666666666668517,0,0.20412414523193148086,"{""4"": 1, ""6"": 1, ""7"": 2}"
stage3_declaration_method_body,stage3_declaration_method_body,declaration_method_body_v1,jpetstore,12,2d9007f75a14f4a4ed6152563241b898837b6c12b66a98a2464b4cc3f969a921,2d9007f75a14f4a4ed6152563241b898837b6c12b66a98a2464b4cc3f969a921,e7615e77d4f3258df46e499fd94c2dbb59bee03c0d2f6c3bb822c3aff4577139,6ca1abf13b753a89a7f78e93486a3c24ae4367d4a32edfa367306a79e3297b04,83c4643fdad9661f2e409563f8e496b792575ecc72ac548ba8c2f13fb46e019f,2dcf34b9e931cfdb0eec205f7da5bd0f24f6956be98d838369e12573026a9214,c1af2191baefddee68a7f41c97c29f7799df4bcf5372d9e9cf44a52a3b510286,seed12_solution044,0.31427526291723822949,0.60740740740740739589,1.5471698113207548175,4,6,9,2,0.375,0,0.45643546458763845086,"{""2"": 1, ""5"": 1, ""8"": 1, ""9"": 1}"
stage3_declaration_method_body,stage3_declaration_method_body,declaration_method_body_v1,jpetstore,12,2d9007f75a14f4a4ed6152563241b898837b6c12b66a98a2464b4cc3f969a921,2d9007f75a14f4a4ed6152563241b898837b6c12b66a98a2464b4cc3f969a921,e7615e77d4f3258df46e499fd94c2dbb59bee03c0d2f6c3bb822c3aff4577139,6ca1abf13b753a89a7f78e93486a3c24ae4367d4a32edfa367306a79e3297b04,83c4643fdad9661f2e409563f8e496b792575ecc72ac548ba8c2f13fb46e019f,2dcf34b9e931cfdb0eec205f7da5bd0f24f6956be98d838369e12573026a9214,c1af2191baefddee68a7f41c97c29f7799df4bcf5372d9e9cf44a52a3b510286,seed12_solution045,0.28790123456790100986,0.60740740740740739589,1.5471698113207548175,4,6,7,3,0.29166666666666668517,0,0.28867513459481286553,"{""3"": 1, ""7"": 3}"
stage3_declaration_method_body,stage3_declaration_method_body,declaration_method_body_v1,jpetstore,12,2d9007f75a14f4a4ed6152563241b898837b6c12b66a98a2464b4cc3f969a921,2d9007f75a14f4a4ed6152563241b898837b6c12b66a98a2464b4cc3f969a921,e7615e77d4f3258df46e499fd94c2dbb59bee03c0d2f6c3bb822c3aff4577139,6ca1abf13b753a89a7f78e93486a3c24ae4367d4a32edfa367306a79e3297b04,83c4643fdad9661f2e409563f8e496b792575ecc72ac548ba8c2f13fb46e019f,2dcf34b9e931cfdb0eec205f7da5bd0f24f6956be98d838369e12573026a9214,c1af2191baefddee68a7f41c97c29f7799df4bcf5372d9e9cf44a52a3b510286,seed12_solution046,0.39704008535284257553,0.60246913580246919118,1.51552795031055898,5,4.7999999999999998224,7,3,0.29166666666666668517,0,0.27638539919628335451,"{""3"": 1, ""4"": 1, ""5"": 2, ""7"": 1}"
stage3_declaration_method_body,stage3_declaration_method_body,declaration_method_body_v1,jpetstore,12,2d9007f75a14f4a4ed6152563241b898837b6c12b66a98a2464b4cc3f969a921,2d9007f75a14f4a4ed6152563241b898837b6c12b66a98a2464b4cc3f969a921,e7615e77d4f3258df46e499fd94c2dbb59bee03c0d2f6c3bb822c3aff4577139,6ca1abf13b753a89a7f78e93486a3c24ae4367d4a32edfa367306a79e3297b04,83c4643fdad9661f2e409563f8e496b792575ecc72ac548ba8c2f13fb46e019f,2dcf34b9e931cfdb0eec205f7da5bd0f24f6956be98d838369e12573026a9214,c1af2191baefddee68a7f41c97c29f7799df4bcf5372d9e9cf44a52a3b510286,seed12_solution047,0.37984148757811297958,0.5999999999999999778,1.5,5,4.7999999999999998224,8,2,0.33333333333333331483,0,0.48232653761625943201,"{""2"": 1, ""3"": 1, ""4"": 1, ""7"": 1, ""8"": 1}"
stage3_declaration_method_body,stage3_declaration_method_body,declaration_method_body_v1,jpetstore,12,2d9007f75a14f4a4ed6152563241b898837b6c12b66a98a2464b4cc3f969a921,2d9007f75a14f4a4ed6152563241b898837b6c12b66a98a2464b4cc3f969a921,e7615e77d4f3258df46e499fd94c2dbb59bee03c0d2f6c3bb822c3aff4577139,6ca1abf13b753a89a7f78e93486a3c24ae4367d4a32edfa367306a79e3297b04,83c4643fdad9661f2e409563f8e496b792575ecc72ac548ba8c2f13fb46e019f,2dcf34b9e931cfdb0eec205f7da5bd0f24f6956be98d838369e12573026a9214,c1af2191baefddee68a7f41c97c29f7799df4bcf5372d9e9cf44a52a3b510286,seed12_solution048,0.38144185337600972074,0.5999999999999999778,1.5,5,4.7999999999999998224,7,2,0.29166666666666668517,0,0.42491829279939880015,"{""2"": 1, ""3"": 1, ""5"": 1, ""7"": 2}"
stage3_declaration_method_body,stage3_declaration_method_body,declaration_method_body_v1,jpetstore,12,2d9007f75a14f4a4ed6152563241b898837b6c12b66a98a2464b4cc3f969a921,2d9007f75a14f4a4ed6152563241b898837b6c12b66a98a2464b4cc3f969a921,e7615e77d4f3258df46e499fd94c2dbb59bee03c0d2f6c3bb822c3aff4577139,6ca1abf13b753a89a7f78e93486a3c24ae4367d4a32edfa367306a79e3297b04,83c4643fdad9661f2e409563f8e496b792575ecc72ac548ba8c2f13fb46e019f,2dcf34b9e931cfdb0eec205f7da5bd0f24f6956be98d838369e12573026a9214,c1af2191baefddee68a7f41c97c29f7799df4bcf5372d9e9cf44a52a3b510286,seed12_solution049,0.37037341868617568164,0.5999999999999999778,1.5,5,4.7999999999999998224,6,4,0.25,0,0.15590239111558087948,"{""4"": 2, ""5"": 2, ""6"": 1}"
stage3_declaration_method_body,stage3_declaration_method_body,declaration_method_body_v1,jpetstore,12,2d9007f75a14f4a4ed6152563241b898837b6c12b66a98a2464b4cc3f969a921,2d9007f75a14f4a4ed6152563241b898837b6c12b66a98a2464b4cc3f969a921,e7615e77d4f3258df46e499fd94c2dbb59bee03c0d2f6c3bb822c3aff4577139,6ca1abf13b753a89a7f78e93486a3c24ae4367d4a32edfa367306a79e3297b04,83c4643fdad9661f2e409563f8e496b792575ecc72ac548ba8c2f13fb46e019f,2dcf34b9e931cfdb0eec205f7da5bd0f24f6956be98d838369e12573026a9214,c1af2191baefddee68a7f41c97c29f7799df4bcf5372d9e9cf44a52a3b510286,seed12_solution050,0.33574455113549767082,0.59506172839506177308,1.4695121951219511924,5,4.7999999999999998224,8,2,0.33333333333333331483,0,0.51706973524961907795,"{""2"": 2, ""5"": 1, ""7"": 1, ""8"": 1}"
stage3_declaration_method_body,stage3_declaration_method_body,declaration_method_body_v1,jpetstore,12,2d9007f75a14f4a4ed6152563241b898837b6c12b66a98a2464b4cc3f969a921,2d9007f75a14f4a4ed6152563241b898837b6c12b66a98a2464b4cc3f969a921,e7615e77d4f3258df46e499fd94c2dbb59bee03c0d2f6c3bb822c3aff4577139,6ca1abf13b753a89a7f78e93486a3c24ae4367d4a32edfa367306a79e3297b04,83c4643fdad9661f2e409563f8e496b792575ecc72ac548ba8c2f13fb46e019f,2dcf34b9e931cfdb0eec205f7da5bd0f24f6956be98d838369e12573026a9214,c1af2191baefddee68a7f41c97c29f7799df4bcf5372d9e9cf44a52a3b510286,seed12_solution051,0.27304679164761436194,0.5851851851851851416,1.4107142857142858094,4,6,8,4,0.33333333333333331483,0,0.26352313834736496023,"{""4"": 1, ""5"": 1, ""7"": 1, ""8"": 1}"
stage3_declaration_method_body,stage3_declaration_method_body,declaration_method_body_v1,jpetstore,12,2d9007f75a14f4a4ed6152563241b898837b6c12b66a98a2464b4cc3f969a921,2d9007f75a14f4a4ed6152563241b898837b6c12b66a98a2464b4cc3f969a921,e7615e77d4f3258df46e499fd94c2dbb59bee03c0d2f6c3bb822c3aff4577139,6ca1abf13b753a89a7f78e93486a3c24ae4367d4a32edfa367306a79e3297b04,83c4643fdad9661f2e409563f8e496b792575ecc72ac548ba8c2f13fb46e019f,2dcf34b9e931cfdb0eec205f7da5bd0f24f6956be98d838369e12573026a9214,c1af2191baefddee68a7f41c97c29f7799df4bcf5372d9e9cf44a52a3b510286,seed12_solution052,0.37311385459533596975,0.58271604938271603924,1.3964497041420118606,5,4.7999999999999998224,6,4,0.25,0,0.15590239111558087948,"{""4"": 2, ""5"": 2, ""6"": 1}"
stage3_declaration_method_body,stage3_declaration_method_body,declaration_method_body_v1,jpetstore,12,2d9007f75a14f4a4ed6152563241b898837b6c12b66a98a2464b4cc3f969a921,2d9007f75a14f4a4ed6152563241b898837b6c12b66a98a2464b4cc3f969a921,e7615e77d4f3258df46e499fd94c2dbb59bee03c0d2f6c3bb822c3aff4577139,6ca1abf13b753a89a7f78e93486a3c24ae4367d4a32edfa367306a79e3297b04,83c4643fdad9661f2e409563f8e496b792575ecc72ac548ba8c2f13fb46e019f,2dcf34b9e931cfdb0eec205f7da5bd0f24f6956be98d838369e12573026a9214,c1af2191baefddee68a7f41c97c29f7799df4bcf5372d9e9cf44a52a3b510286,seed12_solution053,0.25111720774272200396,0.57037037037037041642,1.3275862068965518237,4,6,7,3,0.29166666666666668517,0,0.28867513459481286553,"{""3"": 1, ""7"": 3}"
stage3_declaration_method_body,stage3_declaration_method_body,declaration_method_body_v1,jpetstore,12,2d9007f75a14f4a4ed6152563241b898837b6c12b66a98a2464b4cc3f969a921,2d9007f75a14f4a4ed6152563241b898837b6c12b66a98a2464b4cc3f969a921,e7615e77d4f3258df46e499fd94c2dbb59bee03c0d2f6c3bb822c3aff4577139,6ca1abf13b753a89a7f78e93486a3c24ae4367d4a32edfa367306a79e3297b04,83c4643fdad9661f2e409563f8e496b792575ecc72ac548ba8c2f13fb46e019f,2dcf34b9e931cfdb0eec205f7da5bd0f24f6956be98d838369e12573026a9214,c1af2191baefddee68a7f41c97c29f7799df4bcf5372d9e9cf44a52a3b510286,seed12_solution054,0.35104709647919529747,0.56543209876543210068,1.3011363636363635354,5,4.7999999999999998224,9,2,0.375,0,0.51706973524961907795,"{""2"": 1, ""3"": 1, ""4"": 1, ""6"": 1, ""9"": 1}"
stage3_declaration_method_body,stage3_declaration_method_body,declaration_method_body_v1,jpetstore,12,2d9007f75a14f4a4ed6152563241b898837b6c12b66a98a2464b4cc3f969a921,2d9007f75a14f4a4ed6152563241b898837b6c12b66a98a2464b4cc3f969a921,e7615e77d4f3258df46e499fd94c2dbb59bee03c0d2f6c3bb822c3aff4577139,6ca1abf13b753a89a7f78e93486a3c24ae4367d4a32edfa367306a79e3297b04,83c4643fdad9661f2e409563f8e496b792575ecc72ac548ba8c2f13fb46e019f,2dcf34b9e931cfdb0eec205f7da5bd0f24f6956be98d838369e12573026a9214,c1af2191baefddee68a7f41c97c29f7799df4bcf5372d9e9cf44a52a3b510286,seed12_solution055,0.35449778997104108846,0.56296296296296299833,1.2881355932203388814,5,4.7999999999999998224,8,2,0.33333333333333331483,0,0.44487826050130463429,"{""2"": 1, ""3"": 1, ""5"": 1, ""6"": 1, ""8"": 1}"
stage3_declaration_method_body,stage3_declaration_method_body,declaration_method_body_v1,jpetstore,12,2d9007f75a14f4a4ed6152563241b898837b6c12b66a98a2464b4cc3f969a921,2d9007f75a14f4a4ed6152563241b898837b6c12b66a98a2464b4cc3f969a921,e7615e77d4f3258df46e499fd94c2dbb59bee03c0d2f6c3bb822c3aff4577139,6ca1abf13b753a89a7f78e93486a3c24ae4367d4a32edfa367306a79e3297b04,83c4643fdad9661f2e409563f8e496b792575ecc72ac548ba8c2f13fb46e019f,2dcf34b9e931cfdb0eec205f7da5bd0f24f6956be98d838369e12573026a9214,c1af2191baefddee68a7f41c97c29f7799df4bcf5372d9e9cf44a52a3b510286,seed12_solution056,0.3489559518366102675,0.56049382716049378494,1.2752808988764043896,5,4.7999999999999998224,7,2,0.29166666666666668517,0,0.3584302194601094449,"{""2"": 1, ""4"": 1, ""5"": 1, ""6"": 1, ""7"": 1}"
stage3_declaration_method_body,stage3_declaration_method_body,declaration_method_body_v1,jpetstore,12,2d9007f75a14f4a4ed6152563241b898837b6c12b66a98a2464b4cc3f969a921,2d9007f75a14f4a4ed6152563241b898837b6c12b66a98a2464b4cc3f969a921,e7615e77d4f3258df46e499fd94c2dbb59bee03c0d2f6c3bb822c3aff4577139,6ca1abf13b753a89a7f78e93486a3c24ae4367d4a32edfa367306a79e3297b04,83c4643fdad9661f2e409563f8e496b792575ecc72ac548ba8c2f13fb46e019f,2dcf34b9e931cfdb0eec205f7da5bd0f24f6956be98d838369e12573026a9214,c1af2191baefddee68a7f41c97c29f7799df4bcf5372d9e9cf44a52a3b510286,seed12_solution057,0.34268251790885523311,0.55555555555555558023,1.25,5,4.7999999999999998224,7,3,0.29166666666666668517,0,0.27638539919628335451,"{""3"": 1, ""4"": 1, ""5"": 2, ""7"": 1}"
stage3_declaration_method_body,stage3_declaration_method_body,declaration_method_body_v1,jpetstore,12,2d9007f75a14f4a4ed6152563241b898837b6c12b66a98a2464b4cc3f969a921,2d9007f75a14f4a4ed6152563241b898837b6c12b66a98a2464b4cc3f969a921,e7615e77d4f3258df46e499fd94c2dbb59bee03c0d2f6c3bb822c3aff4577139,6ca1abf13b753a89a7f78e93486a3c24ae4367d4a32edfa367306a79e3297b04,83c4643fdad9661f2e409563f8e496b792575ecc72ac548ba8c2f13fb46e019f,2dcf34b9e931cfdb0eec205f7da5bd0f24f6956be98d838369e12573026a9214,c1af2191baefddee68a7f41c97c29f7799df4bcf5372d9e9cf44a52a3b510286,seed12_solution058,0.34213077274805669958,0.55061728395061726449,1.2252747252747253626,5,4.7999999999999998224,7,3,0.29166666666666668517,0,0.27638539919628335451,"{""3"": 1, ""4"": 1, ""5"": 2, ""7"": 1}"
stage3_declaration_method_body,stage3_declaration_method_body,declaration_method_body_v1,jpetstore,12,2d9007f75a14f4a4ed6152563241b898837b6c12b66a98a2464b4cc3f969a921,2d9007f75a14f4a4ed6152563241b898837b6c12b66a98a2464b4cc3f969a921,e7615e77d4f3258df46e499fd94c2dbb59bee03c0d2f6c3bb822c3aff4577139,6ca1abf13b753a89a7f78e93486a3c24ae4367d4a32edfa367306a79e3297b04,83c4643fdad9661f2e409563f8e496b792575ecc72ac548ba8c2f13fb46e019f,2dcf34b9e931cfdb0eec205f7da5bd0f24f6956be98d838369e12573026a9214,c1af2191baefddee68a7f41c97c29f7799df4bcf5372d9e9cf44a52a3b510286,seed12_solution059,0.28567901234567888435,0.54814814814814816213,1.2131147540983606703,4,6,8,2,0.33333333333333331483,0,0.40824829046386296172,"{""2"": 1, ""6"": 1, ""8"": 2}"
stage3_declaration_method_body,stage3_declaration_method_body,declaration_method_body_v1,jpetstore,12,2d9007f75a14f4a4ed6152563241b898837b6c12b66a98a2464b4cc3f969a921,2d9007f75a14f4a4ed6152563241b898837b6c12b66a98a2464b4cc3f969a921,e7615e77d4f3258df46e499fd94c2dbb59bee03c0d2f6c3bb822c3aff4577139,6ca1abf13b753a89a7f78e93486a3c24ae4367d4a32edfa367306a79e3297b04,83c4643fdad9661f2e409563f8e496b792575ecc72ac548ba8c2f13fb46e019f,2dcf34b9e931cfdb0eec205f7da5bd0f24f6956be98d838369e12573026a9214,c1af2191baefddee68a7f41c97c29f7799df4bcf5372d9e9cf44a52a3b510286,seed12_solution060,0.33891784788904127934,0.54567901234567905977,1.2010869565217390242,5,4.7999999999999998224,7,2,0.29166666666666668517,0,0.40397332145136077841,"{""2"": 1, ""3"": 1, ""6"": 2, ""7"": 1}"
stage3_declaration_method_body,stage3_declaration_method_body,declaration_method_body_v1,jpetstore,12,2d9007f75a14f4a4ed6152563241b898837b6c12b66a98a2464b4cc3f969a921,2d9007f75a14f4a4ed6152563241b898837b6c12b66a98a2464b4cc3f969a921,e7615e77d4f3258df46e499fd94c2dbb59bee03c0d2f6c3bb822c3aff4577139,6ca1abf13b753a89a7f78e93486a3c24ae4367d4a32edfa367306a79e3297b04,83c4643fdad9661f2e409563f8e496b792575ecc72ac548ba8c2f13fb46e019f,2dcf34b9e931cfdb0eec205f7da5bd0f24f6956be98d838369e12573026a9214,c1af2191baefddee68a7f41c97c29f7799df4bcf5372d9e9cf44a52a3b510286,seed12_solution061,0.33440938881268095217,0.54567901234567905977,1.2010869565217390242,5,4.7999999999999998224,6,3,0.25,0,0.24295632895188751244,"{""3"": 1, ""4"": 1, ""5"": 1, ""6"": 2}"
stage3_declaration_method_body,stage3_declaration_method_body,declaration_method_body_v1,jpetstore,12,2d9007f75a14f4a4ed6152563241b898837b6c12b66a98a2464b4cc3f969a921,2d9007f75a14f4a4ed6152563241b898837b6c12b66a98a2464b4cc3f969a921,e7615e77d4f3258df46e499fd94c2dbb59bee03c0d2f6c3bb822c3aff4577139,6ca1abf13b753a89a7f78e93486a3c24ae4367d4a32edfa367306a79e3297b04,83c4643fdad9661f2e409563f8e496b792575ecc72ac548ba8c2f13fb46e019f,2dcf34b9e931cfdb0eec205f7da5bd0f24f6956be98d838369e12573026a9214,c1af2191baefddee68a7f41c97c29f7799df4bcf5372d9e9cf44a52a3b510286,seed12_solution062,0.33837524767565918538,0.54320987654320984639,1.1891891891891892552,5,4.7999999999999998224,8,2,0.33333333333333331483,0,0.48232653761625943201,"{""2"": 1, ""3"": 1, ""4"": 1, ""7"": 1, ""8"": 1}"
stage3_declaration_method_body,stage3_declaration_method_body,declaration_method_body_v1,jpetstore,12,2d9007f75a14f4a4ed6152563241b898837b6c12b66a98a2464b4cc3f969a921,2d9007f75a14f4a4ed6152563241b898837b6c12b66a98a2464b4cc3f969a921,e7615e77d4f3258df46e499fd94c2dbb59bee03c0d2f6c3bb822c3aff4577139,6ca1abf13b753a89a7f78e93486a3c24ae4367d4a32edfa367306a79e3297b04,83c4643fdad9661f2e409563f8e496b792575ecc72ac548ba8c2f13fb46e019f,2dcf34b9e931cfdb0eec205f7da5bd0f24f6956be98d838369e12573026a9214,c1af2191baefddee68a7f41c97c29f7799df4bcf5372d9e9cf44a52a3b510286,seed12_solution063,0.33148910227099515069,0.54320987654320984639,1.1891891891891892552,5,4.7999999999999998224,6,3,0.25,0,0.24295632895188751244,"{""3"": 1, ""4"": 1, ""5"": 1, ""6"": 2}"
stage3_declaration_method_body,stage3_declaration_method_body,declaration_method_body_v1,jpetstore,12,2d9007f75a14f4a4ed6152563241b898837b6c12b66a98a2464b4cc3f969a921,2d9007f75a14f4a4ed6152563241b898837b6c12b66a98a2464b4cc3f969a921,e7615e77d4f3258df46e499fd94c2dbb59bee03c0d2f6c3bb822c3aff4577139,6ca1abf13b753a89a7f78e93486a3c24ae4367d4a32edfa367306a79e3297b04,83c4643fdad9661f2e409563f8e496b792575ecc72ac548ba8c2f13fb46e019f,2dcf34b9e931cfdb0eec205f7da5bd0f24f6956be98d838369e12573026a9214,c1af2191baefddee68a7f41c97c29f7799df4bcf5372d9e9cf44a52a3b510286,seed12_solution064,0.3326413656454808021,0.54074074074074074403,1.1774193548387097419,5,4.7999999999999998224,8,2,0.33333333333333331483,0,0.54962108159470501878,"{""2"": 1, ""3"": 2, ""8"": 2}"
stage3_declaration_method_body,stage3_declaration_method_body,declaration_method_body_v1,jpetstore,12,2d9007f75a14f4a4ed6152563241b898837b6c12b66a98a2464b4cc3f969a921,2d9007f75a14f4a4ed6152563241b898837b6c12b66a98a2464b4cc3f969a921,e7615e77d4f3258df46e499fd94c2dbb59bee03c0d2f6c3bb822c3aff4577139,6ca1abf13b753a89a7f78e93486a3c24ae4367d4a32edfa367306a79e3297b04,83c4643fdad9661f2e409563f8e496b792575ecc72ac548ba8c2f13fb46e019f,2dcf34b9e931cfdb0eec205f7da5bd0f24f6956be98d838369e12573026a9214,c1af2191baefddee68a7f41c97c29f7799df4bcf5372d9e9cf44a52a3b510286,seed12_solution065,0.31753391251333634715,0.53580246913580242829,1.1542553191489361986,5,4.7999999999999998224,7,2,0.29166666666666668517,0,0.42491829279939880015,"{""2"": 1, ""3"": 1, ""5"": 1, ""7"": 2}"
stage3_declaration_method_body,stage3_declaration_method_body,declaration_method_body_v1,jpetstore,12,2d9007f75a14f4a4ed6152563241b898837b6c12b66a98a2464b4cc3f969a921,2d9007f75a14f4a4ed6152563241b898837b6c12b66a98a2464b4cc3f969a921,e7615e77d4f3258df46e499fd94c2dbb59bee03c0d2f6c3bb822c3aff4577139,6ca1abf13b753a89a7f78e93486a3c24ae4367d4a32edfa367306a79e3297b04,83c4643fdad9661f2e409563f8e496b792575ecc72ac548ba8c2f13fb46e019f,2dcf34b9e931cfdb0eec205f7da5bd0f24f6956be98d838369e12573026a9214,c1af2191baefddee68a7f41c97c29f7799df4bcf5372d9e9cf44a52a3b510286,seed12_solution066,0.31962505715592137712,0.53333333333333332593,1.1428571428571427937,5,4.7999999999999998224,7,3,0.29166666666666668517,0,0.38188130791298674493,"{""3"": 2, ""4"": 1, ""7"": 2}"
stage3_declaration_method_body,stage3_declaration_method_body,declaration_method_body_v1,jpetstore,12,2d9007f75a14f4a4ed6152563241b898837b6c12b66a98a2464b4cc3f969a921,2d9007f75a14f4a4ed6152563241b898837b6c12b66a98a2464b4cc3f969a921,e7615e77d4f3258df46e499fd94c2dbb59bee03c0d2f6c3bb822c3aff4577139,6ca1abf13b753a89a7f78e93486a3c24ae4367d4a32edfa367306a79e3297b04,83c4643fdad9661f2e409563f8e496b792575ecc72ac548ba8c2f13fb46e019f,2dcf34b9e931cfdb0eec205f7da5bd0f24f6956be98d838369e12573026a9214,c1af2191baefddee68a7f41c97c29f7799df4bcf5372d9e9cf44a52a3b510286,seed12_solution067,0.32767870751409844399,0.52839506172839501019,1.1204188481675392275,5,4.7999999999999998224,9,2,0.375,0,0.51706973524961896693,"{""2"": 1, ""3"": 1, ""4"": 1, ""6"": 1, ""9"": 1}"
stage3_declaration_method_body,stage3_declaration_method_body,declaration_method_body_v1,jpetstore,12,2d9007f75a14f4a4ed6152563241b898837b6c12b66a98a2464b4cc3f969a921,2d9007f75a14f4a4ed6152563241b898837b6c12b66a98a2464b4cc3f969a921,e7615e77d4f3258df46e499fd94c2dbb59bee03c0d2f6c3bb822c3aff4577139,6ca1abf13b753a89a7f78e93486a3c24ae4367d4a32edfa367306a79e3297b04,83c4643fdad9661f2e409563f8e496b792575ecc72ac548ba8c2f13fb46e019f,2dcf34b9e931cfdb0eec205f7da5bd0f24f6956be98d838369e12573026a9214,c1af2191baefddee68a7f41c97c29f7799df4bcf5372d9e9cf44a52a3b510286,seed12_solution068,0.25156835848193859206,0.52839506172839501019,1.1204188481675392275,4,6,6,6,0.25,0,0,"{""6"": 4}"
stage3_declaration_method_body,stage3_declaration_method_body,declaration_method_body_v1,jpetstore,12,2d9007f75a14f4a4ed6152563241b898837b6c12b66a98a2464b4cc3f969a921,2d9007f75a14f4a4ed6152563241b898837b6c12b66a98a2464b4cc3f969a921,e7615e77d4f3258df46e499fd94c2dbb59bee03c0d2f6c3bb822c3aff4577139,6ca1abf13b753a89a7f78e93486a3c24ae4367d4a32edfa367306a79e3297b04,83c4643fdad9661f2e409563f8e496b792575ecc72ac548ba8c2f13fb46e019f,2dcf34b9e931cfdb0eec205f7da5bd0f24f6956be98d838369e12573026a9214,c1af2191baefddee68a7f41c97c29f7799df4bcf5372d9e9cf44a52a3b510286,seed12_solution069,0.28137783874409383333,0.52592592592592590783,1.109375,5,4.7999999999999998224,5,4,0.20833333333333334259,0,0.083333333333333328707,"{""4"": 1, ""5"": 4}"
stage3_declaration_method_body,stage3_declaration_method_body,declaration_method_body_v1,jpetstore,12,2d9007f75a14f4a4ed6152563241b898837b6c12b66a98a2464b4cc3f969a921,2d9007f75a14f4a4ed6152563241b898837b6c12b66a98a2464b4cc3f969a921,e7615e77d4f3258df46e499fd94c2dbb59bee03c0d2f6c3bb822c3aff4577139,6ca1abf13b753a89a7f78e93486a3c24ae4367d4a32edfa367306a79e3297b04,83c4643fdad9661f2e409563f8e496b792575ecc72ac548ba8c2f13fb46e019f,2dcf34b9e931cfdb0eec205f7da5bd0f24f6956be98d838369e12573026a9214,c1af2191baefddee68a7f41c97c29f7799df4bcf5372d9e9cf44a52a3b510286,seed12_solution070,0.31052888279225737689,0.52098765432098770312,1.087628865979381354,5,4.7999999999999998224,6,3,0.25,0,0.24295632895188751244,"{""3"": 1, ""4"": 1, ""5"": 1, ""6"": 2}"
stage3_declaration_method_body,stage3_declaration_method_body,declaration_method_body_v1,jpetstore,12,2d9007f75a14f4a4ed6152563241b898837b6c12b66a98a2464b4cc3f969a921,2d9007f75a14f4a4ed6152563241b898837b6c12b66a98a2464b4cc3f969a921,e7615e77d4f3258df46e499fd94c2dbb59bee03c0d2f6c3bb822c3aff4577139,6ca1abf13b753a89a7f78e93486a3c24ae4367d4a32edfa367306a79e3297b04,83c4643fdad9661f2e409563f8e496b792575ecc72ac548ba8c2f13fb46e019f,2dcf34b9e931cfdb0eec205f7da5bd0f24f6956be98d838369e12573026a9214,c1af2191baefddee68a7f41c97c29f7799df4bcf5372d9e9cf44a52a3b510286,seed12_solution071,0.31259564090839808692,0.51604938271604938738,1.0663265306122449161,5,4.7999999999999998224,9,2,0.375,0,0.51706973524961907795,"{""2"": 1, ""3"": 1, ""4"": 1, ""6"": 1, ""9"": 1}"
stage3_declaration_method_body,stage3_declaration_method_body,declaration_method_body_v1,jpetstore,12,2d9007f75a14f4a4ed6152563241b898837b6c12b66a98a2464b4cc3f969a921,2d9007f75a14f4a4ed6152563241b898837b6c12b66a98a2464b4cc3f969a921,e7615e77d4f3258df46e499fd94c2dbb59bee03c0d2f6c3bb822c3aff4577139,6ca1abf13b753a89a7f78e93486a3c24ae4367d4a32edfa367306a79e3297b04,83c4643fdad9661f2e409563f8e496b792575ecc72ac548ba8c2f13fb46e019f,2dcf34b9e931cfdb0eec205f7da5bd0f24f6956be98d838369e12573026a9214,c1af2191baefddee68a7f41c97c29f7799df4bcf5372d9e9cf44a52a3b510286,seed12_solution072,0.254135040390184197,0.51604938271604938738,1.0663265306122449161,4,6,8,2,0.33333333333333331483,0,0.39086797998528582943,"{""2"": 1, ""7"": 2, ""8"": 1}"
stage3_declaration_method_body,stage3_declaration_method_body,declaration_method_body_v1,jpetstore,12,2d9007f75a14f4a4ed6152563241b898837b6c12b66a98a2464b4cc3f969a921,2d9007f75a14f4a4ed6152563241b898837b6c12b66a98a2464b4cc3f969a921,e7615e77d4f3258df46e499fd94c2dbb59bee03c0d2f6c3bb822c3aff4577139,6ca1abf13b753a89a7f78e93486a3c24ae4367d4a32edfa367306a79e3297b04,83c4643fdad9661f2e409563f8e496b792575ecc72ac548ba8c2f13fb46e019f,2dcf34b9e931cfdb0eec205f7da5bd0f24f6956be98d838369e12573026a9214,c1af2191baefddee68a7f41c97c29f7799df4bcf5372d9e9cf44a52a3b510286,seed12_solution073,0.29050754458161859306,0.50864197530864196928,1.0351758793969849659,5,4.7999999999999998224,7,2,0.29166666666666668517,0,0.3584302194601094449,"{""2"": 1, ""4"": 1, ""5"": 1, ""6"": 1, ""7"": 1}"
stage3_declaration_method_body,stage3_declaration_method_body,declaration_method_body_v1,jpetstore,12,2d9007f75a14f4a4ed6152563241b898837b6c12b66a98a2464b4cc3f969a921,2d9007f75a14f4a4ed6152563241b898837b6c12b66a98a2464b4cc3f969a921,e7615e77d4f3258df46e499fd94c2dbb59bee03c0d2f6c3bb822c3aff4577139,6ca1abf13b753a89a7f78e93486a3c24ae4367d4a32edfa367306a79e3297b04,83c4643fdad9661f2e409563f8e496b792575ecc72ac548ba8c2f13fb46e019f,2dcf34b9e931cfdb0eec205f7da5bd0f24f6956be98d838369e12573026a9214,c1af2191baefddee68a7f41c97c29f7799df4bcf5372d9e9cf44a52a3b510286,seed12_solution074,0.28938881268099375665,0.50617283950617286692,1.0249999999999999112,5,4.7999999999999998224,8,2,0.33333333333333331483,0,0.40397332145136077841,"{""2"": 1, ""4"": 1, ""5"": 2, ""8"": 1}"
stage3_declaration_method_body,stage3_declaration_method_body,declaration_method_body_v1,jpetstore,12,2d9007f75a14f4a4ed6152563241b898837b6c12b66a98a2464b4cc3f969a921,2d9007f75a14f4a4ed6152563241b898837b6c12b66a98a2464b4cc3f969a921,e7615e77d4f3258df46e499fd94c2dbb59bee03c0d2f6c3bb822c3aff4577139,6ca1abf13b753a89a7f78e93486a3c24ae4367d4a32edfa367306a79e3297b04,83c4643fdad9661f2e409563f8e496b792575ecc72ac548ba8c2f13fb46e019f,2dcf34b9e931cfdb0eec205f7da5bd0f24f6956be98d838369e12573026a9214,c1af2191baefddee68a7f41c97c29f7799df4bcf5372d9e9cf44a52a3b510286,seed12_solution075,0.28709343087943900441,0.49876543209876544882,0.99507389162561576956,5,4.7999999999999998224,7,2,0.29166666666666668517,0,0.4039733214513607229,"{""2"": 1, ""4"": 2, ""7"": 2}"
stage3_declaration_method_body,stage3_declaration_method_body,declaration_method_body_v1,jpetstore,12,2d9007f75a14f4a4ed6152563241b898837b6c12b66a98a2464b4cc3f969a921,2d9007f75a14f4a4ed6152563241b898837b6c12b66a98a2464b4cc3f969a921,e7615e77d4f3258df46e499fd94c2dbb59bee03c0d2f6c3bb822c3aff4577139,6ca1abf13b753a89a7f78e93486a3c24ae4367d4a32edfa367306a79e3297b04,83c4643fdad9661f2e409563f8e496b792575ecc72ac548ba8c2f13fb46e019f,2dcf34b9e931cfdb0eec205f7da5bd0f24f6956be98d838369e12573026a9214,c1af2191baefddee68a7f41c97c29f7799df4bcf5372d9e9cf44a52a3b510286,seed12_solution076,0.28252705380277393088,0.49876543209876544882,0.99507389162561576956,5,4.7999999999999998224,5,4,0.20833333333333334259,0,0.083333333333333328707,"{""4"": 1, ""5"": 4}"
stage3_declaration_method_body,stage3_declaration_method_body,declaration_method_body_v1,jpetstore,12,2d9007f75a14f4a4ed6152563241b898837b6c12b66a98a2464b4cc3f969a921,2d9007f75a14f4a4ed6152563241b898837b6c12b66a98a2464b4cc3f969a921,e7615e77d4f3258df46e499fd94c2dbb59bee03c0d2f6c3bb822c3aff4577139,6ca1abf13b753a89a7f78e93486a3c24ae4367d4a32edfa367306a79e3297b04,83c4643fdad9661f2e409563f8e496b792575ecc72ac548ba8c2f13fb46e019f,2dcf34b9e931cfdb0eec205f7da5bd0f24f6956be98d838369e12573026a9214,c1af2191baefddee68a7f41c97c29f7799df4bcf5372d9e9cf44a52a3b510286,seed12_solution077,0.29192196311537871312,0.49629629629629629095,0.98529411764705887578,5,4.7999999999999998224,7,2,0.29166666666666668517,0,0.42491829279939868913,"{""2"": 1, ""3"": 1, ""5"": 1, ""7"": 2}"
stage3_declaration_method_body,stage3_declaration_method_body,declaration_method_body_v1,jpetstore,12,2d9007f75a14f4a4ed6152563241b898837b6c12b66a98a2464b4cc3f969a921,2d9007f75a14f4a4ed6152563241b898837b6c12b66a98a2464b4cc3f969a921,e7615e77d4f3258df46e499fd94c2dbb59bee03c0d2f6c3bb822c3aff4577139,6ca1abf13b753a89a7f78e93486a3c24ae4367d4a32edfa367306a79e3297b04,83c4643fdad9661f2e409563f8e496b792575ecc72ac548ba8c2f13fb46e019f,2dcf34b9e931cfdb0eec205f7da5bd0f24f6956be98d838369e12573026a9214,c1af2191baefddee68a7f41c97c29f7799df4bcf5372d9e9cf44a52a3b510286,seed12_solution078,0.28163999390336830198,0.49382716049382713308,0.97560975609756095395,5,4.7999999999999998224,9,2,0.375,0,0.58034951154933833717,"{""2"": 2, ""4"": 1, ""7"": 1, ""9"": 1}"
stage3_declaration_method_body,stage3_declaration_method_body,declaration_method_body_v1,jpetstore,12,2d9007f75a14f4a4ed6152563241b898837b6c12b66a98a2464b4cc3f969a921,2d9007f75a14f4a4ed6152563241b898837b6c12b66a98a2464b4cc3f969a921,e7615e77d4f3258df46e499fd94c2dbb59bee03c0d2f6c3bb822c3aff4577139,6ca1abf13b753a89a7f78e93486a3c24ae4367d4a32edfa367306a79e3297b04,83c4643fdad9661f2e409563f8e496b792575ecc72ac548ba8c2f13fb46e019f,2dcf34b9e931cfdb0eec205f7da5bd0f24f6956be98d838369e12573026a9214,c1af2191baefddee68a7f41c97c29f7799df4bcf5372d9e9cf44a52a3b510286,seed12_solution079,0.28356957780826114179,0.49382716049382713308,0.97560975609756095395,5,4.7999999999999998224,6,3,0.25,0,0.20412414523193150862,"{""3"": 1, ""5"": 3, ""6"": 1}"
stage3_declaration_method_body,stage3_declaration_method_body,declaration_method_body_v1,jpetstore,12,2d9007f75a14f4a4ed6152563241b898837b6c12b66a98a2464b4cc3f969a921,2d9007f75a14f4a4ed6152563241b898837b6c12b66a98a2464b4cc3f969a921,e7615e77d4f3258df46e499fd94c2dbb59bee03c0d2f6c3bb822c3aff4577139,6ca1abf13b753a89a7f78e93486a3c24ae4367d4a32edfa367306a79e3297b04,83c4643fdad9661f2e409563f8e496b792575ecc72ac548ba8c2f13fb46e019f,2dcf34b9e931cfdb0eec205f7da5bd0f24f6956be98d838369e12573026a9214,c1af2191baefddee68a7f41c97c29f7799df4bcf5372d9e9cf44a52a3b510286,seed12_solution080,0.27141289437585719435,0.49135802469135803072,0.96601941747572817043,5,4.7999999999999998224,9,2,0.375,0,0.63737743919909817247,"{""2"": 2, ""3"": 1, ""8"": 1, ""9"": 1}"
stage3_declaration_method_body,stage3_declaration_method_body,declaration_method_body_v1,jpetstore,12,2d9007f75a14f4a4ed6152563241b898837b6c12b66a98a2464b4cc3f969a921,2d9007f75a14f4a4ed6152563241b898837b6c12b66a98a2464b4cc3f969a921,e7615e77d4f3258df46e499fd94c2dbb59bee03c0d2f6c3bb822c3aff4577139,6ca1abf13b753a89a7f78e93486a3c24ae4367d4a32edfa367306a79e3297b04,83c4643fdad9661f2e409563f8e496b792575ecc72ac548ba8c2f13fb46e019f,2dcf34b9e931cfdb0eec205f7da5bd0f24f6956be98d838369e12573026a9214,c1af2191baefddee68a7f41c97c29f7799df4bcf5372d9e9cf44a52a3b510286,seed12_solution081,0.27177564395671388597,0.49135802469135803072,0.96601941747572817043,5,4.7999999999999998224,8,2,0.33333333333333331483,0,0.56519416526043908533,"{""2"": 2, ""4"": 1, ""8"": 2}"
stage3_declaration_method_body,stage3_declaration_method_body,declaration_method_body_v1,jpetstore,12,2d9007f75a14f4a4ed6152563241b898837b6c12b66a98a2464b4cc3f969a921,2d9007f75a14f4a4ed6152563241b898837b6c12b66a98a2464b4cc3f969a921,e7615e77d4f3258df46e499fd94c2dbb59bee03c0d2f6c3bb822c3aff4577139,6ca1abf13b753a89a7f78e93486a3c24ae4367d4a32edfa367306a79e3297b04,83c4643fdad9661f2e409563f8e496b792575ecc72ac548ba8c2f13fb46e019f,2dcf34b9e931cfdb0eec205f7da5bd0f24f6956be98d838369e12573026a9214,c1af2191baefddee68a7f41c97c29f7799df4bcf5372d9e9cf44a52a3b510286,seed12_solution082,0.28429202865416847157,0.48888888888888887285,0.95652173913043481157,5,4.7999999999999998224,6,2,0.25,0,0.33333333333333337034,"{""2"": 1, ""4"": 1, ""6"": 3}"
stage3_declaration_method_body,stage3_declaration_method_body,declaration_method_body_v1,jpetstore,12,2d9007f75a14f4a4ed6152563241b898837b6c12b66a98a2464b4cc3f969a921,2d9007f75a14f4a4ed6152563241b898837b6c12b66a98a2464b4cc3f969a921,e7615e77d4f3258df46e499fd94c2dbb59bee03c0d2f6c3bb822c3aff4577139,6ca1abf13b753a89a7f78e93486a3c24ae4367d4a32edfa367306a79e3297b04,83c4643fdad9661f2e409563f8e496b792575ecc72ac548ba8c2f13fb46e019f,2dcf34b9e931cfdb0eec205f7da5bd0f24f6956be98d838369e12573026a9214,c1af2191baefddee68a7f41c97c29f7799df4bcf5372d9e9cf44a52a3b510286,seed12_solution083,0.27948788294467297177,0.48148148148148145475,0.92857142857142860315,5,4.7999999999999998224,6,2,0.25,0,0.33333333333333337034,"{""2"": 1, ""4"": 1, ""6"": 3}"
stage3_declaration_method_body,stage3_declaration_method_body,declaration_method_body_v1,jpetstore,12,2d9007f75a14f4a4ed6152563241b898837b6c12b66a98a2464b4cc3f969a921,2d9007f75a14f4a4ed6152563241b898837b6c12b66a98a2464b4cc3f969a921,e7615e77d4f3258df46e499fd94c2dbb59bee03c0d2f6c3bb822c3aff4577139,6ca1abf13b753a89a7f78e93486a3c24ae4367d4a32edfa367306a79e3297b04,83c4643fdad9661f2e409563f8e496b792575ecc72ac548ba8c2f13fb46e019f,2dcf34b9e931cfdb0eec205f7da5bd0f24f6956be98d838369e12573026a9214,c1af2191baefddee68a7f41c97c29f7799df4bcf5372d9e9cf44a52a3b510286,seed12_solution084,0.25519280597469895522,0.4716049382716049343,0.89252336448598135199,5,4.7999999999999998224,8,2,0.33333333333333331483,0,0.51706973524961907795,"{""2"": 2, ""5"": 1, ""7"": 1, ""8"": 1}"
stage3_declaration_method_body,stage3_declaration_method_body,declaration_method_body_v1,jpetstore,12,2d9007f75a14f4a4ed6152563241b898837b6c12b66a98a2464b4cc3f969a921,2d9007f75a14f4a4ed6152563241b898837b6c12b66a98a2464b4cc3f969a921,e7615e77d4f3258df46e499fd94c2dbb59bee03c0d2f6c3bb822c3aff4577139,6ca1abf13b753a89a7f78e93486a3c24ae4367d4a32edfa367306a79e3297b04,83c4643fdad9661f2e409563f8e496b792575ecc72ac548ba8c2f13fb46e019f,2dcf34b9e931cfdb0eec205f7da5bd0f24f6956be98d838369e12573026a9214,c1af2191baefddee68a7f41c97c29f7799df4bcf5372d9e9cf44a52a3b510286,seed12_solution085,0.26413961286389248118,0.46913580246913577643,0.88372093023255815503,5,4.7999999999999998224,7,2,0.29166666666666668517,0,0.4039733214513607229,"{""2"": 1, ""3"": 1, ""6"": 2, ""7"": 1}"
stage3_declaration_method_body,stage3_declaration_method_body,declaration_method_body_v1,jpetstore,12,2d9007f75a14f4a4ed6152563241b898837b6c12b66a98a2464b4cc3f969a921,2d9007f75a14f4a4ed6152563241b898837b6c12b66a98a2464b4cc3f969a921,e7615e77d4f3258df46e499fd94c2dbb59bee03c0d2f6c3bb822c3aff4577139,6ca1abf13b753a89a7f78e93486a3c24ae4367d4a32edfa367306a79e3297b04,83c4643fdad9661f2e409563f8e496b792575ecc72ac548ba8c2f13fb46e019f,2dcf34b9e931cfdb0eec205f7da5bd0f24f6956be98d838369e12573026a9214,c1af2191baefddee68a7f41c97c29f7799df4bcf5372d9e9cf44a52a3b510286,seed12_solution086,0.25090687395214134048,0.46172839506172841384,0.85779816513761464325,5,4.7999999999999998224,8,2,0.33333333333333331483,0,0.51706973524961907795,"{""2"": 2, ""5"": 1, ""7"": 1, ""8"": 1}"
stage3_declaration_method_body,stage3_declaration_method_body,declaration_method_body_v1,jpetstore,12,2d9007f75a14f4a4ed6152563241b898837b6c12b66a98a2464b4cc3f969a921,2d9007f75a14f4a4ed6152563241b898837b6c12b66a98a2464b4cc3f969a921,e7615e77d4f3258df46e499fd94c2dbb59bee03c0d2f6c3bb822c3aff4577139,6ca1abf13b753a89a7f78e93486a3c24ae4367d4a32edfa367306a79e3297b04,83c4643fdad9661f2e409563f8e496b792575ecc72ac548ba8c2f13fb46e019f,2dcf34b9e931cfdb0eec205f7da5bd0f24f6956be98d838369e12573026a9214,c1af2191baefddee68a7f41c97c29f7799df4bcf5372d9e9cf44a52a3b510286,seed12_solution087,0.24185947264136548052,0.45185185185185183787,0.82432432432432434233,5,4.7999999999999998224,8,2,0.33333333333333331483,0,0.50000000000000011102,"{""2"": 2, ""6"": 2, ""8"": 1}"
stage3_declaration_method_body,stage3_declaration_method_body,declaration_method_body_v1,jpetstore,12,2d9007f75a14f4a4ed6152563241b898837b6c12b66a98a2464b4cc3f969a921,2d9007f75a14f4a4ed6152563241b898837b6c12b66a98a2464b4cc3f969a921,e7615e77d4f3258df46e499fd94c2dbb59bee03c0d2f6c3bb822c3aff4577139,6ca1abf13b753a89a7f78e93486a3c24ae4367d4a32edfa367306a79e3297b04,83c4643fdad9661f2e409563f8e496b792575ecc72ac548ba8c2f13fb46e019f,2dcf34b9e931cfdb0eec205f7da5bd0f24f6956be98d838369e12573026a9214,c1af2191baefddee68a7f41c97c29f7799df4bcf5372d9e9cf44a52a3b510286,seed12_solution088,0.23725651577503431566,0.44938271604938273551,0.81614349775784755803,5,4.7999999999999998224,8,2,0.33333333333333331483,0,0.50000000000000011102,"{""2"": 2, ""6"": 2, ""8"": 1}"
stage3_declaration_method_body,stage3_declaration_method_body,declaration_method_body_v1,jpetstore,12,2d9007f75a14f4a4ed6152563241b898837b6c12b66a98a2464b4cc3f969a921,2d9007f75a14f4a4ed6152563241b898837b6c12b66a98a2464b4cc3f969a921,e7615e77d4f3258df46e499fd94c2dbb59bee03c0d2f6c3bb822c3aff4577139,6ca1abf13b753a89a7f78e93486a3c24ae4367d4a32edfa367306a79e3297b04,83c4643fdad9661f2e409563f8e496b792575ecc72ac548ba8c2f13fb46e019f,2dcf34b9e931cfdb0eec205f7da5bd0f24f6956be98d838369e12573026a9214,c1af2191baefddee68a7f41c97c29f7799df4bcf5372d9e9cf44a52a3b510286,seed12_solution089,0.2369029111415940636,0.44938271604938273551,0.81614349775784755803,5,4.7999999999999998224,7,2,0.29166666666666668517,0,0.48232653761625943201,"{""2"": 2, ""6"": 1, ""7"": 2}"
stage3_declaration_method_body,stage3_declaration_method_body,declaration_method_body_v1,jpetstore,12,2d9007f75a14f4a4ed6152563241b898837b6c12b66a98a2464b4cc3f969a921,2d9007f75a14f4a4ed6152563241b898837b6c12b66a98a2464b4cc3f969a921,e7615e77d4f3258df46e499fd94c2dbb59bee03c0d2f6c3bb822c3aff4577139,6ca1abf13b753a89a7f78e93486a3c24ae4367d4a32edfa367306a79e3297b04,83c4643fdad9661f2e409563f8e496b792575ecc72ac548ba8c2f13fb46e019f,2dcf34b9e931cfdb0eec205f7da5bd0f24f6956be98d838369e12573026a9214,c1af2191baefddee68a7f41c97c29f7799df4bcf5372d9e9cf44a52a3b510286,seed12_solution090,0.23727175735406175194,0.44691358024691357764,0.80803571428571430157,5,4.7999999999999998224,8,2,0.33333333333333331483,0,0.51706973524961907795,"{""2"": 2, ""5"": 1, ""7"": 1, ""8"": 1}"
stage3_declaration_method_body,stage3_declaration_method_body,declaration_method_body_v1,jpetstore,12,2d9007f75a14f4a4ed6152563241b898837b6c12b66a98a2464b4cc3f969a921,2d9007f75a14f4a4ed6152563241b898837b6c12b66a98a2464b4cc3f969a921,e7615e77d4f3258df46e499fd94c2dbb59bee03c0d2f6c3bb822c3aff4577139,6ca1abf13b753a89a7f78e93486a3c24ae4367d4a32edfa367306a79e3297b04,83c4643fdad9661f2e409563f8e496b792575ecc72ac548ba8c2f13fb46e019f,2dcf34b9e931cfdb0eec205f7da5bd0f24f6956be98d838369e12573026a9214,c1af2191baefddee68a7f41c97c29f7799df4bcf5372d9e9cf44a52a3b510286,seed12_solution091,0.22405730833714365691,0.44444444444444441977,0.80000000000000004441,5,4.7999999999999998224,8,2,0.33333333333333331483,0,0.56519416526043908533,"{""2"": 2, ""4"": 1, ""8"": 2}"
stage3_declaration_method_body,stage3_declaration_method_body,declaration_method_body_v1,jpetstore,12,2d9007f75a14f4a4ed6152563241b898837b6c12b66a98a2464b4cc3f969a921,2d9007f75a14f4a4ed6152563241b898837b6c12b66a98a2464b4cc3f969a921,e7615e77d4f3258df46e499fd94c2dbb59bee03c0d2f6c3bb822c3aff4577139,6ca1abf13b753a89a7f78e93486a3c24ae4367d4a32edfa367306a79e3297b04,83c4643fdad9661f2e409563f8e496b792575ecc72ac548ba8c2f13fb46e019f,2dcf34b9e931cfdb0eec205f7da5bd0f24f6956be98d838369e12573026a9214,c1af2191baefddee68a7f41c97c29f7799df4bcf5372d9e9cf44a52a3b510286,seed12_solution092,0.22832799878067358557,0.44197530864197531741,0.7920353982300885054,5,4.7999999999999998224,8,2,0.33333333333333331483,0,0.44487826050130463429,"{""2"": 1, ""3"": 1, ""5"": 1, ""6"": 1, ""8"": 1}"
stage3_declaration_method_body,stage3_declaration_method_body,declaration_method_body_v1,jpetstore,12,2d9007f75a14f4a4ed6152563241b898837b6c12b66a98a2464b4cc3f969a921,2d9007f75a14f4a4ed6152563241b898837b6c12b66a98a2464b4cc3f969a921,e7615e77d4f3258df46e499fd94c2dbb59bee03c0d2f6c3bb822c3aff4577139,6ca1abf13b753a89a7f78e93486a3c24ae4367d4a32edfa367306a79e3297b04,83c4643fdad9661f2e409563f8e496b792575ecc72ac548ba8c2f13fb46e019f,2dcf34b9e931cfdb0eec205f7da5bd0f24f6956be98d838369e12573026a9214,c1af2191baefddee68a7f41c97c29f7799df4bcf5372d9e9cf44a52a3b510286,seed12_solution093,0.21954884926078338525,0.43950617283950615954,0.78414096916299558249,5,4.7999999999999998224,9,2,0.375,0,0.54962108159470490776,"{""2"": 2, ""5"": 1, ""6"": 1, ""9"": 1}"
stage3_declaration_method_body,stage3_declaration_method_body,declaration_method_body_v1,jpetstore,12,2d9007f75a14f4a4ed6152563241b898837b6c12b66a98a2464b4cc3f969a921,2d9007f75a14f4a4ed6152563241b898837b6c12b66a98a2464b4cc3f969a921,e7615e77d4f3258df46e499fd94c2dbb59bee03c0d2f6c3bb822c3aff4577139,6ca1abf13b753a89a7f78e93486a3c24ae4367d4a32edfa367306a79e3297b04,83c4643fdad9661f2e409563f8e496b792575ecc72ac548ba8c2f13fb46e019f,2dcf34b9e931cfdb0eec205f7da5bd0f24f6956be98d838369e12573026a9214,c1af2191baefddee68a7f41c97c29f7799df4bcf5372d9e9cf44a52a3b510286,seed12_solution094,0.21918000304831566916,0.43703703703703705719,0.77631578947368418131,5,4.7999999999999998224,8,2,0.33333333333333331483,0,0.5,"{""2"": 2, ""6"": 2, ""8"": 1}"
stage3_declaration_method_body,stage3_declaration_method_body,declaration_method_body_v1,jpetstore,12,2d9007f75a14f4a4ed6152563241b898837b6c12b66a98a2464b4cc3f969a921,2d9007f75a14f4a4ed6152563241b898837b6c12b66a98a2464b4cc3f969a921,e7615e77d4f3258df46e499fd94c2dbb59bee03c0d2f6c3bb822c3aff4577139,6ca1abf13b753a89a7f78e93486a3c24ae4367d4a32edfa367306a79e3297b04,83c4643fdad9661f2e409563f8e496b792575ecc72ac548ba8c2f13fb46e019f,2dcf34b9e931cfdb0eec205f7da5bd0f24f6956be98d838369e12573026a9214,c1af2191baefddee68a7f41c97c29f7799df4bcf5372d9e9cf44a52a3b510286,seed12_solution095,0.21531169029111399404,0.42962962962962963909,0.75324675324675327559,5,4.7999999999999998224,7,2,0.29166666666666668517,0,0.48232653761625943201,"{""2"": 2, ""6"": 1, ""7"": 2}"
stage3_declaration_method_body,stage3_declaration_method_body,declaration_method_body_v1,jpetstore,12,2d9007f75a14f4a4ed6152563241b898837b6c12b66a98a2464b4cc3f969a921,2d9007f75a14f4a4ed6152563241b898837b6c12b66a98a2464b4cc3f969a921,e7615e77d4f3258df46e499fd94c2dbb59bee03c0d2f6c3bb822c3aff4577139,6ca1abf13b753a89a7f78e93486a3c24ae4367d4a32edfa367306a79e3297b04,83c4643fdad9661f2e409563f8e496b792575ecc72ac548ba8c2f13fb46e019f,2dcf34b9e931cfdb0eec205f7da5bd0f24f6956be98d838369e12573026a9214,c1af2191baefddee68a7f41c97c29f7799df4bcf5372d9e9cf44a52a3b510286,seed12_solution096,0.19175735406188071375,0.41234567901234570053,0.70168067226890751265,5,4.7999999999999998224,7,2,0.29166666666666668517,0,0.4823265376162593765,"{""2"": 2, ""6"": 1, ""7"": 2}"
stage3_declaration_method_body,stage3_declaration_method_body,declaration_method_body_v1,jpetstore,12,2d9007f75a14f4a4ed6152563241b898837b6c12b66a98a2464b4cc3f969a921,2d9007f75a14f4a4ed6152563241b898837b6c12b66a98a2464b4cc3f969a921,e7615e77d4f3258df46e499fd94c2dbb59bee03c0d2f6c3bb822c3aff4577139,6ca1abf13b753a89a7f78e93486a3c24ae4367d4a32edfa367306a79e3297b04,83c4643fdad9661f2e409563f8e496b792575ecc72ac548ba8c2f13fb46e019f,2dcf34b9e931cfdb0eec205f7da5bd0f24f6956be98d838369e12573026a9214,c1af2191baefddee68a7f41c97c29f7799df4bcf5372d9e9cf44a52a3b510286,seed12_solution097,0.19573235787227549753,0.40740740740740738479,0.6875,5,4.7999999999999998224,7,2,0.29166666666666668517,0,0.48232653761625943201,"{""2"": 2, ""6"": 1, ""7"": 2}"
stage3_declaration_method_body,stage3_declaration_method_body,declaration_method_body_v1,jpetstore,12,2d9007f75a14f4a4ed6152563241b898837b6c12b66a98a2464b4cc3f969a921,2d9007f75a14f4a4ed6152563241b898837b6c12b66a98a2464b4cc3f969a921,e7615e77d4f3258df46e499fd94c2dbb59bee03c0d2f6c3bb822c3aff4577139,6ca1abf13b753a89a7f78e93486a3c24ae4367d4a32edfa367306a79e3297b04,83c4643fdad9661f2e409563f8e496b792575ecc72ac548ba8c2f13fb46e019f,2dcf34b9e931cfdb0eec205f7da5bd0f24f6956be98d838369e12573026a9214,c1af2191baefddee68a7f41c97c29f7799df4bcf5372d9e9cf44a52a3b510286,seed12_solution098,0.18751714677640601847,0.4000000000000000222,0.66666666666666662966,5,4.7999999999999998224,8,2,0.33333333333333331483,0,0.51706973524961907795,"{""2"": 2, ""5"": 1, ""7"": 1, ""8"": 1}"
stage3_declaration_method_body,stage3_declaration_method_body,declaration_method_body_v1,jpetstore,12,2d9007f75a14f4a4ed6152563241b898837b6c12b66a98a2464b4cc3f969a921,2d9007f75a14f4a4ed6152563241b898837b6c12b66a98a2464b4cc3f969a921,e7615e77d4f3258df46e499fd94c2dbb59bee03c0d2f6c3bb822c3aff4577139,6ca1abf13b753a89a7f78e93486a3c24ae4367d4a32edfa367306a79e3297b04,83c4643fdad9661f2e409563f8e496b792575ecc72ac548ba8c2f13fb46e019f,2dcf34b9e931cfdb0eec205f7da5bd0f24f6956be98d838369e12573026a9214,c1af2191baefddee68a7f41c97c29f7799df4bcf5372d9e9cf44a52a3b510286,seed12_solution099,0.13929583904892536839,0.36543209876543208958,0.57587548638132290968,5,4.7999999999999998224,7,2,0.29166666666666668517,0,0.48232653761625943201,"{""2"": 2, ""6"": 1, ""7"": 2}"
