subject,repetition,random_seed,edge_count,structural_overlap,same_reference_service_ratio,same_leiden_cluster_ratio
xerces,0,62000,1673,0.0059772863120143458,,0.094441123729826659
xerces,1,62001,1673,0.012552301255230125,,0.085475194261805137
xerces,2,62002,1673,0.008368200836820083,,0.10699342498505679
xerces,3,62003,1673,0.0089659294680215183,,0.083682008368200833
xerces,4,62004,1673,0.015540944411237299,,0.084279736999402277
xerces,5,62005,1673,0.0089659294680215183,,0.089061566049013746
xerces,6,62006,1673,0.0077704722056186493,,0.085475194261805137
xerces,7,62007,1673,0.013150029886431561,,0.083682008368200833
xerces,8,62008,1673,0.009563658099222952,,0.07830245068738792
xerces,9,62009,1673,0.015540944411237299,,0.080095636580992224
xerces,10,62010,1673,0.010161386730424387,,0.080693365212193668
xerces,11,62011,1673,0.010759115361625823,,0.083682008368200833
xerces,12,62012,1673,0.011954572624028692,,0.091452480573819481
xerces,13,62013,1673,0.013747758517632994,,0.099820681410639572
xerces,14,62014,1673,0.008368200836820083,,0.075313807531380755
xerces,15,62015,1673,0.011954572624028692,,0.081291093843395099
xerces,16,62016,1673,0.011356843992827256,,0.07830245068738792
xerces,17,62017,1673,0.013150029886431561,,0.098625224148236698
xerces,18,62018,1673,0.012552301255230125,,0.087866108786610872
xerces,19,62019,1673,0.008368200836820083,,0.092050209205020925
xerces,20,62020,1673,0.011954572624028692,,0.083682008368200833
xerces,21,62021,1673,0.010759115361625823,,0.081291093843395099
xerces,22,62022,1673,0.0071727435744172148,,0.079497907949790794
xerces,23,62023,1673,0.010759115361625823,,0.093843395098625229
xerces,24,62024,1673,0.008368200836820083,,0.083682008368200833
xerces,25,62025,1673,0.012552301255230125,,0.081888822474596529
xerces,26,62026,1673,0.012552301255230125,,0.085475194261805137
xerces,27,62027,1673,0.0071727435744172148,,0.07770472205618649
xerces,28,62028,1673,0.013747758517632994,,0.086670651524208012
xerces,29,62029,1673,0.0077704722056186493,,0.089659294680215176
xerces,30,62030,1673,0.012552301255230125,,0.089659294680215176
xerces,31,62031,1673,0.0077704722056186493,,0.081291093843395099
xerces,32,62032,1673,0.019127316198445904,,0.096234309623430964
xerces,33,62033,1673,0.010161386730424387,,0.071129707112970716
xerces,34,62034,1673,0.012552301255230125,,0.093245666467423785
xerces,35,62035,1673,0.010759115361625823,,0.080693365212193668
xerces,36,62036,1673,0.010161386730424387,,0.079497907949790794
xerces,37,62037,1673,0.010161386730424387,,0.10101613867304243
xerces,38,62038,1673,0.010759115361625823,,0.083682008368200833
xerces,39,62039,1673,0.015540944411237299,,0.083682008368200833
xerces,40,62040,1673,0.009563658099222952,,0.086072922893006582
xerces,41,62041,1673,0.011356843992827256,,0.093245666467423785
xerces,42,62042,1673,0.016138673042438732,,0.099222952779438128
xerces,43,62043,1673,0.013747758517632994,,0.085475194261805137
xerces,44,62044,1673,0.012552301255230125,,0.07770472205618649
xerces,45,62045,1673,0.013747758517632994,,0.093245666467423785
xerces,46,62046,1673,0.008368200836820083,,0.081291093843395099
xerces,47,62047,1673,0.014943215780035863,,0.089061566049013746
xerces,48,62048,1673,0.0089659294680215183,,0.089659294680215176
xerces,49,62049,1673,0.010161386730424387,,0.098027495517035268
xerces,50,62050,1673,0.0089659294680215183,,0.071727435744172147
xerces,51,62051,1673,0.012552301255230125,,0.080693365212193668
xerces,52,62052,1673,0.012552301255230125,,0.092050209205020925
xerces,53,62053,1673,0.011356843992827256,,0.091452480573819481
xerces,54,62054,1673,0.013150029886431561,,0.09025702331141662
xerces,55,62055,1673,0.010759115361625823,,0.078900179318589364
xerces,56,62056,1673,0.0089659294680215183,,0.093245666467423785
xerces,57,62057,1673,0.01434548714883443,,0.085475194261805137
xerces,58,62058,1673,0.012552301255230125,,0.080693365212193668
xerces,59,62059,1673,0.012552301255230125,,0.084279736999402277
xerces,60,62060,1673,0.013150029886431561,,0.079497907949790794
xerces,61,62061,1673,0.013747758517632994,,0.084877465630603707
xerces,62,62062,1673,0.015540944411237299,,0.087866108786610872
xerces,63,62063,1673,0.016138673042438732,,0.099820681410639572
xerces,64,62064,1673,0.01434548714883443,,0.087268380155409442
xerces,65,62065,1673,0.017334130304841603,,0.086072922893006582
xerces,66,62066,1673,0.014943215780035863,,0.081291093843395099
xerces,67,62067,1673,0.010161386730424387,,0.083682008368200833
xerces,68,62068,1673,0.0089659294680215183,,0.09025702331141662
xerces,69,62069,1673,0.013150029886431561,,0.099222952779438128
xerces,70,62070,1673,0.0089659294680215183,,0.086670651524208012
xerces,71,62071,1673,0.012552301255230125,,0.076509264793783616
xerces,72,62072,1673,0.014943215780035863,,0.096832038254632394
xerces,73,62073,1673,0.0071727435744172148,,0.098027495517035268
xerces,74,62074,1673,0.013150029886431561,,0.091452480573819481
xerces,75,62075,1673,0.011356843992827256,,0.083682008368200833
xerces,76,62076,1673,0.016138673042438732,,0.089659294680215176
xerces,77,62077,1673,0.009563658099222952,,0.080693365212193668
xerces,78,62078,1673,0.011356843992827256,,0.087866108786610872
xerces,79,62079,1673,0.008368200836820083,,0.076509264793783616
xerces,80,62080,1673,0.013747758517632994,,0.09025702331141662
xerces,81,62081,1673,0.0071727435744172148,,0.079497907949790794
xerces,82,62082,1673,0.011954572624028692,,0.093843395098625229
xerces,83,62083,1673,0.013150029886431561,,0.086670651524208012
xerces,84,62084,1673,0.010759115361625823,,0.082486551105797973
xerces,85,62085,1673,0.010759115361625823,,0.084279736999402277
xerces,86,62086,1673,0.013747758517632994,,0.099820681410639572
xerces,87,62087,1673,0.010759115361625823,,0.092647937836222355
xerces,88,62088,1673,0.015540944411237299,,0.084279736999402277
xerces,89,62089,1673,0.015540944411237299,,0.078900179318589364
xerces,90,62090,1673,0.01852958756724447,,0.091452480573819481
xerces,91,62091,1673,0.01434548714883443,,0.095038852361028089
xerces,92,62092,1673,0.0077704722056186493,,0.096234309623430964
xerces,93,62093,1673,0.0089659294680215183,,0.09025702331141662
xerces,94,62094,1673,0.013747758517632994,,0.07770472205618649
xerces,95,62095,1673,0.011954572624028692,,0.091452480573819481
xerces,96,62096,1673,0.011356843992827256,,0.081888822474596529
xerces,97,62097,1673,0.01434548714883443,,0.098625224148236698
xerces,98,62098,1673,0.01434548714883443,,0.087866108786610872
xerces,99,62099,1673,0.014943215780035863,,0.095038852361028089
xerces,100,62100,1673,0.009563658099222952,,0.07770472205618649
xerces,101,62101,1673,0.008368200836820083,,0.086670651524208012
xerces,102,62102,1673,0.0089659294680215183,,0.092050209205020925
xerces,103,62103,1673,0.013150029886431561,,0.095038852361028089
xerces,104,62104,1673,0.013747758517632994,,0.087866108786610872
xerces,105,62105,1673,0.0077704722056186493,,0.086072922893006582
xerces,106,62106,1673,0.010759115361625823,,0.093843395098625229
xerces,107,62107,1673,0.009563658099222952,,0.081291093843395099
xerces,108,62108,1673,0.013150029886431561,,0.087268380155409442
xerces,109,62109,1673,0.012552301255230125,,0.084279736999402277
xerces,110,62110,1673,0.011356843992827256,,0.083682008368200833
xerces,111,62111,1673,0.0089659294680215183,,0.085475194261805137
xerces,112,62112,1673,0.013150029886431561,,0.10101613867304243
xerces,113,62113,1673,0.008368200836820083,,0.094441123729826659
xerces,114,62114,1673,0.015540944411237299,,0.11177525403466826
xerces,115,62115,1673,0.011954572624028692,,0.083084279736999403
xerces,116,62116,1673,0.010161386730424387,,0.078900179318589364
xerces,117,62117,1673,0.009563658099222952,,0.081888822474596529
xerces,118,62118,1673,0.011954572624028692,,0.09025702331141662
xerces,119,62119,1673,0.012552301255230125,,0.087268380155409442
xerces,120,62120,1673,0.012552301255230125,,0.098027495517035268
xerces,121,62121,1673,0.010759115361625823,,0.10340705319784818
xerces,122,62122,1673,0.019127316198445904,,0.09025702331141662
xerces,123,62123,1673,0.011356843992827256,,0.084877465630603707
xerces,124,62124,1673,0.011356843992827256,,0.091452480573819481
xerces,125,62125,1673,0.011356843992827256,,0.087866108786610872
xerces,126,62126,1673,0.011356843992827256,,0.091452480573819481
xerces,127,62127,1673,0.01852958756724447,,0.093843395098625229
xerces,128,62128,1673,0.010759115361625823,,0.089659294680215176
xerces,129,62129,1673,0.0071727435744172148,,0.084877465630603707
xerces,130,62130,1673,0.016736401673640166,,0.090854751942618051
xerces,131,62131,1673,0.009563658099222952,,0.089061566049013746
xerces,132,62132,1673,0.012552301255230125,,0.089659294680215176
xerces,133,62133,1673,0.013150029886431561,,0.086670651524208012
xerces,134,62134,1673,0.011356843992827256,,0.092647937836222355
xerces,135,62135,1673,0.017931858936043037,,0.075911536162582186
xerces,136,62136,1673,0.0077704722056186493,,0.096234309623430964
xerces,137,62137,1673,0.008368200836820083,,0.092647937836222355
xerces,138,62138,1673,0.012552301255230125,,0.085475194261805137
xerces,139,62139,1673,0.014943215780035863,,0.093245666467423785
xerces,140,62140,1673,0.008368200836820083,,0.093843395098625229
xerces,141,62141,1673,0.012552301255230125,,0.07770472205618649
xerces,142,62142,1673,0.0089659294680215183,,0.084877465630603707
xerces,143,62143,1673,0.009563658099222952,,0.081291093843395099
xerces,144,62144,1673,0.0089659294680215183,,0.081291093843395099
xerces,145,62145,1673,0.011954572624028692,,0.087268380155409442
xerces,146,62146,1673,0.0059772863120143458,,0.084877465630603707
xerces,147,62147,1673,0.011356843992827256,,0.083682008368200833
xerces,148,62148,1673,0.010161386730424387,,0.086072922893006582
xerces,149,62149,1673,0.009563658099222952,,0.086670651524208012
xerces,150,62150,1673,0.010161386730424387,,0.080095636580992224
xerces,151,62151,1673,0.0089659294680215183,,0.096832038254632394
xerces,152,62152,1673,0.012552301255230125,,0.094441123729826659
xerces,153,62153,1673,0.009563658099222952,,0.086072922893006582
xerces,154,62154,1673,0.011356843992827256,,0.081888822474596529
xerces,155,62155,1673,0.0065750149432157803,,0.093843395098625229
xerces,156,62156,1673,0.013747758517632994,,0.075911536162582186
xerces,157,62157,1673,0.011356843992827256,,0.087866108786610872
xerces,158,62158,1673,0.0065750149432157803,,0.086072922893006582
xerces,159,62159,1673,0.008368200836820083,,0.074716078900179325
xerces,160,62160,1673,0.011954572624028692,,0.084877465630603707
xerces,161,62161,1673,0.010759115361625823,,0.082486551105797973
xerces,162,62162,1673,0.013150029886431561,,0.092647937836222355
xerces,163,62163,1673,0.0089659294680215183,,0.072325164375373577
xerces,164,62164,1673,0.011954572624028692,,0.086072922893006582
xerces,165,62165,1673,0.017334130304841603,,0.096832038254632394
xerces,166,62166,1673,0.010161386730424387,,0.095636580992229533
xerces,167,62167,1673,0.014943215780035863,,0.091452480573819481
xerces,168,62168,1673,0.010759115361625823,,0.084279736999402277
xerces,169,62169,1673,0.009563658099222952,,0.087866108786610872
xerces,170,62170,1673,0.009563658099222952,,0.088463837417812316
xerces,171,62171,1673,0.010759115361625823,,0.082486551105797973
xerces,172,62172,1673,0.013150029886431561,,0.091452480573819481
xerces,173,62173,1673,0.013747758517632994,,0.086072922893006582
xerces,174,62174,1673,0.011356843992827256,,0.088463837417812316
xerces,175,62175,1673,0.010759115361625823,,0.093843395098625229
xerces,176,62176,1673,0.008368200836820083,,0.081888822474596529
xerces,177,62177,1673,0.010759115361625823,,0.083682008368200833
xerces,178,62178,1673,0.0089659294680215183,,0.087866108786610872
xerces,179,62179,1673,0.0071727435744172148,,0.084877465630603707
xerces,180,62180,1673,0.008368200836820083,,0.087866108786610872
xerces,181,62181,1673,0.009563658099222952,,0.09025702331141662
xerces,182,62182,1673,0.015540944411237299,,0.093843395098625229
xerces,183,62183,1673,0.011356843992827256,,0.07830245068738792
xerces,184,62184,1673,0.011356843992827256,,0.083084279736999403
xerces,185,62185,1673,0.016138673042438732,,0.086670651524208012
xerces,186,62186,1673,0.0065750149432157803,,0.086072922893006582
xerces,187,62187,1673,0.011356843992827256,,0.084279736999402277
xerces,188,62188,1673,0.012552301255230125,,0.089659294680215176
xerces,189,62189,1673,0.014943215780035863,,0.089061566049013746
xerces,190,62190,1673,0.013150029886431561,,0.088463837417812316
xerces,191,62191,1673,0.012552301255230125,,0.083084279736999403
xerces,192,62192,1673,0.0089659294680215183,,0.07710699342498506
xerces,193,62193,1673,0.013150029886431561,,0.098027495517035268
xerces,194,62194,1673,0.010161386730424387,,0.092647937836222355
xerces,195,62195,1673,0.011954572624028692,,0.07830245068738792
xerces,196,62196,1673,0.011356843992827256,,0.082486551105797973
xerces,197,62197,1673,0.016138673042438732,,0.084279736999402277
xerces,198,62198,1673,0.0065750149432157803,,0.069336521219366412
xerces,199,62199,1673,0.010161386730424387,,0.094441123729826659
xerces,200,62200,1673,0.015540944411237299,,0.087268380155409442
xerces,201,62201,1673,0.014943215780035863,,0.084279736999402277
xerces,202,62202,1673,0.0059772863120143458,,0.079497907949790794
xerces,203,62203,1673,0.017334130304841603,,0.090854751942618051
xerces,204,62204,1673,0.011954572624028692,,0.084877465630603707
xerces,205,62205,1673,0.016736401673640166,,0.080095636580992224
xerces,206,62206,1673,0.011356843992827256,,0.079497907949790794
xerces,207,62207,1673,0.011954572624028692,,0.088463837417812316
xerces,208,62208,1673,0.012552301255230125,,0.07830245068738792
xerces,209,62209,1673,0.011954572624028692,,0.075313807531380755
xerces,210,62210,1673,0.010759115361625823,,0.084279736999402277
xerces,211,62211,1673,0.011954572624028692,,0.092647937836222355
xerces,212,62212,1673,0.013747758517632994,,0.086670651524208012
xerces,213,62213,1673,0.010759115361625823,,0.071727435744172147
xerces,214,62214,1673,0.010759115361625823,,0.094441123729826659
xerces,215,62215,1673,0.009563658099222952,,0.073520621637776451
xerces,216,62216,1673,0.011356843992827256,,0.081888822474596529
xerces,217,62217,1673,0.010161386730424387,,0.084877465630603707
xerces,218,62218,1673,0.012552301255230125,,0.083682008368200833
xerces,219,62219,1673,0.01434548714883443,,0.087866108786610872
xerces,220,62220,1673,0.010161386730424387,,0.099820681410639572
xerces,221,62221,1673,0.011356843992827256,,0.084877465630603707
xerces,222,62222,1673,0.010161386730424387,,0.080095636580992224
xerces,223,62223,1673,0.004781829049611476,,0.085475194261805137
xerces,224,62224,1673,0.008368200836820083,,0.087268380155409442
xerces,225,62225,1673,0.0071727435744172148,,0.092050209205020925
xerces,226,62226,1673,0.011356843992827256,,0.078900179318589364
xerces,227,62227,1673,0.0077704722056186493,,0.086072922893006582
xerces,228,62228,1673,0.011954572624028692,,0.083682008368200833
xerces,229,62229,1673,0.010161386730424387,,0.073520621637776451
xerces,230,62230,1673,0.009563658099222952,,0.090854751942618051
xerces,231,62231,1673,0.012552301255230125,,0.100418410041841
xerces,232,62232,1673,0.012552301255230125,,0.081291093843395099
xerces,233,62233,1673,0.016138673042438732,,0.096832038254632394
xerces,234,62234,1673,0.013150029886431561,,0.093843395098625229
xerces,235,62235,1673,0.017334130304841603,,0.094441123729826659
xerces,236,62236,1673,0.0065750149432157803,,0.083084279736999403
xerces,237,62237,1673,0.011954572624028692,,0.080095636580992224
xerces,238,62238,1673,0.015540944411237299,,0.093245666467423785
xerces,239,62239,1673,0.010759115361625823,,0.098027495517035268
xerces,240,62240,1673,0.0077704722056186493,,0.087866108786610872
xerces,241,62241,1673,0.0089659294680215183,,0.073520621637776451
xerces,242,62242,1673,0.009563658099222952,,0.079497907949790794
xerces,243,62243,1673,0.010759115361625823,,0.088463837417812316
xerces,244,62244,1673,0.013150029886431561,,0.087268380155409442
xerces,245,62245,1673,0.010759115361625823,,0.094441123729826659
xerces,246,62246,1673,0.011954572624028692,,0.089659294680215176
xerces,247,62247,1673,0.0077704722056186493,,0.085475194261805137
xerces,248,62248,1673,0.012552301255230125,,0.096234309623430964
xerces,249,62249,1673,0.011954572624028692,,0.084279736999402277
xerces,250,62250,1673,0.015540944411237299,,0.075911536162582186
xerces,251,62251,1673,0.0077704722056186493,,0.080693365212193668
xerces,252,62252,1673,0.011954572624028692,,0.090854751942618051
xerces,253,62253,1673,0.013747758517632994,,0.088463837417812316
xerces,254,62254,1673,0.012552301255230125,,0.078900179318589364
xerces,255,62255,1673,0.013747758517632994,,0.075911536162582186
xerces,256,62256,1673,0.012552301255230125,,0.084279736999402277
xerces,257,62257,1673,0.011356843992827256,,0.095038852361028089
xerces,258,62258,1673,0.010161386730424387,,0.089061566049013746
xerces,259,62259,1673,0.011356843992827256,,0.093843395098625229
xerces,260,62260,1673,0.01434548714883443,,0.087268380155409442
xerces,261,62261,1673,0.013150029886431561,,0.076509264793783616
xerces,262,62262,1673,0.0059772863120143458,,0.080693365212193668
xerces,263,62263,1673,0.0089659294680215183,,0.081291093843395099
xerces,264,62264,1673,0.010161386730424387,,0.087866108786610872
xerces,265,62265,1673,0.010161386730424387,,0.083084279736999403
xerces,266,62266,1673,0.010161386730424387,,0.087268380155409442
xerces,267,62267,1673,0.013747758517632994,,0.083084279736999403
xerces,268,62268,1673,0.013150029886431561,,0.087268380155409442
xerces,269,62269,1673,0.0065750149432157803,,0.084279736999402277
xerces,270,62270,1673,0.010161386730424387,,0.089061566049013746
xerces,271,62271,1673,0.010759115361625823,,0.093245666467423785
xerces,272,62272,1673,0.004781829049611476,,0.085475194261805137
xerces,273,62273,1673,0.016138673042438732,,0.093843395098625229
xerces,274,62274,1673,0.011954572624028692,,0.068738792588164968
xerces,275,62275,1673,0.010161386730424387,,0.091452480573819481
xerces,276,62276,1673,0.013150029886431561,,0.093245666467423785
xerces,277,62277,1673,0.008368200836820083,,0.084877465630603707
xerces,278,62278,1673,0.012552301255230125,,0.09025702331141662
xerces,279,62279,1673,0.013150029886431561,,0.086670651524208012
xerces,280,62280,1673,0.011954572624028692,,0.086072922893006582
xerces,281,62281,1673,0.010161386730424387,,0.079497907949790794
xerces,282,62282,1673,0.010759115361625823,,0.090854751942618051
xerces,283,62283,1673,0.011356843992827256,,0.073520621637776451
xerces,284,62284,1673,0.016736401673640166,,0.081291093843395099
xerces,285,62285,1673,0.011356843992827256,,0.089061566049013746
xerces,286,62286,1673,0.0089659294680215183,,0.084877465630603707
xerces,287,62287,1673,0.012552301255230125,,0.09025702331141662
xerces,288,62288,1673,0.01434548714883443,,0.093843395098625229
xerces,289,62289,1673,0.011954572624028692,,0.086670651524208012
xerces,290,62290,1673,0.011954572624028692,,0.074118350268977881
xerces,291,62291,1673,0.012552301255230125,,0.096832038254632394
xerces,292,62292,1673,0.013150029886431561,,0.092647937836222355
xerces,293,62293,1673,0.009563658099222952,,0.088463837417812316
xerces,294,62294,1673,0.013150029886431561,,0.087268380155409442
xerces,295,62295,1673,0.011356843992827256,,0.083682008368200833
xerces,296,62296,1673,0.015540944411237299,,0.10221159593544531
xerces,297,62297,1673,0.011954572624028692,,0.09025702331141662
xerces,298,62298,1673,0.012552301255230125,,0.089659294680215176
xerces,299,62299,1673,0.010759115361625823,,0.080095636580992224
xerces,300,62300,1673,0.0065750149432157803,,0.081291093843395099
xerces,301,62301,1673,0.011356843992827256,,0.079497907949790794
xerces,302,62302,1673,0.012552301255230125,,0.086072922893006582
xerces,303,62303,1673,0.008368200836820083,,0.086670651524208012
xerces,304,62304,1673,0.015540944411237299,,0.081888822474596529
xerces,305,62305,1673,0.013747758517632994,,0.086072922893006582
xerces,306,62306,1673,0.01434548714883443,,0.096234309623430964
xerces,307,62307,1673,0.013150029886431561,,0.086670651524208012
xerces,308,62308,1673,0.0077704722056186493,,0.096832038254632394
xerces,309,62309,1673,0.011356843992827256,,0.087866108786610872
xerces,310,62310,1673,0.013150029886431561,,0.083682008368200833
xerces,311,62311,1673,0.0089659294680215183,,0.094441123729826659
xerces,312,62312,1673,0.011954572624028692,,0.089659294680215176
xerces,313,62313,1673,0.0089659294680215183,,0.092050209205020925
xerces,314,62314,1673,0.016138673042438732,,0.09025702331141662
xerces,315,62315,1673,0.011954572624028692,,0.083682008368200833
xerces,316,62316,1673,0.013747758517632994,,0.093245666467423785
xerces,317,62317,1673,0.010759115361625823,,0.081888822474596529
xerces,318,62318,1673,0.0071727435744172148,,0.094441123729826659
xerces,319,62319,1673,0.008368200836820083,,0.090854751942618051
xerces,320,62320,1673,0.0071727435744172148,,0.082486551105797973
xerces,321,62321,1673,0.013150029886431561,,0.083084279736999403
xerces,322,62322,1673,0.010759115361625823,,0.093245666467423785
xerces,323,62323,1673,0.014943215780035863,,0.084877465630603707
xerces,324,62324,1673,0.010759115361625823,,0.091452480573819481
xerces,325,62325,1673,0.009563658099222952,,0.074118350268977881
xerces,326,62326,1673,0.012552301255230125,,0.092647937836222355
xerces,327,62327,1673,0.013747758517632994,,0.09025702331141662
xerces,328,62328,1673,0.011356843992827256,,0.087268380155409442
xerces,329,62329,1673,0.013150029886431561,,0.089659294680215176
xerces,330,62330,1673,0.0089659294680215183,,0.083084279736999403
xerces,331,62331,1673,0.012552301255230125,,0.093843395098625229
xerces,332,62332,1673,0.009563658099222952,,0.074118350268977881
xerces,333,62333,1673,0.016736401673640166,,0.086670651524208012
xerces,334,62334,1673,0.0065750149432157803,,0.076509264793783616
xerces,335,62335,1673,0.014943215780035863,,0.089659294680215176
xerces,336,62336,1673,0.012552301255230125,,0.09025702331141662
xerces,337,62337,1673,0.008368200836820083,,0.073520621637776451
xerces,338,62338,1673,0.010759115361625823,,0.072325164375373577
xerces,339,62339,1673,0.008368200836820083,,0.079497907949790794
xerces,340,62340,1673,0.017334130304841603,,0.083682008368200833
xerces,341,62341,1673,0.017334130304841603,,0.09025702331141662
xerces,342,62342,1673,0.010759115361625823,,0.088463837417812316
xerces,343,62343,1673,0.012552301255230125,,0.086072922893006582
xerces,344,62344,1673,0.011954572624028692,,0.092050209205020925
xerces,345,62345,1673,0.013747758517632994,,0.078900179318589364
xerces,346,62346,1673,0.011356843992827256,,0.087268380155409442
xerces,347,62347,1673,0.01434548714883443,,0.092050209205020925
xerces,348,62348,1673,0.010759115361625823,,0.096832038254632394
xerces,349,62349,1673,0.010759115361625823,,0.090854751942618051
xerces,350,62350,1673,0.010161386730424387,,0.094441123729826659
xerces,351,62351,1673,0.0077704722056186493,,0.086072922893006582
xerces,352,62352,1673,0.013150029886431561,,0.080095636580992224
xerces,353,62353,1673,0.011356843992827256,,0.07830245068738792
xerces,354,62354,1673,0.013747758517632994,,0.094441123729826659
xerces,355,62355,1673,0.010759115361625823,,0.093245666467423785
xerces,356,62356,1673,0.012552301255230125,,0.080095636580992224
xerces,357,62357,1673,0.0077704722056186493,,0.07710699342498506
xerces,358,62358,1673,0.010759115361625823,,0.10101613867304243
xerces,359,62359,1673,0.011356843992827256,,0.086072922893006582
xerces,360,62360,1673,0.01434548714883443,,0.092647937836222355
xerces,361,62361,1673,0.010759115361625823,,0.091452480573819481
xerces,362,62362,1673,0.010161386730424387,,0.086670651524208012
xerces,363,62363,1673,0.013747758517632994,,0.089061566049013746
xerces,364,62364,1673,0.010161386730424387,,0.078900179318589364
xerces,365,62365,1673,0.012552301255230125,,0.084279736999402277
xerces,366,62366,1673,0.012552301255230125,,0.084877465630603707
xerces,367,62367,1673,0.011954572624028692,,0.084279736999402277
xerces,368,62368,1673,0.013747758517632994,,0.083084279736999403
xerces,369,62369,1673,0.01434548714883443,,0.094441123729826659
xerces,370,62370,1673,0.020322773460848775,,0.090854751942618051
xerces,371,62371,1673,0.013747758517632994,,0.083084279736999403
xerces,372,62372,1673,0.012552301255230125,,0.09025702331141662
xerces,373,62373,1673,0.011954572624028692,,0.10759115361625822
xerces,374,62374,1673,0.010759115361625823,,0.084877465630603707
xerces,375,62375,1673,0.011954572624028692,,0.098625224148236698
xerces,376,62376,1673,0.010759115361625823,,0.080095636580992224
xerces,377,62377,1673,0.01434548714883443,,0.083682008368200833
xerces,378,62378,1673,0.009563658099222952,,0.094441123729826659
xerces,379,62379,1673,0.010161386730424387,,0.084279736999402277
xerces,380,62380,1673,0.008368200836820083,,0.080095636580992224
xerces,381,62381,1673,0.010161386730424387,,0.095636580992229533
xerces,382,62382,1673,0.0089659294680215183,,0.094441123729826659
xerces,383,62383,1673,0.012552301255230125,,0.095038852361028089
xerces,384,62384,1673,0.01434548714883443,,0.089061566049013746
xerces,385,62385,1673,0.0089659294680215183,,0.095038852361028089
xerces,386,62386,1673,0.011356843992827256,,0.087866108786610872
xerces,387,62387,1673,0.008368200836820083,,0.083084279736999403
xerces,388,62388,1673,0.01434548714883443,,0.10639569635385535
xerces,389,62389,1673,0.008368200836820083,,0.079497907949790794
xerces,390,62390,1673,0.012552301255230125,,0.09025702331141662
xerces,391,62391,1673,0.012552301255230125,,0.07830245068738792
xerces,392,62392,1673,0.012552301255230125,,0.100418410041841
xerces,393,62393,1673,0.011356843992827256,,0.087268380155409442
xerces,394,62394,1673,0.010759115361625823,,0.088463837417812316
xerces,395,62395,1673,0.012552301255230125,,0.09025702331141662
xerces,396,62396,1673,0.012552301255230125,,0.078900179318589364
xerces,397,62397,1673,0.011356843992827256,,0.087866108786610872
xerces,398,62398,1673,0.011356843992827256,,0.086670651524208012
xerces,399,62399,1673,0.010759115361625823,,0.084877465630603707
xerces,400,62400,1673,0.013150029886431561,,0.092050209205020925
xerces,401,62401,1673,0.011356843992827256,,0.087268380155409442
xerces,402,62402,1673,0.010161386730424387,,0.085475194261805137
xerces,403,62403,1673,0.017334130304841603,,0.07770472205618649
xerces,404,62404,1673,0.010161386730424387,,0.074118350268977881
xerces,405,62405,1673,0.0089659294680215183,,0.083682008368200833
xerces,406,62406,1673,0.017931858936043037,,0.075911536162582186
xerces,407,62407,1673,0.012552301255230125,,0.092050209205020925
xerces,408,62408,1673,0.011356843992827256,,0.074716078900179325
xerces,409,62409,1673,0.010759115361625823,,0.088463837417812316
xerces,410,62410,1673,0.011954572624028692,,0.092647937836222355
xerces,411,62411,1673,0.009563658099222952,,0.084877465630603707
xerces,412,62412,1673,0.013747758517632994,,0.082486551105797973
xerces,413,62413,1673,0.013747758517632994,,0.094441123729826659
xerces,414,62414,1673,0.0065750149432157803,,0.084877465630603707
xerces,415,62415,1673,0.011954572624028692,,0.078900179318589364
xerces,416,62416,1673,0.011954572624028692,,0.095038852361028089
xerces,417,62417,1673,0.011954572624028692,,0.09025702331141662
xerces,418,62418,1673,0.011954572624028692,,0.093245666467423785
xerces,419,62419,1673,0.011356843992827256,,0.089061566049013746
xerces,420,62420,1673,0.009563658099222952,,0.092647937836222355
xerces,421,62421,1673,0.0089659294680215183,,0.075911536162582186
xerces,422,62422,1673,0.0077704722056186493,,0.072922893006575021
xerces,423,62423,1673,0.008368200836820083,,0.091452480573819481
xerces,424,62424,1673,0.011356843992827256,,0.087866108786610872
xerces,425,62425,1673,0.013747758517632994,,0.089061566049013746
xerces,426,62426,1673,0.01852958756724447,,0.097429766885833838
xerces,427,62427,1673,0.011954572624028692,,0.091452480573819481
xerces,428,62428,1673,0.011954572624028692,,0.091452480573819481
xerces,429,62429,1673,0.016138673042438732,,0.090854751942618051
xerces,430,62430,1673,0.013747758517632994,,0.092647937836222355
xerces,431,62431,1673,0.011356843992827256,,0.080095636580992224
xerces,432,62432,1673,0.013150029886431561,,0.093245666467423785
xerces,433,62433,1673,0.0077704722056186493,,0.087866108786610872
xerces,434,62434,1673,0.01434548714883443,,0.086670651524208012
xerces,435,62435,1673,0.011356843992827256,,0.074118350268977881
xerces,436,62436,1673,0.010759115361625823,,0.089061566049013746
xerces,437,62437,1673,0.0071727435744172148,,0.075313807531380755
xerces,438,62438,1673,0.011954572624028692,,0.099222952779438128
xerces,439,62439,1673,0.013150029886431561,,0.10101613867304243
xerces,440,62440,1673,0.0089659294680215183,,0.084877465630603707
xerces,441,62441,1673,0.011356843992827256,,0.080095636580992224
xerces,442,62442,1673,0.009563658099222952,,0.092647937836222355
xerces,443,62443,1673,0.0077704722056186493,,0.088463837417812316
xerces,444,62444,1673,0.013747758517632994,,0.084279736999402277
xerces,445,62445,1673,0.010161386730424387,,0.090854751942618051
xerces,446,62446,1673,0.0089659294680215183,,0.087866108786610872
xerces,447,62447,1673,0.01434548714883443,,0.089659294680215176
xerces,448,62448,1673,0.0077704722056186493,,0.093245666467423785
xerces,449,62449,1673,0.011356843992827256,,0.083084279736999403
xerces,450,62450,1673,0.009563658099222952,,0.087866108786610872
xerces,451,62451,1673,0.011954572624028692,,0.074716078900179325
xerces,452,62452,1673,0.010161386730424387,,0.093245666467423785
xerces,453,62453,1673,0.0077704722056186493,,0.087268380155409442
xerces,454,62454,1673,0.013747758517632994,,0.09025702331141662
xerces,455,62455,1673,0.011356843992827256,,0.079497907949790794
xerces,456,62456,1673,0.012552301255230125,,0.086072922893006582
xerces,457,62457,1673,0.017931858936043037,,0.082486551105797973
xerces,458,62458,1673,0.017334130304841603,,0.10221159593544531
xerces,459,62459,1673,0.013747758517632994,,0.092050209205020925
xerces,460,62460,1673,0.014943215780035863,,0.07770472205618649
xerces,461,62461,1673,0.014943215780035863,,0.087866108786610872
xerces,462,62462,1673,0.009563658099222952,,0.087268380155409442
xerces,463,62463,1673,0.008368200836820083,,0.081888822474596529
xerces,464,62464,1673,0.011954572624028692,,0.085475194261805137
xerces,465,62465,1673,0.0089659294680215183,,0.076509264793783616
xerces,466,62466,1673,0.0077704722056186493,,0.081888822474596529
xerces,467,62467,1673,0.016138673042438732,,0.09025702331141662
xerces,468,62468,1673,0.011954572624028692,,0.088463837417812316
xerces,469,62469,1673,0.0065750149432157803,,0.075313807531380755
xerces,470,62470,1673,0.0071727435744172148,,0.083084279736999403
xerces,471,62471,1673,0.011954572624028692,,0.074716078900179325
xerces,472,62472,1673,0.012552301255230125,,0.087866108786610872
xerces,473,62473,1673,0.010759115361625823,,0.085475194261805137
xerces,474,62474,1673,0.01434548714883443,,0.10340705319784818
xerces,475,62475,1673,0.010161386730424387,,0.088463837417812316
xerces,476,62476,1673,0.01434548714883443,,0.086670651524208012
xerces,477,62477,1673,0.013747758517632994,,0.098027495517035268
xerces,478,62478,1673,0.010759115361625823,,0.079497907949790794
xerces,479,62479,1673,0.009563658099222952,,0.10340705319784818
xerces,480,62480,1673,0.0071727435744172148,,0.091452480573819481
xerces,481,62481,1673,0.010759115361625823,,0.084877465630603707
xerces,482,62482,1673,0.013747758517632994,,0.085475194261805137
xerces,483,62483,1673,0.013747758517632994,,0.086072922893006582
xerces,484,62484,1673,0.009563658099222952,,0.080693365212193668
xerces,485,62485,1673,0.011356843992827256,,0.085475194261805137
xerces,486,62486,1673,0.0077704722056186493,,0.095038852361028089
xerces,487,62487,1673,0.008368200836820083,,0.075313807531380755
xerces,488,62488,1673,0.010161386730424387,,0.086072922893006582
xerces,489,62489,1673,0.008368200836820083,,0.071727435744172147
xerces,490,62490,1673,0.010161386730424387,,0.089061566049013746
xerces,491,62491,1673,0.01434548714883443,,0.085475194261805137
xerces,492,62492,1673,0.01434548714883443,,0.088463837417812316
xerces,493,62493,1673,0.017931858936043037,,0.089061566049013746
xerces,494,62494,1673,0.01434548714883443,,0.091452480573819481
xerces,495,62495,1673,0.011954572624028692,,0.086072922893006582
xerces,496,62496,1673,0.012552301255230125,,0.089061566049013746
xerces,497,62497,1673,0.011954572624028692,,0.076509264793783616
xerces,498,62498,1673,0.0089659294680215183,,0.083084279736999403
xerces,499,62499,1673,0.011954572624028692,,0.090854751942618051
xerces,500,62500,1673,0.01434548714883443,,0.092647937836222355
xerces,501,62501,1673,0.013747758517632994,,0.095636580992229533
xerces,502,62502,1673,0.009563658099222952,,0.089061566049013746
xerces,503,62503,1673,0.011954572624028692,,0.089659294680215176
xerces,504,62504,1673,0.012552301255230125,,0.082486551105797973
xerces,505,62505,1673,0.011954572624028692,,0.091452480573819481
xerces,506,62506,1673,0.009563658099222952,,0.073520621637776451
xerces,507,62507,1673,0.011356843992827256,,0.086670651524208012
xerces,508,62508,1673,0.013747758517632994,,0.087866108786610872
xerces,509,62509,1673,0.011356843992827256,,0.09025702331141662
xerces,510,62510,1673,0.012552301255230125,,0.086072922893006582
xerces,511,62511,1673,0.011954572624028692,,0.09025702331141662
xerces,512,62512,1673,0.0089659294680215183,,0.093245666467423785
xerces,513,62513,1673,0.010161386730424387,,0.086670651524208012
xerces,514,62514,1673,0.009563658099222952,,0.088463837417812316
xerces,515,62515,1673,0.011356843992827256,,0.080693365212193668
xerces,516,62516,1673,0.0077704722056186493,,0.093245666467423785
xerces,517,62517,1673,0.009563658099222952,,0.07710699342498506
xerces,518,62518,1673,0.011954572624028692,,0.080095636580992224
xerces,519,62519,1673,0.011356843992827256,,0.086670651524208012
xerces,520,62520,1673,0.013747758517632994,,0.081888822474596529
xerces,521,62521,1673,0.017334130304841603,,0.093245666467423785
xerces,522,62522,1673,0.012552301255230125,,0.075313807531380755
xerces,523,62523,1673,0.01434548714883443,,0.088463837417812316
xerces,524,62524,1673,0.011954572624028692,,0.080693365212193668
xerces,525,62525,1673,0.010161386730424387,,0.081291093843395099
xerces,526,62526,1673,0.015540944411237299,,0.10340705319784818
xerces,527,62527,1673,0.010161386730424387,,0.089061566049013746
xerces,528,62528,1673,0.013150029886431561,,0.089061566049013746
xerces,529,62529,1673,0.0077704722056186493,,0.086670651524208012
xerces,530,62530,1673,0.008368200836820083,,0.084877465630603707
xerces,531,62531,1673,0.0077704722056186493,,0.087866108786610872
xerces,532,62532,1673,0.011356843992827256,,0.088463837417812316
xerces,533,62533,1673,0.0089659294680215183,,0.090854751942618051
xerces,534,62534,1673,0.013747758517632994,,0.07710699342498506
xerces,535,62535,1673,0.010161386730424387,,0.074716078900179325
xerces,536,62536,1673,0.010759115361625823,,0.084279736999402277
xerces,537,62537,1673,0.0077704722056186493,,0.096832038254632394
xerces,538,62538,1673,0.011954572624028692,,0.088463837417812316
xerces,539,62539,1673,0.011954572624028692,,0.07830245068738792
xerces,540,62540,1673,0.0089659294680215183,,0.087866108786610872
xerces,541,62541,1673,0.012552301255230125,,0.092050209205020925
xerces,542,62542,1673,0.010759115361625823,,0.089659294680215176
xerces,543,62543,1673,0.013747758517632994,,0.089061566049013746
xerces,544,62544,1673,0.010759115361625823,,0.083084279736999403
xerces,545,62545,1673,0.013150029886431561,,0.089061566049013746
xerces,546,62546,1673,0.013747758517632994,,0.089061566049013746
xerces,547,62547,1673,0.011356843992827256,,0.090854751942618051
xerces,548,62548,1673,0.0089659294680215183,,0.072922893006575021
xerces,549,62549,1673,0.010161386730424387,,0.083084279736999403
xerces,550,62550,1673,0.011954572624028692,,0.083084279736999403
xerces,551,62551,1673,0.013150029886431561,,0.078900179318589364
xerces,552,62552,1673,0.0089659294680215183,,0.083084279736999403
xerces,553,62553,1673,0.010759115361625823,,0.081888822474596529
xerces,554,62554,1673,0.012552301255230125,,0.089659294680215176
xerces,555,62555,1673,0.011954572624028692,,0.093843395098625229
xerces,556,62556,1673,0.012552301255230125,,0.082486551105797973
xerces,557,62557,1673,0.010161386730424387,,0.07710699342498506
xerces,558,62558,1673,0.008368200836820083,,0.082486551105797973
xerces,559,62559,1673,0.014943215780035863,,0.082486551105797973
xerces,560,62560,1673,0.013150029886431561,,0.089061566049013746
xerces,561,62561,1673,0.009563658099222952,,0.086072922893006582
xerces,562,62562,1673,0.013150029886431561,,0.097429766885833838
xerces,563,62563,1673,0.011356843992827256,,0.093843395098625229
xerces,564,62564,1673,0.0065750149432157803,,0.073520621637776451
xerces,565,62565,1673,0.015540944411237299,,0.09025702331141662
xerces,566,62566,1673,0.011954572624028692,,0.07770472205618649
xerces,567,62567,1673,0.013150029886431561,,0.079497907949790794
xerces,568,62568,1673,0.01434548714883443,,0.096234309623430964
xerces,569,62569,1673,0.011356843992827256,,0.090854751942618051
xerces,570,62570,1673,0.01434548714883443,,0.094441123729826659
xerces,571,62571,1673,0.011356843992827256,,0.083084279736999403
xerces,572,62572,1673,0.011954572624028692,,0.082486551105797973
xerces,573,62573,1673,0.010161386730424387,,0.084279736999402277
xerces,574,62574,1673,0.009563658099222952,,0.091452480573819481
xerces,575,62575,1673,0.0077704722056186493,,0.07830245068738792
xerces,576,62576,1673,0.01434548714883443,,0.092050209205020925
xerces,577,62577,1673,0.011954572624028692,,0.087866108786610872
xerces,578,62578,1673,0.011356843992827256,,0.099222952779438128
xerces,579,62579,1673,0.01434548714883443,,0.087866108786610872
xerces,580,62580,1673,0.011954572624028692,,0.092050209205020925
xerces,581,62581,1673,0.008368200836820083,,0.083084279736999403
xerces,582,62582,1673,0.011954572624028692,,0.087268380155409442
xerces,583,62583,1673,0.012552301255230125,,0.099222952779438128
xerces,584,62584,1673,0.011954572624028692,,0.081888822474596529
xerces,585,62585,1673,0.011954572624028692,,0.089659294680215176
xerces,586,62586,1673,0.017334130304841603,,0.096234309623430964
xerces,587,62587,1673,0.008368200836820083,,0.086670651524208012
xerces,588,62588,1673,0.010759115361625823,,0.070531978481769272
xerces,589,62589,1673,0.0077704722056186493,,0.083682008368200833
xerces,590,62590,1673,0.0065750149432157803,,0.093843395098625229
xerces,591,62591,1673,0.010759115361625823,,0.10460251046025104
xerces,592,62592,1673,0.013150029886431561,,0.095038852361028089
xerces,593,62593,1673,0.0089659294680215183,,0.090854751942618051
xerces,594,62594,1673,0.013150029886431561,,0.091452480573819481
xerces,595,62595,1673,0.010161386730424387,,0.071727435744172147
xerces,596,62596,1673,0.01434548714883443,,0.089659294680215176
xerces,597,62597,1673,0.009563658099222952,,0.086670651524208012
xerces,598,62598,1673,0.013150029886431561,,0.087866108786610872
xerces,599,62599,1673,0.011356843992827256,,0.084877465630603707
xerces,600,62600,1673,0.010759115361625823,,0.09025702331141662
xerces,601,62601,1673,0.013150029886431561,,0.084877465630603707
xerces,602,62602,1673,0.016736401673640166,,0.085475194261805137
xerces,603,62603,1673,0.012552301255230125,,0.07770472205618649
xerces,604,62604,1673,0.013150029886431561,,0.07770472205618649
xerces,605,62605,1673,0.015540944411237299,,0.084279736999402277
xerces,606,62606,1673,0.010161386730424387,,0.078900179318589364
xerces,607,62607,1673,0.010759115361625823,,0.081888822474596529
xerces,608,62608,1673,0.008368200836820083,,0.087866108786610872
xerces,609,62609,1673,0.011356843992827256,,0.088463837417812316
xerces,610,62610,1673,0.010161386730424387,,0.092647937836222355
xerces,611,62611,1673,0.010161386730424387,,0.086670651524208012
xerces,612,62612,1673,0.010759115361625823,,0.078900179318589364
xerces,613,62613,1673,0.011954572624028692,,0.091452480573819481
xerces,614,62614,1673,0.0089659294680215183,,0.073520621637776451
xerces,615,62615,1673,0.01434548714883443,,0.088463837417812316
xerces,616,62616,1673,0.017334130304841603,,0.095038852361028089
xerces,617,62617,1673,0.009563658099222952,,0.081291093843395099
xerces,618,62618,1673,0.010161386730424387,,0.088463837417812316
xerces,619,62619,1673,0.012552301255230125,,0.078900179318589364
xerces,620,62620,1673,0.012552301255230125,,0.083682008368200833
xerces,621,62621,1673,0.014943215780035863,,0.083084279736999403
xerces,622,62622,1673,0.0053795576808129113,,0.092050209205020925
xerces,623,62623,1673,0.012552301255230125,,0.089659294680215176
xerces,624,62624,1673,0.011954572624028692,,0.087866108786610872
xerces,625,62625,1673,0.015540944411237299,,0.096234309623430964
xerces,626,62626,1673,0.011954572624028692,,0.10101613867304243
xerces,627,62627,1673,0.015540944411237299,,0.093245666467423785
xerces,628,62628,1673,0.010161386730424387,,0.07710699342498506
xerces,629,62629,1673,0.008368200836820083,,0.09025702331141662
xerces,630,62630,1673,0.009563658099222952,,0.087268380155409442
xerces,631,62631,1673,0.013150029886431561,,0.075313807531380755
xerces,632,62632,1673,0.011954572624028692,,0.084877465630603707
xerces,633,62633,1673,0.0065750149432157803,,0.084279736999402277
xerces,634,62634,1673,0.0089659294680215183,,0.086072922893006582
xerces,635,62635,1673,0.0089659294680215183,,0.075313807531380755
xerces,636,62636,1673,0.01434548714883443,,0.092647937836222355
xerces,637,62637,1673,0.011356843992827256,,0.081888822474596529
xerces,638,62638,1673,0.009563658099222952,,0.083084279736999403
xerces,639,62639,1673,0.01852958756724447,,0.083682008368200833
xerces,640,62640,1673,0.010161386730424387,,0.07770472205618649
xerces,641,62641,1673,0.008368200836820083,,0.093245666467423785
xerces,642,62642,1673,0.011954572624028692,,0.080095636580992224
xerces,643,62643,1673,0.0089659294680215183,,0.076509264793783616
xerces,644,62644,1673,0.0077704722056186493,,0.083084279736999403
xerces,645,62645,1673,0.010759115361625823,,0.096832038254632394
xerces,646,62646,1673,0.0089659294680215183,,0.092647937836222355
xerces,647,62647,1673,0.010759115361625823,,0.086072922893006582
xerces,648,62648,1673,0.015540944411237299,,0.10101613867304243
xerces,649,62649,1673,0.0089659294680215183,,0.09025702331141662
xerces,650,62650,1673,0.012552301255230125,,0.10280932456664674
xerces,651,62651,1673,0.011954572624028692,,0.080095636580992224
xerces,652,62652,1673,0.010161386730424387,,0.089061566049013746
xerces,653,62653,1673,0.010759115361625823,,0.080693365212193668
xerces,654,62654,1673,0.011954572624028692,,0.081888822474596529
xerces,655,62655,1673,0.01434548714883443,,0.092050209205020925
xerces,656,62656,1673,0.012552301255230125,,0.092647937836222355
xerces,657,62657,1673,0.012552301255230125,,0.07770472205618649
xerces,658,62658,1673,0.0071727435744172148,,0.080095636580992224
xerces,659,62659,1673,0.008368200836820083,,0.092050209205020925
xerces,660,62660,1673,0.013150029886431561,,0.086670651524208012
xerces,661,62661,1673,0.013150029886431561,,0.091452480573819481
xerces,662,62662,1673,0.010759115361625823,,0.080693365212193668
xerces,663,62663,1673,0.008368200836820083,,0.069336521219366412
xerces,664,62664,1673,0.013150029886431561,,0.080095636580992224
xerces,665,62665,1673,0.010161386730424387,,0.084877465630603707
xerces,666,62666,1673,0.011954572624028692,,0.07710699342498506
xerces,667,62667,1673,0.012552301255230125,,0.093843395098625229
xerces,668,62668,1673,0.014943215780035863,,0.09025702331141662
xerces,669,62669,1673,0.0089659294680215183,,0.084877465630603707
xerces,670,62670,1673,0.019725044829647341,,0.10280932456664674
xerces,671,62671,1673,0.01434548714883443,,0.091452480573819481
xerces,672,62672,1673,0.011356843992827256,,0.080095636580992224
xerces,673,62673,1673,0.012552301255230125,,0.086670651524208012
xerces,674,62674,1673,0.009563658099222952,,0.090854751942618051
xerces,675,62675,1673,0.013150029886431561,,0.084877465630603707
xerces,676,62676,1673,0.009563658099222952,,0.083682008368200833
xerces,677,62677,1673,0.014943215780035863,,0.07710699342498506
xerces,678,62678,1673,0.013747758517632994,,0.094441123729826659
xerces,679,62679,1673,0.009563658099222952,,0.082486551105797973
xerces,680,62680,1673,0.009563658099222952,,0.081888822474596529
xerces,681,62681,1673,0.010161386730424387,,0.092647937836222355
xerces,682,62682,1673,0.017931858936043037,,0.097429766885833838
xerces,683,62683,1673,0.0077704722056186493,,0.092647937836222355
xerces,684,62684,1673,0.010161386730424387,,0.085475194261805137
xerces,685,62685,1673,0.01434548714883443,,0.086670651524208012
xerces,686,62686,1673,0.016736401673640166,,0.093843395098625229
xerces,687,62687,1673,0.012552301255230125,,0.091452480573819481
xerces,688,62688,1673,0.004781829049611476,,0.096832038254632394
xerces,689,62689,1673,0.010759115361625823,,0.07770472205618649
xerces,690,62690,1673,0.013747758517632994,,0.085475194261805137
xerces,691,62691,1673,0.01434548714883443,,0.076509264793783616
xerces,692,62692,1673,0.010161386730424387,,0.081888822474596529
xerces,693,62693,1673,0.013747758517632994,,0.094441123729826659
xerces,694,62694,1673,0.0071727435744172148,,0.082486551105797973
xerces,695,62695,1673,0.009563658099222952,,0.064554692169754929
xerces,696,62696,1673,0.0071727435744172148,,0.083084279736999403
xerces,697,62697,1673,0.013747758517632994,,0.097429766885833838
xerces,698,62698,1673,0.010759115361625823,,0.082486551105797973
xerces,699,62699,1673,0.011356843992827256,,0.093245666467423785
xerces,700,62700,1673,0.01434548714883443,,0.081291093843395099
xerces,701,62701,1673,0.015540944411237299,,0.09025702331141662
xerces,702,62702,1673,0.008368200836820083,,0.078900179318589364
xerces,703,62703,1673,0.008368200836820083,,0.07710699342498506
xerces,704,62704,1673,0.011356843992827256,,0.095636580992229533
xerces,705,62705,1673,0.011954572624028692,,0.086072922893006582
xerces,706,62706,1673,0.009563658099222952,,0.089061566049013746
xerces,707,62707,1673,0.011954572624028692,,0.081291093843395099
xerces,708,62708,1673,0.010759115361625823,,0.089659294680215176
xerces,709,62709,1673,0.010161386730424387,,0.080693365212193668
xerces,710,62710,1673,0.011954572624028692,,0.096832038254632394
xerces,711,62711,1673,0.011954572624028692,,0.093245666467423785
xerces,712,62712,1673,0.010759115361625823,,0.082486551105797973
xerces,713,62713,1673,0.017931858936043037,,0.10938433950986252
xerces,714,62714,1673,0.010759115361625823,,0.075313807531380755
xerces,715,62715,1673,0.011954572624028692,,0.087268380155409442
xerces,716,62716,1673,0.011356843992827256,,0.082486551105797973
xerces,717,62717,1673,0.014943215780035863,,0.096234309623430964
xerces,718,62718,1673,0.0089659294680215183,,0.087268380155409442
xerces,719,62719,1673,0.017334130304841603,,0.09025702331141662
xerces,720,62720,1673,0.017931858936043037,,0.085475194261805137
xerces,721,62721,1673,0.010759115361625823,,0.085475194261805137
xerces,722,62722,1673,0.009563658099222952,,0.084877465630603707
xerces,723,62723,1673,0.014943215780035863,,0.085475194261805137
xerces,724,62724,1673,0.011356843992827256,,0.083084279736999403
xerces,725,62725,1673,0.015540944411237299,,0.083084279736999403
xerces,726,62726,1673,0.011356843992827256,,0.087866108786610872
xerces,727,62727,1673,0.0071727435744172148,,0.086670651524208012
xerces,728,62728,1673,0.011356843992827256,,0.081291093843395099
xerces,729,62729,1673,0.012552301255230125,,0.085475194261805137
xerces,730,62730,1673,0.015540944411237299,,0.090854751942618051
xerces,731,62731,1673,0.011954572624028692,,0.086072922893006582
xerces,732,62732,1673,0.012552301255230125,,0.10878661087866109
xerces,733,62733,1673,0.015540944411237299,,0.090854751942618051
xerces,734,62734,1673,0.010759115361625823,,0.089061566049013746
xerces,735,62735,1673,0.010161386730424387,,0.070531978481769272
xerces,736,62736,1673,0.0059772863120143458,,0.084877465630603707
xerces,737,62737,1673,0.011356843992827256,,0.098027495517035268
xerces,738,62738,1673,0.011356843992827256,,0.099820681410639572
xerces,739,62739,1673,0.012552301255230125,,0.09025702331141662
xerces,740,62740,1673,0.013747758517632994,,0.09025702331141662
xerces,741,62741,1673,0.009563658099222952,,0.084279736999402277
xerces,742,62742,1673,0.009563658099222952,,0.07710699342498506
xerces,743,62743,1673,0.012552301255230125,,0.088463837417812316
xerces,744,62744,1673,0.014943215780035863,,0.085475194261805137
xerces,745,62745,1673,0.011954572624028692,,0.07710699342498506
xerces,746,62746,1673,0.011356843992827256,,0.090854751942618051
xerces,747,62747,1673,0.016138673042438732,,0.084877465630603707
xerces,748,62748,1673,0.016736401673640166,,0.086072922893006582
xerces,749,62749,1673,0.010759115361625823,,0.087866108786610872
xerces,750,62750,1673,0.011356843992827256,,0.084877465630603707
xerces,751,62751,1673,0.010759115361625823,,0.086072922893006582
xerces,752,62752,1673,0.0089659294680215183,,0.078900179318589364
xerces,753,62753,1673,0.014943215780035863,,0.086670651524208012
xerces,754,62754,1673,0.0089659294680215183,,0.086670651524208012
xerces,755,62755,1673,0.013747758517632994,,0.10340705319784818
xerces,756,62756,1673,0.010759115361625823,,0.085475194261805137
xerces,757,62757,1673,0.014943215780035863,,0.082486551105797973
xerces,758,62758,1673,0.011356843992827256,,0.072922893006575021
xerces,759,62759,1673,0.01434548714883443,,0.081888822474596529
xerces,760,62760,1673,0.014943215780035863,,0.10101613867304243
xerces,761,62761,1673,0.012552301255230125,,0.089659294680215176
xerces,762,62762,1673,0.011954572624028692,,0.089659294680215176
xerces,763,62763,1673,0.010759115361625823,,0.080095636580992224
xerces,764,62764,1673,0.011954572624028692,,0.07770472205618649
xerces,765,62765,1673,0.008368200836820083,,0.07710699342498506
xerces,766,62766,1673,0.0077704722056186493,,0.083084279736999403
xerces,767,62767,1673,0.0077704722056186493,,0.075911536162582186
xerces,768,62768,1673,0.010759115361625823,,0.086072922893006582
xerces,769,62769,1673,0.010759115361625823,,0.094441123729826659
xerces,770,62770,1673,0.011954572624028692,,0.086670651524208012
xerces,771,62771,1673,0.011954572624028692,,0.09025702331141662
xerces,772,62772,1673,0.010759115361625823,,0.09025702331141662
xerces,773,62773,1673,0.008368200836820083,,0.084877465630603707
xerces,774,62774,1673,0.013150029886431561,,0.086670651524208012
xerces,775,62775,1673,0.014943215780035863,,0.092647937836222355
xerces,776,62776,1673,0.0071727435744172148,,0.080693365212193668
xerces,777,62777,1673,0.011356843992827256,,0.087866108786610872
xerces,778,62778,1673,0.0089659294680215183,,0.074716078900179325
xerces,779,62779,1673,0.013150029886431561,,0.086072922893006582
xerces,780,62780,1673,0.008368200836820083,,0.07770472205618649
xerces,781,62781,1673,0.014943215780035863,,0.082486551105797973
xerces,782,62782,1673,0.012552301255230125,,0.085475194261805137
xerces,783,62783,1673,0.008368200836820083,,0.084877465630603707
xerces,784,62784,1673,0.009563658099222952,,0.093843395098625229
xerces,785,62785,1673,0.0089659294680215183,,0.084877465630603707
xerces,786,62786,1673,0.014943215780035863,,0.09025702331141662
xerces,787,62787,1673,0.0059772863120143458,,0.080693365212193668
xerces,788,62788,1673,0.012552301255230125,,0.087866108786610872
xerces,789,62789,1673,0.0077704722056186493,,0.092050209205020925
xerces,790,62790,1673,0.010759115361625823,,0.089061566049013746
xerces,791,62791,1673,0.013150029886431561,,0.089061566049013746
xerces,792,62792,1673,0.0071727435744172148,,0.088463837417812316
xerces,793,62793,1673,0.012552301255230125,,0.088463837417812316
xerces,794,62794,1673,0.011954572624028692,,0.085475194261805137
xerces,795,62795,1673,0.010759115361625823,,0.071129707112970716
xerces,796,62796,1673,0.012552301255230125,,0.080693365212193668
xerces,797,62797,1673,0.012552301255230125,,0.097429766885833838
xerces,798,62798,1673,0.009563658099222952,,0.073520621637776451
xerces,799,62799,1673,0.012552301255230125,,0.098027495517035268
xerces,800,62800,1673,0.0089659294680215183,,0.091452480573819481
xerces,801,62801,1673,0.0077704722056186493,,0.072325164375373577
xerces,802,62802,1673,0.010161386730424387,,0.087866108786610872
xerces,803,62803,1673,0.011356843992827256,,0.087268380155409442
xerces,804,62804,1673,0.010759115361625823,,0.081888822474596529
xerces,805,62805,1673,0.0089659294680215183,,0.083682008368200833
xerces,806,62806,1673,0.010759115361625823,,0.084279736999402277
xerces,807,62807,1673,0.013747758517632994,,0.088463837417812316
xerces,808,62808,1673,0.0089659294680215183,,0.081888822474596529
xerces,809,62809,1673,0.014943215780035863,,0.089061566049013746
xerces,810,62810,1673,0.009563658099222952,,0.087866108786610872
xerces,811,62811,1673,0.013150029886431561,,0.083084279736999403
xerces,812,62812,1673,0.014943215780035863,,0.081888822474596529
xerces,813,62813,1673,0.015540944411237299,,0.089659294680215176
xerces,814,62814,1673,0.012552301255230125,,0.089061566049013746
xerces,815,62815,1673,0.009563658099222952,,0.086072922893006582
xerces,816,62816,1673,0.010161386730424387,,0.082486551105797973
xerces,817,62817,1673,0.010759115361625823,,0.083682008368200833
xerces,818,62818,1673,0.010759115361625823,,0.095038852361028089
xerces,819,62819,1673,0.0059772863120143458,,0.092647937836222355
xerces,820,62820,1673,0.013747758517632994,,0.095636580992229533
xerces,821,62821,1673,0.016736401673640166,,0.084877465630603707
xerces,822,62822,1673,0.011954572624028692,,0.091452480573819481
xerces,823,62823,1673,0.012552301255230125,,0.087268380155409442
xerces,824,62824,1673,0.010759115361625823,,0.082486551105797973
xerces,825,62825,1673,0.010759115361625823,,0.09025702331141662
xerces,826,62826,1673,0.010161386730424387,,0.094441123729826659
xerces,827,62827,1673,0.011954572624028692,,0.087268380155409442
xerces,828,62828,1673,0.013150029886431561,,0.098027495517035268
xerces,829,62829,1673,0.016736401673640166,,0.09025702331141662
xerces,830,62830,1673,0.011356843992827256,,0.10101613867304243
xerces,831,62831,1673,0.011356843992827256,,0.078900179318589364
xerces,832,62832,1673,0.014943215780035863,,0.098625224148236698
xerces,833,62833,1673,0.012552301255230125,,0.084877465630603707
xerces,834,62834,1673,0.008368200836820083,,0.087268380155409442
xerces,835,62835,1673,0.0077704722056186493,,0.091452480573819481
xerces,836,62836,1673,0.011954572624028692,,0.098625224148236698
xerces,837,62837,1673,0.009563658099222952,,0.082486551105797973
xerces,838,62838,1673,0.010759115361625823,,0.071129707112970716
xerces,839,62839,1673,0.010161386730424387,,0.07710699342498506
xerces,840,62840,1673,0.01434548714883443,,0.083084279736999403
xerces,841,62841,1673,0.0089659294680215183,,0.09025702331141662
xerces,842,62842,1673,0.010759115361625823,,0.076509264793783616
xerces,843,62843,1673,0.011356843992827256,,0.081888822474596529
xerces,844,62844,1673,0.0089659294680215183,,0.095038852361028089
xerces,845,62845,1673,0.011356843992827256,,0.07710699342498506
xerces,846,62846,1673,0.01434548714883443,,0.089061566049013746
xerces,847,62847,1673,0.011356843992827256,,0.075313807531380755
xerces,848,62848,1673,0.0071727435744172148,,0.096832038254632394
xerces,849,62849,1673,0.010759115361625823,,0.088463837417812316
xerces,850,62850,1673,0.013150029886431561,,0.089659294680215176
xerces,851,62851,1673,0.008368200836820083,,0.095636580992229533
xerces,852,62852,1673,0.012552301255230125,,0.093843395098625229
xerces,853,62853,1673,0.011954572624028692,,0.086072922893006582
xerces,854,62854,1673,0.010759115361625823,,0.067543335325762108
xerces,855,62855,1673,0.013747758517632994,,0.097429766885833838
xerces,856,62856,1673,0.010161386730424387,,0.080693365212193668
xerces,857,62857,1673,0.01434548714883443,,0.089659294680215176
xerces,858,62858,1673,0.0089659294680215183,,0.084279736999402277
xerces,859,62859,1673,0.012552301255230125,,0.099820681410639572
xerces,860,62860,1673,0.011356843992827256,,0.088463837417812316
xerces,861,62861,1673,0.014943215780035863,,0.084279736999402277
xerces,862,62862,1673,0.011356843992827256,,0.090854751942618051
xerces,863,62863,1673,0.0065750149432157803,,0.07830245068738792
xerces,864,62864,1673,0.010759115361625823,,0.087866108786610872
xerces,865,62865,1673,0.009563658099222952,,0.074118350268977881
xerces,866,62866,1673,0.010161386730424387,,0.089061566049013746
xerces,867,62867,1673,0.011356843992827256,,0.087866108786610872
xerces,868,62868,1673,0.008368200836820083,,0.091452480573819481
xerces,869,62869,1673,0.0077704722056186493,,0.086072922893006582
xerces,870,62870,1673,0.013747758517632994,,0.080693365212193668
xerces,871,62871,1673,0.010759115361625823,,0.094441123729826659
xerces,872,62872,1673,0.012552301255230125,,0.086670651524208012
xerces,873,62873,1673,0.0089659294680215183,,0.089659294680215176
xerces,874,62874,1673,0.010759115361625823,,0.07830245068738792
xerces,875,62875,1673,0.012552301255230125,,0.096832038254632394
xerces,876,62876,1673,0.008368200836820083,,0.084279736999402277
xerces,877,62877,1673,0.013150029886431561,,0.089659294680215176
xerces,878,62878,1673,0.017334130304841603,,0.086072922893006582
xerces,879,62879,1673,0.0089659294680215183,,0.093245666467423785
xerces,880,62880,1673,0.010759115361625823,,0.086072922893006582
xerces,881,62881,1673,0.011356843992827256,,0.081888822474596529
xerces,882,62882,1673,0.013150029886431561,,0.083682008368200833
xerces,883,62883,1673,0.012552301255230125,,0.089061566049013746
xerces,884,62884,1673,0.009563658099222952,,0.098625224148236698
xerces,885,62885,1673,0.009563658099222952,,0.075313807531380755
xerces,886,62886,1673,0.0089659294680215183,,0.084877465630603707
xerces,887,62887,1673,0.012552301255230125,,0.088463837417812316
xerces,888,62888,1673,0.011356843992827256,,0.07830245068738792
xerces,889,62889,1673,0.010161386730424387,,0.082486551105797973
xerces,890,62890,1673,0.013150029886431561,,0.092050209205020925
xerces,891,62891,1673,0.013150029886431561,,0.086670651524208012
xerces,892,62892,1673,0.010759115361625823,,0.086072922893006582
xerces,893,62893,1673,0.011954572624028692,,0.090854751942618051
xerces,894,62894,1673,0.011954572624028692,,0.088463837417812316
xerces,895,62895,1673,0.011954572624028692,,0.07770472205618649
xerces,896,62896,1673,0.011954572624028692,,0.085475194261805137
xerces,897,62897,1673,0.0071727435744172148,,0.092050209205020925
xerces,898,62898,1673,0.008368200836820083,,0.075313807531380755
xerces,899,62899,1673,0.011954572624028692,,0.087268380155409442
xerces,900,62900,1673,0.012552301255230125,,0.069934249850567842
xerces,901,62901,1673,0.011356843992827256,,0.085475194261805137
xerces,902,62902,1673,0.013150029886431561,,0.096832038254632394
xerces,903,62903,1673,0.0065750149432157803,,0.086072922893006582
xerces,904,62904,1673,0.010161386730424387,,0.086670651524208012
xerces,905,62905,1673,0.010759115361625823,,0.07770472205618649
xerces,906,62906,1673,0.016138673042438732,,0.083084279736999403
xerces,907,62907,1673,0.008368200836820083,,0.086670651524208012
xerces,908,62908,1673,0.015540944411237299,,0.09025702331141662
xerces,909,62909,1673,0.017931858936043037,,0.096832038254632394
xerces,910,62910,1673,0.009563658099222952,,0.081888822474596529
xerces,911,62911,1673,0.010161386730424387,,0.092050209205020925
xerces,912,62912,1673,0.008368200836820083,,0.093245666467423785
xerces,913,62913,1673,0.01434548714883443,,0.098625224148236698
xerces,914,62914,1673,0.009563658099222952,,0.081291093843395099
xerces,915,62915,1673,0.0041841004184100415,,0.084279736999402277
xerces,916,62916,1673,0.011356843992827256,,0.094441123729826659
xerces,917,62917,1673,0.015540944411237299,,0.086670651524208012
xerces,918,62918,1673,0.009563658099222952,,0.093843395098625229
xerces,919,62919,1673,0.012552301255230125,,0.090854751942618051
xerces,920,62920,1673,0.009563658099222952,,0.093245666467423785
xerces,921,62921,1673,0.010161386730424387,,0.083682008368200833
xerces,922,62922,1673,0.011954572624028692,,0.10400478182904961
xerces,923,62923,1673,0.013150029886431561,,0.083682008368200833
xerces,924,62924,1673,0.011954572624028692,,0.085475194261805137
xerces,925,62925,1673,0.013747758517632994,,0.084877465630603707
xerces,926,62926,1673,0.015540944411237299,,0.084877465630603707
xerces,927,62927,1673,0.010161386730424387,,0.086072922893006582
xerces,928,62928,1673,0.0065750149432157803,,0.080693365212193668
xerces,929,62929,1673,0.012552301255230125,,0.093245666467423785
xerces,930,62930,1673,0.012552301255230125,,0.081291093843395099
xerces,931,62931,1673,0.015540944411237299,,0.093843395098625229
xerces,932,62932,1673,0.0089659294680215183,,0.093843395098625229
xerces,933,62933,1673,0.013150029886431561,,0.099222952779438128
xerces,934,62934,1673,0.014943215780035863,,0.093843395098625229
xerces,935,62935,1673,0.013150029886431561,,0.087866108786610872
xerces,936,62936,1673,0.01434548714883443,,0.084877465630603707
xerces,937,62937,1673,0.011954572624028692,,0.092647937836222355
xerces,938,62938,1673,0.0077704722056186493,,0.087268380155409442
xerces,939,62939,1673,0.011954572624028692,,0.082486551105797973
xerces,940,62940,1673,0.011356843992827256,,0.075313807531380755
xerces,941,62941,1673,0.012552301255230125,,0.100418410041841
xerces,942,62942,1673,0.0077704722056186493,,0.083682008368200833
xerces,943,62943,1673,0.011954572624028692,,0.089061566049013746
xerces,944,62944,1673,0.011954572624028692,,0.082486551105797973
xerces,945,62945,1673,0.008368200836820083,,0.082486551105797973
xerces,946,62946,1673,0.011356843992827256,,0.093245666467423785
xerces,947,62947,1673,0.010759115361625823,,0.097429766885833838
xerces,948,62948,1673,0.009563658099222952,,0.084877465630603707
xerces,949,62949,1673,0.011954572624028692,,0.089061566049013746
xerces,950,62950,1673,0.013150029886431561,,0.075313807531380755
xerces,951,62951,1673,0.011356843992827256,,0.076509264793783616
xerces,952,62952,1673,0.011954572624028692,,0.084279736999402277
xerces,953,62953,1673,0.010759115361625823,,0.080693365212193668
xerces,954,62954,1673,0.013150029886431561,,0.080693365212193668
xerces,955,62955,1673,0.009563658099222952,,0.091452480573819481
xerces,956,62956,1673,0.010161386730424387,,0.092647937836222355
xerces,957,62957,1673,0.012552301255230125,,0.097429766885833838
xerces,958,62958,1673,0.013150029886431561,,0.098027495517035268
xerces,959,62959,1673,0.01434548714883443,,0.099820681410639572
xerces,960,62960,1673,0.012552301255230125,,0.088463837417812316
xerces,961,62961,1673,0.0077704722056186493,,0.078900179318589364
xerces,962,62962,1673,0.008368200836820083,,0.09025702331141662
xerces,963,62963,1673,0.011954572624028692,,0.081291093843395099
xerces,964,62964,1673,0.008368200836820083,,0.084877465630603707
xerces,965,62965,1673,0.0077704722056186493,,0.083084279736999403
xerces,966,62966,1673,0.0059772863120143458,,0.090854751942618051
xerces,967,62967,1673,0.010759115361625823,,0.085475194261805137
xerces,968,62968,1673,0.0089659294680215183,,0.081291093843395099
xerces,969,62969,1673,0.013150029886431561,,0.083084279736999403
xerces,970,62970,1673,0.011356843992827256,,0.081291093843395099
xerces,971,62971,1673,0.01434548714883443,,0.094441123729826659
xerces,972,62972,1673,0.010759115361625823,,0.080693365212193668
xerces,973,62973,1673,0.009563658099222952,,0.07770472205618649
xerces,974,62974,1673,0.012552301255230125,,0.086670651524208012
xerces,975,62975,1673,0.012552301255230125,,0.09025702331141662
xerces,976,62976,1673,0.0089659294680215183,,0.075313807531380755
xerces,977,62977,1673,0.016138673042438732,,0.086072922893006582
xerces,978,62978,1673,0.008368200836820083,,0.07830245068738792
xerces,979,62979,1673,0.008368200836820083,,0.083084279736999403
xerces,980,62980,1673,0.015540944411237299,,0.10579796772265392
xerces,981,62981,1673,0.0065750149432157803,,0.084877465630603707
xerces,982,62982,1673,0.012552301255230125,,0.086072922893006582
xerces,983,62983,1673,0.011356843992827256,,0.093843395098625229
xerces,984,62984,1673,0.01434548714883443,,0.087866108786610872
xerces,985,62985,1673,0.01434548714883443,,0.09025702331141662
xerces,986,62986,1673,0.013747758517632994,,0.080095636580992224
xerces,987,62987,1673,0.011356843992827256,,0.086670651524208012
xerces,988,62988,1673,0.013150029886431561,,0.071727435744172147
xerces,989,62989,1673,0.0059772863120143458,,0.075313807531380755
xerces,990,62990,1673,0.012552301255230125,,0.07830245068738792
xerces,991,62991,1673,0.008368200836820083,,0.088463837417812316
xerces,992,62992,1673,0.011356843992827256,,0.094441123729826659
xerces,993,62993,1673,0.009563658099222952,,0.07830245068738792
xerces,994,62994,1673,0.014943215780035863,,0.09025702331141662
xerces,995,62995,1673,0.009563658099222952,,0.092050209205020925
xerces,996,62996,1673,0.015540944411237299,,0.096234309623430964
xerces,997,62997,1673,0.011954572624028692,,0.093245666467423785
xerces,998,62998,1673,0.011356843992827256,,0.082486551105797973
xerces,999,62999,1673,0.015540944411237299,,0.083084279736999403
